ISO-10303-21;
HEADER;
FILE_DESCRIPTION(('ViewDefinition[DesignTransferView]'),'2;1');
FILE_NAME('s03-activity.ifc','2026-10-02T01:54:16+08:00',(''),(''),'IfcOpenShell 0.8.5-post1','Bonsai 0.8.5-post1','Nobody');
FILE_SCHEMA(('IFC4'));
ENDSEC;
DATA;
#1=IFCPROJECT('3JCIP3CN95KPmYUks5MIPP',$,'My Project',$,$,$,$,(#10,#22),#5);
#2=IFCSIUNIT(*,.LENGTHUNIT.,$,.METRE.);
#3=IFCSIUNIT(*,.AREAUNIT.,$,.SQUARE_METRE.);
#4=IFCSIUNIT(*,.VOLUMEUNIT.,$,.CUBIC_METRE.);
#5=IFCUNITASSIGNMENT((#3,#4,#2));
#6=IFCCARTESIANPOINT((0.,0.,0.));
#7=IFCDIRECTION((0.,0.,1.));
#8=IFCDIRECTION((1.,0.,0.));
#9=IFCAXIS2PLACEMENT3D(#6,#7,#8);
#10=IFCGEOMETRICREPRESENTATIONCONTEXT($,'Model',3,1.0000000000000001E-05,#9,$);
#11=IFCGEOMETRICREPRESENTATIONSUBCONTEXT('Body','Model',*,*,*,*,#10,$,.MODEL_VIEW.,$);
#12=IFCGEOMETRICREPRESENTATIONSUBCONTEXT('Axis','Model',*,*,*,*,#10,$,.GRAPH_VIEW.,$);
#13=IFCGEOMETRICREPRESENTATIONSUBCONTEXT('Box','Model',*,*,*,*,#10,$,.MODEL_VIEW.,$);
#14=IFCGEOMETRICREPRESENTATIONSUBCONTEXT('Annotation','Model',*,*,*,*,#10,$,.SECTION_VIEW.,$);
#15=IFCGEOMETRICREPRESENTATIONSUBCONTEXT('Annotation','Model',*,*,*,*,#10,$,.ELEVATION_VIEW.,$);
#16=IFCGEOMETRICREPRESENTATIONSUBCONTEXT('Annotation','Model',*,*,*,*,#10,$,.MODEL_VIEW.,$);
#17=IFCGEOMETRICREPRESENTATIONSUBCONTEXT('Annotation','Model',*,*,*,*,#10,$,.PLAN_VIEW.,$);
#18=IFCGEOMETRICREPRESENTATIONSUBCONTEXT('Profile','Model',*,*,*,*,#10,$,.ELEVATION_VIEW.,$);
#19=IFCCARTESIANPOINT((0.,0.));
#20=IFCDIRECTION((1.,0.));
#21=IFCAXIS2PLACEMENT2D(#19,#20);
#22=IFCGEOMETRICREPRESENTATIONCONTEXT($,'Plan',2,1.0000000000000001E-05,#21,$);
#23=IFCGEOMETRICREPRESENTATIONSUBCONTEXT('Axis','Plan',*,*,*,*,#22,$,.GRAPH_VIEW.,$);
#24=IFCGEOMETRICREPRESENTATIONSUBCONTEXT('Body','Plan',*,*,*,*,#22,$,.PLAN_VIEW.,$);
#25=IFCGEOMETRICREPRESENTATIONSUBCONTEXT('Annotation','Plan',*,*,*,*,#22,$,.PLAN_VIEW.,$);
#26=IFCGEOMETRICREPRESENTATIONSUBCONTEXT('Annotation','Plan',*,*,*,*,#22,$,.REFLECTED_PLAN_VIEW.,$);
#27=IFCSITE('15ThLq61DCjxizPLCbyHhE',$,'My Site',$,$,#50,$,$,$,$,$,$,$,$);
#33=IFCBUILDING('2GNUFJ0xr9sP2oAA58eDmu',$,'My Building',$,$,#56,$,$,$,$,$,$);
#39=IFCBUILDINGSTOREY('3bqKCxNXj3GgF8ifiFj90Y',$,'2F',$,$,#5477,$,$,$,$);
#45=IFCRELAGGREGATES('0oT7jVEMv9u8gmeB9$ypP_',$,$,$,#1,(#27));
#46=IFCCARTESIANPOINT((0.,0.,0.));
#47=IFCDIRECTION((0.,0.,1.));
#48=IFCDIRECTION((1.,0.,0.));
#49=IFCAXIS2PLACEMENT3D(#46,#47,#48);
#50=IFCLOCALPLACEMENT($,#49);
#51=IFCRELAGGREGATES('1D_R7AYX9EC8pKLH129XsD',$,$,$,#27,(#33));
#52=IFCCARTESIANPOINT((0.,0.,0.));
#53=IFCDIRECTION((0.,0.,1.));
#54=IFCDIRECTION((1.,0.,0.));
#55=IFCAXIS2PLACEMENT3D(#52,#53,#54);
#56=IFCLOCALPLACEMENT(#50,#55);
#57=IFCRELAGGREGATES('0Vql$XQ8TCE92yJrja15qm',$,$,$,#33,(#63,#11344,#39));
#63=IFCBUILDING('1sDntlvOX8bPOnbKBTvaT1',$,'GF',$,$,#79,$,$,$,$,$,$);
#75=IFCCARTESIANPOINT((0.,0.,0.));
#76=IFCDIRECTION((0.,0.,1.));
#77=IFCDIRECTION((1.,0.,0.));
#78=IFCAXIS2PLACEMENT3D(#75,#76,#77);
#79=IFCLOCALPLACEMENT(#56,#78);
#80=IFCWALLTYPE('3h$w4RHRfCJQmmN6lk5e6R',$,'Unnamed',$,$,(#85),$,$,$,.SOLIDWALL.);
#81=IFCMATERIAL('Unknown',$,$);
#82=IFCMATERIALLAYERSET((#84),$,$);
#83=IFCRELASSOCIATESMATERIAL('0v7bhzaV98mOE_wkZ1RtZD',$,$,$,(#80),#82);
#84=IFCMATERIALLAYER(#81,0.10000000000000001,$,$,$,$,$);
#85=IFCPROPERTYSET('2l5HzV_M1A9AhpJgf8aIMP',$,'EPset_Parametric',$,(#86));
#86=IFCPROPERTYSINGLEVALUE('LayerSetDirection',$,IFCLABEL('AXIS2'),$);
#87=IFCWALL('1cXdyuZU9Dl9NX9p$Vgp1d',$,'Wall',$,$,#625,#95,$,$);
#88=IFCRELCONTAINEDINSPATIALSTRUCTURE('3P1pV7UAD2AAMziXvvp8jt',$,$,$,(#715,#189,#114,#849,#214,#3459,#1790,#639,#1177,#1498,#139,#874,#239,#164,#264,#2889,#4325,#1248,#2082,#677,#2533,#87),#63);
#89=IFCRELDEFINESBYTYPE('23BrBXwyDDv858M0QGBpMH',$,$,$,(#849,#214,#7354,#639,#5634,#5964,#139,#6788,#6723,#874,#239,#164,#264,#5939,#5989,#677,#5847,#5584,#87,#5609,#715,#6685,#189,#6014,#114,#5533),#80);
#90=IFCMATERIALLAYERSETUSAGE(#82,.AXIS2.,.POSITIVE.,0.,$);
#91=IFCRELASSOCIATESMATERIAL('0f5vi__L17ax90ME2ibJVn',$,$,$,(#87),#90);
#95=IFCPRODUCTDEFINITIONSHAPE($,$,(#620,#617));
#111=IFCPROPERTYSET('28XP3YHNv9Y9ISFlZG6z6n',$,'EPset_Parametric',$,(#113));
#112=IFCRELDEFINESBYPROPERTIES('1VyYvAVHjBJ8KYiyS4lR4n',$,$,$,(#87),#111);
#113=IFCPROPERTYSINGLEVALUE('Engine',$,IFCLABEL('Bonsai.DumbLayer2'),$);
#114=IFCWALL('2w9Rg0zcb7MQo57r0RWTZt',$,'Wall',$,$,#125,#120,$,$);
#115=IFCMATERIALLAYERSETUSAGE(#82,.AXIS2.,.POSITIVE.,0.,$);
#116=IFCRELASSOCIATESMATERIAL('3yTcXWe1b2feLQY0JE86lo',$,$,$,(#114),#115);
#120=IFCPRODUCTDEFINITIONSHAPE($,$,(#451,#448));
#121=IFCCARTESIANPOINT((4.2266049385070801,-2.5901062488555908,0.));
#122=IFCDIRECTION((0.,0.,1.));
#123=IFCDIRECTION((7.5497901264043109E-08,0.99999999999999711,0.));
#124=IFCAXIS2PLACEMENT3D(#121,#122,#123);
#125=IFCLOCALPLACEMENT(#79,#124);
#136=IFCPROPERTYSET('2Hm0vuGGr8bu$IgVLCJ94o',$,'EPset_Parametric',$,(#138));
#137=IFCRELDEFINESBYPROPERTIES('1GuctWlZT0_QrJLHQsr0hr',$,$,$,(#114),#136);
#138=IFCPROPERTYSINGLEVALUE('Engine',$,IFCLABEL('Bonsai.DumbLayer2'),$);
#139=IFCWALL('33R8PKfWH5PBPWPDIPR2p$',$,'Wall',$,$,#438,#145,$,$);
#140=IFCMATERIALLAYERSETUSAGE(#82,.AXIS2.,.POSITIVE.,0.,$);
#141=IFCRELASSOCIATESMATERIAL('2lXxdeVzHEb92mTvQC8iV7',$,$,$,(#139),#140);
#145=IFCPRODUCTDEFINITIONSHAPE($,$,(#483,#480));
#161=IFCPROPERTYSET('3jmHvAUJ97dxNtzkbmRF0z',$,'EPset_Parametric',$,(#163));
#162=IFCRELDEFINESBYPROPERTIES('0dxWEUimf1NwOOx2kmksHg',$,$,$,(#139),#161);
#163=IFCPROPERTYSINGLEVALUE('Engine',$,IFCLABEL('Bonsai.DumbLayer2'),$);
#164=IFCWALL('3gpBtVTPr70w6AjSXVWzxo',$,'Wall',$,$,#470,#170,$,$);
#165=IFCMATERIALLAYERSETUSAGE(#82,.AXIS2.,.POSITIVE.,0.,$);
#166=IFCRELASSOCIATESMATERIAL('0vn60lcxr5wfBCi9W9AAJf',$,$,$,(#164),#165);
#170=IFCPRODUCTDEFINITIONSHAPE($,$,(#510,#507));
#186=IFCPROPERTYSET('3MTFgoat56tw358XFtBthB',$,'EPset_Parametric',$,(#188));
#187=IFCRELDEFINESBYPROPERTIES('0t_CxS0yXBYR6DScU5IJVE',$,$,$,(#164),#186);
#188=IFCPROPERTYSINGLEVALUE('Engine',$,IFCLABEL('Bonsai.DumbLayer2'),$);
#189=IFCWALL('09DtCzc69ElQvPue1RPHx0',$,'Wall',$,$,#200,#195,$,$);
#190=IFCMATERIALLAYERSETUSAGE(#82,.AXIS2.,.POSITIVE.,0.,$);
#191=IFCRELASSOCIATESMATERIAL('3q_oR8KhT7sAM$gOPiKZX9',$,$,$,(#189),#190);
#195=IFCPRODUCTDEFINITIONSHAPE($,$,(#2334,#2331));
#196=IFCCARTESIANPOINT((0.77660453319549561,5.0098938941955566,0.));
#197=IFCDIRECTION((0.,0.,1.));
#198=IFCDIRECTION((-0.99999999999992428,3.8941436741876494E-07,0.));
#199=IFCAXIS2PLACEMENT3D(#196,#197,#198);
#200=IFCLOCALPLACEMENT(#79,#199);
#211=IFCPROPERTYSET('0l$LBVmoHAqvyBgWvq_dBX',$,'EPset_Parametric',$,(#213));
#212=IFCRELDEFINESBYPROPERTIES('3SwDaQHkjEnfWyr2jphzHp',$,$,$,(#189),#211);
#213=IFCPROPERTYSINGLEVALUE('Engine',$,IFCLABEL('Bonsai.DumbLayer2'),$);
#214=IFCWALL('1qiQrtr9r0UuPco8e4rdTF',$,'Wall',$,$,#529,#220,$,$);
#215=IFCMATERIALLAYERSETUSAGE(#82,.AXIS2.,.POSITIVE.,0.,$);
#216=IFCRELASSOCIATESMATERIAL('1hvXOO_Kj8nR$ijeJF3AlD',$,$,$,(#214),#215);
#220=IFCPRODUCTDEFINITIONSHAPE($,$,(#2347,#2344));
#236=IFCPROPERTYSET('1fVkUhNgD35836BJk7v4ED',$,'EPset_Parametric',$,(#238));
#237=IFCRELDEFINESBYPROPERTIES('204w$M5DjCQwNzG8boshJ9',$,$,$,(#214),#236);
#238=IFCPROPERTYSINGLEVALUE('Engine',$,IFCLABEL('Bonsai.DumbLayer2'),$);
#239=IFCWALL('3PvPpvtsD0dekvcRfqHNmb',$,'Wall',$,$,#561,#245,$,$);
#240=IFCMATERIALLAYERSETUSAGE(#82,.AXIS2.,.POSITIVE.,0.,$);
#241=IFCRELASSOCIATESMATERIAL('1KEzNoKBz03hqxeGgCbrro',$,$,$,(#239),#240);
#245=IFCPRODUCTDEFINITIONSHAPE($,$,(#606,#603));
#261=IFCPROPERTYSET('2cyupkdkf3Ev0Hho_w7MEd',$,'EPset_Parametric',$,(#263));
#262=IFCRELDEFINESBYPROPERTIES('0swkboYr54t81W1i$lV383',$,$,$,(#239),#261);
#263=IFCPROPERTYSINGLEVALUE('Engine',$,IFCLABEL('Bonsai.DumbLayer2'),$);
#264=IFCWALL('2Nu8ybR9nFUx2jgT9o4biN',$,'Wall',$,$,#593,#270,$,$);
#265=IFCMATERIALLAYERSETUSAGE(#82,.AXIS2.,.POSITIVE.,0.,$);
#266=IFCRELASSOCIATESMATERIAL('0E5hRPmD11rPxMsSKanDGr',$,$,$,(#264),#265);
#270=IFCPRODUCTDEFINITIONSHAPE($,$,(#638,#635));
#286=IFCPROPERTYSET('32r8IWiOPA5gJvz14tVM4Z',$,'EPset_Parametric',$,(#288));
#287=IFCRELDEFINESBYPROPERTIES('3ad$lS09nEQ8scOLpPy9oP',$,$,$,(#264),#286);
#288=IFCPROPERTYSINGLEVALUE('Engine',$,IFCLABEL('Bonsai.DumbLayer2'),$);
#393=IFCRELCONNECTSPATHELEMENTS('3p$ECfIB51buDguBSlBBXu',$,$,$,$,#114,#87,(),(),.ATEND.,.ATSTART.);
#420=IFCRELCONNECTSPATHELEMENTS('0qbc$LSGf6FA$_ez5zU8UQ',$,$,$,$,#139,#114,(),(),.ATEND.,.ATSTART.);
#434=IFCCARTESIANPOINT((4.2266056255380287,6.5098943710328907,0.));
#435=IFCDIRECTION((0.,0.,1.));
#436=IFCDIRECTION((-0.99999999999998868,-1.5099580252808492E-07,0.));
#437=IFCAXIS2PLACEMENT3D(#434,#435,#436);
#438=IFCLOCALPLACEMENT(#79,#437);
#439=IFCCARTESIANPOINTLIST2D(((0.,0.),(0.099999992450210157,0.10000000000000001),(9.0000005972391328,0.10000000000000001),(9.1000006198885064,0.)));
#440=IFCINDEXEDPOLYCURVE(#439,(IFCLINEINDEX((1,2,3,4,1))),$);
#441=IFCARBITRARYCLOSEDPROFILEDEF(.AREA.,$,#440);
#442=IFCCARTESIANPOINT((0.,0.,0.));
#443=IFCDIRECTION((0.,0.,1.));
#444=IFCDIRECTION((1.,0.,0.));
#445=IFCAXIS2PLACEMENT3D(#442,#443,#444);
#446=IFCDIRECTION((0.,0.,1.));
#447=IFCEXTRUDEDAREASOLID(#441,#445,#446,3.);
#448=IFCSHAPEREPRESENTATION(#11,'Body','SweptSolid',(#447));
#449=IFCCARTESIANPOINTLIST2D(((0.,0.),(9.1000006198885064,0.)));
#450=IFCINDEXEDPOLYCURVE(#449,$,$);
#451=IFCSHAPEREPRESENTATION(#23,'Axis','Curve2D',(#450));
#452=IFCRELCONNECTSPATHELEMENTS('1KVasXNbb218T_g1qcR1jh',$,$,$,$,#164,#139,(),(),.ATEND.,.ATSTART.);
#466=IFCCARTESIANPOINT((0.77660441398620939,6.5098938500971899,0.));
#467=IFCDIRECTION((0.,0.,1.));
#468=IFCDIRECTION((7.5497901264043123E-08,-0.99999999999999722,0.));
#469=IFCAXIS2PLACEMENT3D(#466,#467,#468);
#470=IFCLOCALPLACEMENT(#79,#469);
#471=IFCCARTESIANPOINTLIST2D(((0.,0.),(0.10000002264937295,0.10000000000000001),(3.3500012191016491,0.10000000000000001),(3.450001211551859,0.)));
#472=IFCINDEXEDPOLYCURVE(#471,(IFCLINEINDEX((1,2,3,4,1))),$);
#473=IFCARBITRARYCLOSEDPROFILEDEF(.AREA.,$,#472);
#474=IFCCARTESIANPOINT((0.,0.,0.));
#475=IFCDIRECTION((0.,0.,1.));
#476=IFCDIRECTION((1.,0.,0.));
#477=IFCAXIS2PLACEMENT3D(#474,#475,#476);
#478=IFCDIRECTION((0.,0.,1.));
#479=IFCEXTRUDEDAREASOLID(#473,#477,#478,3.);
#480=IFCSHAPEREPRESENTATION(#11,'Body','SweptSolid',(#479));
#481=IFCCARTESIANPOINTLIST2D(((0.,0.),(3.450001211551859,0.)));
#482=IFCINDEXEDPOLYCURVE(#481,$,$);
#483=IFCSHAPEREPRESENTATION(#23,'Axis','Curve2D',(#482));
#484=IFCRELCONNECTSPATHELEMENTS('03XM1igd5DQQEY0S0GUrW2',$,$,$,$,#189,#164,(),(),.ATEND.,.ATSTART.);
#498=IFCCARTESIANPOINTLIST2D(((0.,0.),(0.099999992450210171,0.10000000000000001),(1.6000000023928718,0.10000000000000001),(1.4999999559016342,0.)));
#499=IFCINDEXEDPOLYCURVE(#498,(IFCLINEINDEX((1,2,3,4,1))),$);
#500=IFCARBITRARYCLOSEDPROFILEDEF(.AREA.,$,#499);
#501=IFCCARTESIANPOINT((0.,0.,0.));
#502=IFCDIRECTION((0.,0.,1.));
#503=IFCDIRECTION((1.,0.,0.));
#504=IFCAXIS2PLACEMENT3D(#501,#502,#503);
#505=IFCDIRECTION((0.,0.,1.));
#506=IFCEXTRUDEDAREASOLID(#500,#504,#505,3.);
#507=IFCSHAPEREPRESENTATION(#11,'Body','SweptSolid',(#506));
#508=IFCCARTESIANPOINTLIST2D(((0.,0.),(1.4999999559016342,0.)));
#509=IFCINDEXEDPOLYCURVE(#508,$,$);
#510=IFCSHAPEREPRESENTATION(#23,'Axis','Curve2D',(#509));
#525=IFCCARTESIANPOINT((-2.7733955383301465,5.0098952766165885,0.));
#526=IFCDIRECTION((0.,0.,1.));
#527=IFCDIRECTION((7.5497901264043123E-08,-0.99999999999999722,0.));
#528=IFCAXIS2PLACEMENT3D(#525,#526,#527);
#529=IFCLOCALPLACEMENT(#79,#528);
#543=IFCRELCONNECTSPATHELEMENTS('1M8EbDSLL15vMJcZzqQW_3',$,$,$,$,#239,#214,(),(),.ATEND.,.ATSTART.);
#557=IFCCARTESIANPOINT((-2.7733951532907888,-0.090105533599853516,0.));
#558=IFCDIRECTION((0.,0.,1.));
#559=IFCDIRECTION((1.,0.,0.));
#560=IFCAXIS2PLACEMENT3D(#557,#558,#559);
#561=IFCLOCALPLACEMENT(#79,#560);
#575=IFCRELCONNECTSPATHELEMENTS('0gDizBpFH669MwyrcONA72',$,$,$,$,#264,#239,(),(),.ATEND.,.ATSTART.);
#589=IFCCARTESIANPOINT((0.22660493850709695,-0.090105533599853502,0.));
#590=IFCDIRECTION((0.,0.,1.));
#591=IFCDIRECTION((7.5497901264043123E-08,-0.99999999999999722,0.));
#592=IFCAXIS2PLACEMENT3D(#589,#590,#591);
#593=IFCLOCALPLACEMENT(#79,#592);
#594=IFCCARTESIANPOINTLIST2D(((0.,0.),(0.099999992450210171,0.10000000000000001),(3.1000000842480957,0.10000000000000001),(3.0000000917978857,0.)));
#595=IFCINDEXEDPOLYCURVE(#594,(IFCLINEINDEX((1,2,3,4,1))),$);
#596=IFCARBITRARYCLOSEDPROFILEDEF(.AREA.,$,#595);
#597=IFCCARTESIANPOINT((0.,0.,0.));
#598=IFCDIRECTION((0.,0.,1.));
#599=IFCDIRECTION((1.,0.,0.));
#600=IFCAXIS2PLACEMENT3D(#597,#598,#599);
#601=IFCDIRECTION((0.,0.,1.));
#602=IFCEXTRUDEDAREASOLID(#596,#600,#601,3.);
#603=IFCSHAPEREPRESENTATION(#11,'Body','SweptSolid',(#602));
#604=IFCCARTESIANPOINTLIST2D(((0.,0.),(3.0000000917978857,0.)));
#605=IFCINDEXEDPOLYCURVE(#604,$,$);
#606=IFCSHAPEREPRESENTATION(#23,'Axis','Curve2D',(#605));
#607=IFCRELCONNECTSPATHELEMENTS('2_gJedQXz12gZtujmAbN7_',$,$,$,$,#87,#264,(),(),.ATEND.,.ATSTART.);
#608=IFCCARTESIANPOINTLIST2D(((0.,0.),(0.099999992450210171,0.10000000000000001),(3.8999998188049658,0.10000000000000001),(3.9999998112551758,0.)));
#609=IFCINDEXEDPOLYCURVE(#608,(IFCLINEINDEX((1,2,3,4,1))),$);
#610=IFCARBITRARYCLOSEDPROFILEDEF(.AREA.,$,#609);
#611=IFCCARTESIANPOINT((0.,0.,0.));
#612=IFCDIRECTION((0.,0.,1.));
#613=IFCDIRECTION((1.,0.,0.));
#614=IFCAXIS2PLACEMENT3D(#611,#612,#613);
#615=IFCDIRECTION((0.,0.,1.));
#616=IFCEXTRUDEDAREASOLID(#610,#614,#615,3.);
#617=IFCSHAPEREPRESENTATION(#11,'Body','SweptSolid',(#616));
#618=IFCCARTESIANPOINTLIST2D(((0.,0.),(3.9999998112551758,0.)));
#619=IFCINDEXEDPOLYCURVE(#618,$,$);
#620=IFCSHAPEREPRESENTATION(#23,'Axis','Curve2D',(#619));
#621=IFCCARTESIANPOINT((0.22660512725190413,-2.5901062488555908,0.));
#622=IFCDIRECTION((0.,0.,1.));
#623=IFCDIRECTION((1.,0.,0.));
#624=IFCAXIS2PLACEMENT3D(#621,#622,#623);
#625=IFCLOCALPLACEMENT(#79,#624);
#626=IFCCARTESIANPOINTLIST2D(((0.,0.),(-0.099999992450210157,0.10000000000000001),(2.4000007228055344,0.10000000000000001),(2.5000007152557444,0.)));
#627=IFCINDEXEDPOLYCURVE(#626,(IFCLINEINDEX((1,2,3,4,1))),$);
#628=IFCARBITRARYCLOSEDPROFILEDEF(.AREA.,$,#627);
#629=IFCCARTESIANPOINT((0.,0.,0.));
#630=IFCDIRECTION((0.,0.,1.));
#631=IFCDIRECTION((1.,0.,0.));
#632=IFCAXIS2PLACEMENT3D(#629,#630,#631);
#633=IFCDIRECTION((0.,0.,1.));
#634=IFCEXTRUDEDAREASOLID(#628,#632,#633,3.);
#635=IFCSHAPEREPRESENTATION(#11,'Body','SweptSolid',(#634));
#636=IFCCARTESIANPOINTLIST2D(((0.,0.),(2.5000007152557444,0.)));
#637=IFCINDEXEDPOLYCURVE(#636,$,$);
#638=IFCSHAPEREPRESENTATION(#23,'Axis','Curve2D',(#637));
#639=IFCWALL('3Ou_RemF5CFuFP0H7XGjeh',$,'Wall',$,$,#650,#645,$,$);
#640=IFCMATERIALLAYERSETUSAGE(#82,.AXIS2.,.POSITIVE.,0.,$);
#641=IFCRELASSOCIATESMATERIAL('2X4IEmhoT1wBw$SVqArrAG',$,$,$,(#639),#640);
#645=IFCPRODUCTDEFINITIONSHAPE($,$,(#1021,#1018));
#646=IFCCARTESIANPOINT((0.3266049325466156,0.0098944799974560738,0.));
#647=IFCDIRECTION((0.,0.,1.));
#648=IFCDIRECTION((7.5497901264043109E-08,0.99999999999999711,0.));
#649=IFCAXIS2PLACEMENT3D(#646,#647,#648);
#650=IFCLOCALPLACEMENT(#79,#649);
#661=IFCPROPERTYSET('2rhvbZlrTFeuAsQ3OnxKiJ',$,'EPset_Parametric',$,(#663));
#662=IFCRELDEFINESBYPROPERTIES('2rEUFR85b5W9CV9wSmHgUV',$,$,$,(#639),#661);
#663=IFCPROPERTYSINGLEVALUE('Engine',$,IFCLABEL('Bonsai.DumbLayer2'),$);
#677=IFCWALL('1jZ13oAxH97gFClA2sPgyf',$,'Wall',$,$,#1039,#683,$,$);
#678=IFCMATERIALLAYERSETUSAGE(#82,.AXIS2.,.POSITIVE.,0.,$);
#679=IFCRELASSOCIATESMATERIAL('3qW3xVTxP0cgKZAKaOXwvQ',$,$,$,(#677),#678);
#683=IFCPRODUCTDEFINITIONSHAPE($,$,(#1034,#1031));
#699=IFCPROPERTYSET('371rDU7G1CMP5xJxNVpGhx',$,'EPset_Parametric',$,(#701));
#700=IFCRELDEFINESBYPROPERTIES('0JzLASdSTE$BVpdlGEPY2T',$,$,$,(#677),#699);
#701=IFCPROPERTYSINGLEVALUE('Engine',$,IFCLABEL('Bonsai.DumbLayer2'),$);
#715=IFCWALL('0gZAQa0brFFuVLadu1kdak',$,'Wall',$,$,#962,#721,$,$);
#716=IFCMATERIALLAYERSETUSAGE(#82,.AXIS2.,.POSITIVE.,0.,$);
#717=IFCRELASSOCIATESMATERIAL('2RdbOMNuD8afQIkbv7X$Wv',$,$,$,(#715),#716);
#721=IFCPRODUCTDEFINITIONSHAPE($,$,(#957,#954));
#737=IFCPROPERTYSET('0ND4jnevbEjeyaeZyDRbHI',$,'EPset_Parametric',$,(#739));
#738=IFCRELDEFINESBYPROPERTIES('1w9Ck5yM13B9KtToU94PKH',$,$,$,(#715),#737);
#739=IFCPROPERTYSINGLEVALUE('Engine',$,IFCLABEL('Bonsai.DumbLayer2'),$);
#817=IFCRELCONNECTSPATHELEMENTS('0v4D3NqmzD2v_QwqqPGLfe',$,$,$,$,#715,#189,(),(),.ATPATH.,.ATEND.);
#849=IFCWALL('0NNzLo8CP6mBi$RF9EHodv',$,'Wall',$,$,#916,#860,$,$);
#855=IFCRELDEFINESBYPROPERTIES('2bpeRTvND8cBeS2sAWn7EU',$,$,$,(#849),#856);
#856=IFCPROPERTYSET('0hl0on3bn8sOm8ZK2Rb64r',$,'EPset_Parametric',$,(#857));
#857=IFCPROPERTYSINGLEVALUE('Engine',$,IFCLABEL('Bonsai.DumbLayer2'),$);
#858=IFCRELASSOCIATESMATERIAL('02MqeHRD1C0RlKNi5tfUnh',$,$,$,(#849),#859);
#859=IFCMATERIALLAYERSETUSAGE(#82,.AXIS2.,.POSITIVE.,0.,$);
#860=IFCPRODUCTDEFINITIONSHAPE($,$,(#2293,#2290));
#874=IFCWALL('0d_i46aEj7rOyR8wT99MV9',$,'Wall',$,$,#980,#880,$,$);
#875=IFCMATERIALLAYERSETUSAGE(#82,.AXIS2.,.POSITIVE.,0.,$);
#876=IFCRELASSOCIATESMATERIAL('3iggnYllT3FgHEumekhs$Z',$,$,$,(#874),#875);
#880=IFCPRODUCTDEFINITIONSHAPE($,$,(#975,#972));
#896=IFCPROPERTYSET('08nOWeEr1FNgSGUqFeyBsV',$,'EPset_Parametric',$,(#898));
#897=IFCRELDEFINESBYPROPERTIES('3DTVZOUSn3zeohafjfZ3sc',$,$,$,(#874),#896);
#898=IFCPROPERTYSINGLEVALUE('Engine',$,IFCLABEL('Bonsai.DumbLayer2'),$);
#912=IFCCARTESIANPOINT((-1.1768920421600342,2.6098942756652832,0.));
#913=IFCDIRECTION((0.,0.,1.));
#914=IFCDIRECTION((1.9470718370939353E-07,0.99999999999998113,0.));
#915=IFCAXIS2PLACEMENT3D(#912,#913,#914);
#916=IFCLOCALPLACEMENT(#79,#915);
#917=IFCRELCONNECTSPATHELEMENTS('1JlaX4bBf8ahEn4AtVujwm',$,$,$,$,#874,#849,(),(),.ATPATH.,.ATEND.);
#944=IFCRELCONNECTSPATHELEMENTS('09LUJGe$z5QwDzKjX1MRi8',$,$,$,$,#715,#874,(),(),.ATSTART.,.ATSTART.);
#945=IFCCARTESIANPOINTLIST2D(((-0.10000000000000053,0.),(-1.0728440691387675E-08,0.10000000000000001),(1.3602291476730712,0.10000000000000001),(1.3602291282023529,0.)));
#946=IFCINDEXEDPOLYCURVE(#945,(IFCLINEINDEX((1,2,3,4,1))),$);
#947=IFCARBITRARYCLOSEDPROFILEDEF(.AREA.,$,#946);
#948=IFCCARTESIANPOINT((0.,0.,0.));
#949=IFCDIRECTION((0.,0.,1.));
#950=IFCDIRECTION((1.,0.,0.));
#951=IFCAXIS2PLACEMENT3D(#948,#949,#950);
#952=IFCDIRECTION((0.,0.,1.));
#953=IFCEXTRUDEDAREASOLID(#947,#951,#952,3.);
#954=IFCSHAPEREPRESENTATION(#11,'Body','SweptSolid',(#953));
#955=IFCCARTESIANPOINTLIST2D(((0.,0.),(1.4602291282023552,0.)));
#956=IFCINDEXEDPOLYCURVE(#955,$,$);
#957=IFCSHAPEREPRESENTATION(#23,'Axis','Curve2D',(#956));
#958=IFCCARTESIANPOINT((0.8766042631802532,3.5496647270517867,0.));
#959=IFCDIRECTION((0.,0.,1.));
#960=IFCDIRECTION((1.9470718370939353E-07,0.99999999999998113,0.));
#961=IFCAXIS2PLACEMENT3D(#958,#959,#960);
#962=IFCLOCALPLACEMENT(#79,#961);
#963=IFCCARTESIANPOINTLIST2D(((0.10000000000000057,0.),(1.0728440719143251E-08,0.10000000000000001),(2.0534961330886428,0.10000000000000001),(2.053496122360202,0.)));
#964=IFCINDEXEDPOLYCURVE(#963,(IFCLINEINDEX((1,2,3,4,1))),$);
#965=IFCARBITRARYCLOSEDPROFILEDEF(.AREA.,$,#964);
#966=IFCCARTESIANPOINT((0.,0.,0.));
#967=IFCDIRECTION((0.,0.,1.));
#968=IFCDIRECTION((1.,0.,0.));
#969=IFCAXIS2PLACEMENT3D(#966,#967,#968);
#970=IFCDIRECTION((0.,0.,1.));
#971=IFCEXTRUDEDAREASOLID(#965,#969,#970,3.);
#972=IFCSHAPEREPRESENTATION(#11,'Body','SweptSolid',(#971));
#973=IFCCARTESIANPOINTLIST2D(((0.,0.),(2.053496122360202,0.)));
#974=IFCINDEXEDPOLYCURVE(#973,$,$);
#975=IFCSHAPEREPRESENTATION(#23,'Axis','Curve2D',(#974));
#976=IFCCARTESIANPOINT((0.8766042631802532,3.5496647270517871,0.));
#977=IFCDIRECTION((0.,0.,1.));
#978=IFCDIRECTION((-0.99999999999999623,8.7422776573475527E-08,0.));
#979=IFCAXIS2PLACEMENT3D(#976,#977,#978);
#980=IFCLOCALPLACEMENT(#79,#979);
#981=IFCRELCONNECTSPATHELEMENTS('1v1VC51pH51gbBmA$vn2__',$,$,$,$,#677,#214,(),(),.ATPATH.,.ATEND.);
#1008=IFCRELCONNECTSPATHELEMENTS('3cClhyEFbBIeKNowiMGQY9',$,$,$,$,#639,#677,(),(),.ATSTART.,.ATEND.);
#1009=IFCCARTESIANPOINTLIST2D(((0.,0.),(0.,0.10000000000000001),(2.4999997968603496,0.10000000000000001),(2.5999997956678618,0.)));
#1010=IFCINDEXEDPOLYCURVE(#1009,(IFCLINEINDEX((1,2,3,4,1))),$);
#1011=IFCARBITRARYCLOSEDPROFILEDEF(.AREA.,$,#1010);
#1012=IFCCARTESIANPOINT((0.,0.,0.));
#1013=IFCDIRECTION((0.,0.,1.));
#1014=IFCDIRECTION((1.,0.,0.));
#1015=IFCAXIS2PLACEMENT3D(#1012,#1013,#1014);
#1016=IFCDIRECTION((0.,0.,1.));
#1017=IFCEXTRUDEDAREASOLID(#1011,#1015,#1016,3.);
#1018=IFCSHAPEREPRESENTATION(#11,'Body','SweptSolid',(#1017));
#1019=IFCCARTESIANPOINTLIST2D(((0.,0.),(2.5999997956678618,0.)));
#1020=IFCINDEXEDPOLYCURVE(#1019,$,$);
#1021=IFCSHAPEREPRESENTATION(#23,'Axis','Curve2D',(#1020));
#1022=IFCCARTESIANPOINTLIST2D(((0.,0.),(0.09999999880751248,0.10000000000000001),(3.0000004696842142,0.10000000000000001),(3.0000004859762823,0.)));
#1023=IFCINDEXEDPOLYCURVE(#1022,(IFCLINEINDEX((1,2,3,4,1))),$);
#1024=IFCARBITRARYCLOSEDPROFILEDEF(.AREA.,$,#1023);
#1025=IFCCARTESIANPOINT((0.,0.,0.));
#1026=IFCDIRECTION((0.,0.,1.));
#1027=IFCDIRECTION((1.,0.,0.));
#1028=IFCAXIS2PLACEMENT3D(#1025,#1026,#1027);
#1029=IFCDIRECTION((0.,0.,1.));
#1030=IFCEXTRUDEDAREASOLID(#1024,#1028,#1029,3.);
#1031=IFCSHAPEREPRESENTATION(#11,'Body','SweptSolid',(#1030));
#1032=IFCCARTESIANPOINTLIST2D(((0.,0.),(3.1000004859762837,0.)));
#1033=IFCINDEXEDPOLYCURVE(#1032,$,$);
#1034=IFCSHAPEREPRESENTATION(#23,'Axis','Curve2D',(#1033));
#1035=IFCCARTESIANPOINT((0.32660512884114345,2.6098942756653103,0.));
#1036=IFCDIRECTION((0.,0.,1.));
#1037=IFCDIRECTION((-0.99999999999999623,8.7422776573475527E-08,0.));
#1038=IFCAXIS2PLACEMENT3D(#1035,#1036,#1037);
#1039=IFCLOCALPLACEMENT(#79,#1038);
#1040=IFCDOORTYPE('2lS1dTZ4r5KQr3B9fK5Qws',$,'main-gf',$,$,(#1041),(#1050,#1128,#1147),$,$,.DOOR.,.SINGLE_SWING_LEFT.,$,$);
#1041=IFCPROPERTYSET('2rZ$HyHb9EKBPByhAB3eyU',$,'BBIM_Door',$,(#1042));
#1042=IFCPROPERTYSINGLEVALUE('Data',$,IFCTEXT('{"door_type": "SINGLE_SWING_LEFT", "overall_height": 2.0, "overall_width": 0.9372051954269409, "lining_properties": {"lining_depth": 0.05000000074505806, "lining_thickness": 0.05000000074505806, "lining_offset": 0.0, "lining_to_panel_offset_x": 0.02500000037252903, "lining_to_panel_offset_y": 0.02500000037252903, "transom_thickness": 0.0, "casing_thickness": 0.07500000298023224, "casing_depth": 0.004999999888241291, "threshold_thickness": 0.02500000037252903, "threshold_depth": 0.10000000149011612, "threshold_offset": 0.0}, "panel_properties": {"panel_depth": 0.03500000014901161, "panel_width_ratio": 1.0}}'),$);
#1046=IFCCARTESIANPOINT((0.,0.,0.));
#1047=IFCDIRECTION((1.,0.,0.));
#1048=IFCDIRECTION((0.,0.,1.));
#1049=IFCAXIS2PLACEMENT3D(#1046,#1048,#1047);
#1050=IFCREPRESENTATIONMAP(#1049,#1273);
#1124=IFCCARTESIANPOINT((0.,0.,0.));
#1125=IFCDIRECTION((1.,0.,0.));
#1126=IFCDIRECTION((0.,0.,1.));
#1127=IFCAXIS2PLACEMENT3D(#1124,#1126,#1125);
#1128=IFCREPRESENTATIONMAP(#1127,#1346);
#1143=IFCCARTESIANPOINT((0.,0.,0.));
#1144=IFCDIRECTION((1.,0.,0.));
#1145=IFCDIRECTION((0.,0.,1.));
#1146=IFCAXIS2PLACEMENT3D(#1143,#1145,#1144);
#1147=IFCREPRESENTATIONMAP(#1146,#1364);
#1177=IFCDOOR('35sOyAVef2cPsZnQpHVc3F',$,'Door',$,$,#1389,#1186,$,2.,0.93720519542694092,$,.SINGLE_SWING_LEFT.,$);
#1178=IFCRELDEFINESBYTYPE('1pSI8J0wv1CgVNz7ophr$f',$,$,$,(#1177),#1040);
#1179=IFCCARTESIANPOINT((0.,0.,0.));
#1180=IFCDIRECTION((1.,0.,0.));
#1181=IFCDIRECTION((0.,1.,0.));
#1182=IFCDIRECTION((0.,0.,1.));
#1183=IFCCARTESIANTRANSFORMATIONOPERATOR3D(#1180,#1181,#1179,1.,#1182);
#1184=IFCMAPPEDITEM(#1050,#1183);
#1185=IFCSHAPEREPRESENTATION(#18,'Profile','MappedRepresentation',(#1184));
#1186=IFCPRODUCTDEFINITIONSHAPE($,$,(#1185,#1193,#1200));
#1187=IFCCARTESIANPOINT((0.,0.,0.));
#1188=IFCDIRECTION((1.,0.,0.));
#1189=IFCDIRECTION((0.,1.,0.));
#1190=IFCDIRECTION((0.,0.,1.));
#1191=IFCCARTESIANTRANSFORMATIONOPERATOR3D(#1188,#1189,#1187,1.,#1190);
#1192=IFCMAPPEDITEM(#1128,#1191);
#1193=IFCSHAPEREPRESENTATION(#11,'Body','MappedRepresentation',(#1192));
#1194=IFCCARTESIANPOINT((0.,0.,0.));
#1195=IFCDIRECTION((1.,0.,0.));
#1196=IFCDIRECTION((0.,1.,0.));
#1197=IFCDIRECTION((0.,0.,1.));
#1198=IFCCARTESIANTRANSFORMATIONOPERATOR3D(#1195,#1196,#1194,1.,#1197);
#1199=IFCMAPPEDITEM(#1147,#1198);
#1200=IFCSHAPEREPRESENTATION(#24,'Body','MappedRepresentation',(#1199));
#1201=IFCOPENINGELEMENT('2OEC_xsY5128ir9FTVAyN4',$,'Opening',$,$,#1384,#1229,$,.OPENING.);
#1217=IFCCARTESIANPOINT((0.,0.,0.));
#1218=IFCDIRECTION((1.,0.,0.));
#1219=IFCDIRECTION((0.,0.,1.));
#1220=IFCAXIS2PLACEMENT3D(#1217,#1219,#1218);
#1221=IFCREPRESENTATIONMAP(#1220,#1374);
#1222=IFCCARTESIANPOINT((0.,0.,0.));
#1223=IFCDIRECTION((1.,0.,0.));
#1224=IFCDIRECTION((0.,1.,0.));
#1225=IFCDIRECTION((0.,0.,1.));
#1226=IFCCARTESIANTRANSFORMATIONOPERATOR3D(#1223,#1224,#1222,1.,#1225);
#1227=IFCMAPPEDITEM(#1221,#1226);
#1228=IFCSHAPEREPRESENTATION(#11,'Body','MappedRepresentation',(#1227));
#1229=IFCPRODUCTDEFINITIONSHAPE($,$,(#1228));
#1230=IFCRELVOIDSELEMENT('3rCn8twurE2O67PUVl_mdt',$,$,$,#87,#1201);
#1236=IFCRELFILLSELEMENT('0MetdK_R1Fnvauxeu_0mhT',$,$,$,#1201,#1177);
#1242=IFCSLABTYPE('3mF5SEuub2cg9BNs2yY1$E',$,'slab',$,$,(#1246),$,$,$,.FLOOR.);
#1243=IFCMATERIALLAYERSET((#1245),$,$);
#1244=IFCRELASSOCIATESMATERIAL('2llQ1vCr57gR8w6VUEO6at',$,$,$,(#1242),#1243);
#1245=IFCMATERIALLAYER(#81,0.10000000000000001,$,$,$,$,$);
#1246=IFCPROPERTYSET('0BdjJ4T$X9owgAtpsYMeWV',$,'EPset_Parametric',$,(#1247));
#1247=IFCPROPERTYSINGLEVALUE('LayerSetDirection',$,IFCLABEL('AXIS3'),$);
#1248=IFCSLAB('1O4t3z5irCKBj24lVOewvs',$,'Slab',$,$,#1256,#1263,$,$);
#1249=IFCRELDEFINESBYTYPE('3GiKsF4iHCOhMiLTOxdL6y',$,$,$,(#11366,#6256,#1248),#1242);
#1250=IFCMATERIALLAYERSETUSAGE(#1243,.AXIS3.,.POSITIVE.,-0.10000000149011612,$);
#1251=IFCRELASSOCIATESMATERIAL('1iksPGk7n2OhnICcpWec_z',$,$,$,(#1248),#1250);
#1252=IFCCARTESIANPOINT((4.2266054153442383,6.5098943710327148,0.));
#1253=IFCDIRECTION((0.,0.,1.));
#1254=IFCDIRECTION((1.,0.,0.));
#1255=IFCAXIS2PLACEMENT3D(#1252,#1253,#1254);
#1256=IFCLOCALPLACEMENT(#79,#1255);
#1257=IFCCARTESIANPOINTLIST2D(((0.,0.),(-3.4500010013580322,-4.76837158203125E-07),(-3.4500007629394531,-1.5000004768371582),(-7.0000009536743164,-1.4999990463256836),(-7.,-6.5999999046325684),(-3.9999406337738037,-6.6014375686645508),(-4.,-9.1000003814697266),(-0.00057935714721679688,-9.099421501159668),(0.,0.)));
#1258=IFCINDEXEDPOLYCURVE(#1257,$,$);
#1259=IFCDIRECTION((0.,0.,1.));
#1260=IFCARBITRARYCLOSEDPROFILEDEF(.AREA.,$,#1258);
#1261=IFCEXTRUDEDAREASOLID(#1260,#1270,#1259,0.10000000000000001);
#1262=IFCSHAPEREPRESENTATION(#11,'Body','SweptSolid',(#1261));
#1263=IFCPRODUCTDEFINITIONSHAPE($,$,(#1262));
#1264=IFCPROPERTYSET('3qkddYOKP7Fw9uz_LWTO_U',$,'EPset_Parametric',$,(#1266));
#1265=IFCRELDEFINESBYPROPERTIES('3PIlbezWH9hufkCEPh6RAU',$,$,$,(#1248),#1264);
#1266=IFCPROPERTYSINGLEVALUE('Engine',$,IFCLABEL('Bonsai.DumbLayer3'),$);
#1267=IFCCARTESIANPOINT((-0.,-0.,-0.10000000149011612));
#1268=IFCDIRECTION((0.,0.,1.));
#1269=IFCDIRECTION((1.,0.,0.));
#1270=IFCAXIS2PLACEMENT3D(#1267,#1268,#1269);
#1271=IFCCARTESIANPOINTLIST3D(((0.,0.,0.),(0.93720519542694092,0.,0.),(0.93720519542694092,0.,2.),(0.,0.,2.)));
#1272=IFCINDEXEDPOLYCURVE(#1271,(IFCLINEINDEX((1,2,3,4,1))),$);
#1273=IFCSHAPEREPRESENTATION(#18,'Profile','Curve3D',(#1272));
#1274=IFCCARTESIANPOINTLIST2D(((0.,0.),(0.,2.),(0.93720519542694092,2.),(0.93720519542694092,0.),(0.91220519505441189,0.),(0.91220519505441189,1.974999999627471),(0.02500000037252903,1.974999999627471),(0.02500000037252903,0.)));
#1275=IFCINDEXEDPOLYCURVE(#1274,(IFCLINEINDEX((1,2,3,4,5,6,7,8,1))),$);
#1276=IFCARBITRARYCLOSEDPROFILEDEF(.AREA.,$,#1275);
#1277=IFCCARTESIANPOINT((0.,0.02500000037252903,0.));
#1278=IFCDIRECTION((0.,-1.,0.));
#1279=IFCDIRECTION((1.,0.,0.));
#1280=IFCAXIS2PLACEMENT3D(#1277,#1278,#1279);
#1281=IFCDIRECTION((0.,0.,-1.));
#1282=IFCEXTRUDEDAREASOLID(#1276,#1280,#1281,0.02500000037252903);
#1283=IFCCARTESIANPOINTLIST2D(((0.,0.),(0.,2.),(0.93720519542694092,2.),(0.93720519542694092,0.),(0.88720519468188286,0.),(0.88720519468188286,1.9499999992549419),(0.05000000074505806,1.9499999992549419),(0.05000000074505806,0.)));
#1284=IFCINDEXEDPOLYCURVE(#1283,(IFCLINEINDEX((1,2,3,4,5,6,7,8,1))),$);
#1285=IFCARBITRARYCLOSEDPROFILEDEF(.AREA.,$,#1284);
#1286=IFCCARTESIANPOINT((0.,0.,0.));
#1287=IFCDIRECTION((0.,-1.,0.));
#1288=IFCDIRECTION((1.,0.,0.));
#1289=IFCAXIS2PLACEMENT3D(#1286,#1287,#1288);
#1290=IFCDIRECTION((0.,0.,-1.));
#1291=IFCEXTRUDEDAREASOLID(#1285,#1289,#1290,0.02500000037252903);
#1292=IFCCARTESIANPOINTLIST2D(((0.,0.),(0.8372051939368248,0.),(0.8372051939368248,0.10000000149011612),(0.,0.10000000149011612)));
#1293=IFCINDEXEDPOLYCURVE(#1292,(IFCLINEINDEX((1,2,3,4,1))),$);
#1294=IFCARBITRARYCLOSEDPROFILEDEF(.AREA.,$,#1293);
#1295=IFCCARTESIANPOINT((0.05000000074505806,0.,0.));
#1296=IFCDIRECTION((0.,0.,1.));
#1297=IFCDIRECTION((1.,0.,0.));
#1298=IFCAXIS2PLACEMENT3D(#1295,#1296,#1297);
#1299=IFCDIRECTION((0.,0.,1.));
#1300=IFCEXTRUDEDAREASOLID(#1294,#1298,#1299,0.02500000037252903);
#1301=IFCCARTESIANPOINTLIST2D(((0.,0.),(0.,2.0250000022351742),(0.98720519989728928,2.0250000022351742),(0.98720519989728928,0.),(0.91220519691705704,0.),(0.91220519691705704,1.9499999992549419),(0.075000002980232239,1.9499999992549419),(0.075000002980232239,0.)));
#1302=IFCINDEXEDPOLYCURVE(#1301,(IFCLINEINDEX((1,2,3,4,5,6,7,8,1))),$);
#1303=IFCARBITRARYCLOSEDPROFILEDEF(.AREA.,$,#1302);
#1304=IFCCARTESIANPOINT((-0.025000002235174179,-0.004999999888241291,0.));
#1305=IFCDIRECTION((0.,-1.,0.));
#1306=IFCDIRECTION((1.,0.,0.));
#1307=IFCAXIS2PLACEMENT3D(#1304,#1305,#1306);
#1308=IFCDIRECTION((0.,0.,-1.));
#1309=IFCEXTRUDEDAREASOLID(#1303,#1307,#1308,0.004999999888241291);
#1310=IFCCARTESIANPOINTLIST2D(((0.,0.),(0.,2.0250000022351742),(0.98720519989728928,2.0250000022351742),(0.98720519989728928,0.),(0.93720519728958607,0.),(0.93720519728958607,1.974999999627471),(0.050000002607703209,1.974999999627471),(0.050000002607703209,0.)));
#1311=IFCINDEXEDPOLYCURVE(#1310,(IFCLINEINDEX((1,2,3,4,5,6,7,8,1))),$);
#1312=IFCARBITRARYCLOSEDPROFILEDEF(.AREA.,$,#1311);
#1313=IFCCARTESIANPOINT((-0.025000002235174179,0.05000000074505806,0.));
#1314=IFCDIRECTION((0.,-1.,0.));
#1315=IFCDIRECTION((1.,0.,0.));
#1316=IFCAXIS2PLACEMENT3D(#1313,#1314,#1315);
#1317=IFCDIRECTION((0.,0.,-1.));
#1318=IFCEXTRUDEDAREASOLID(#1312,#1316,#1317,0.004999999888241291);
#1319=IFCCARTESIANPOINTLIST2D(((0.,0.),(0.88720519468188286,0.),(0.88720519468188286,0.035000000149011612),(0.,0.035000000149011612)));
#1320=IFCINDEXEDPOLYCURVE(#1319,(IFCLINEINDEX((1,2,3,4,1))),$);
#1321=IFCARBITRARYCLOSEDPROFILEDEF(.AREA.,$,#1320);
#1322=IFCCARTESIANPOINT((0.02500000037252903,0.02500000037252903,0.02500000037252903));
#1323=IFCDIRECTION((0.,0.,1.));
#1324=IFCDIRECTION((1.,0.,0.));
#1325=IFCAXIS2PLACEMENT3D(#1322,#1323,#1324);
#1326=IFCDIRECTION((0.,0.,1.));
#1327=IFCEXTRUDEDAREASOLID(#1321,#1325,#1326,1.9499999992549419);
#1328=IFCCARTESIANPOINTLIST2D(((0.,0.),(0.,-0.040000000000000001),(-0.11999999999999988,-0.040000000000000001),(-0.11999999999999988,-0.02),(-0.020000000000000018,-0.02),(-0.020000000000000018,0.)));
#1329=IFCINDEXEDPOLYCURVE(#1328,(IFCLINEINDEX((1,2,3,4,5,6,1))),$);
#1330=IFCARBITRARYCLOSEDPROFILEDEF(.AREA.,$,#1329);
#1331=IFCCARTESIANPOINT((0.86220519505441184,0.02500000037252903,1.015000000372529));
#1332=IFCDIRECTION((0.,0.,1.));
#1333=IFCDIRECTION((1.,0.,0.));
#1334=IFCAXIS2PLACEMENT3D(#1331,#1332,#1333);
#1335=IFCDIRECTION((0.,0.,1.));
#1336=IFCEXTRUDEDAREASOLID(#1330,#1334,#1335,0.02);
#1337=IFCEXTRUDEDAREASOLID(#1338,#1341,#1345,0.02);
#1338=IFCARBITRARYCLOSEDPROFILEDEF(.AREA.,$,#1339);
#1339=IFCINDEXEDPOLYCURVE(#1340,(IFCLINEINDEX((1,2,3,4,5,6,1))),$);
#1340=IFCCARTESIANPOINTLIST2D(((0.,0.),(0.,0.040000000000000008),(-0.11999999999999988,0.040000000000000008),(-0.11999999999999988,0.020000000000000004),(-0.020000000000000018,0.020000000000000004),(-0.020000000000000018,0.)));
#1341=IFCAXIS2PLACEMENT3D(#1342,#1343,#1344);
#1342=IFCCARTESIANPOINT((0.86220519505441184,0.060000000521540642,1.015000000372529));
#1343=IFCDIRECTION((0.,0.,1.));
#1344=IFCDIRECTION((1.,0.,0.));
#1345=IFCDIRECTION((0.,0.,1.));
#1346=IFCSHAPEREPRESENTATION(#11,'Body','SweptSolid',(#1282,#1291,#1327,#1336,#1337,#1300,#1309,#1318));
#1347=IFCSHAPEREPRESENTATION(#11,'Body','SweptSolid',(#1282,#1291,#1300,#1309,#1318));
#1348=IFCSHAPEASPECT((#1347),'Lining',$,.T.,#1186);
#1349=IFCSHAPEREPRESENTATION(#11,'Body','SweptSolid',(#1327,#1336,#1337));
#1350=IFCSHAPEASPECT((#1349),'Framing',$,.T.,#1186);
#1351=IFCCARTESIANPOINTLIST2D(((0.,0.),(0.,0.05000000074505806),(0.02500000037252903,0.05000000074505806),(0.02500000037252903,0.02500000037252903),(0.05000000074505806,0.02500000037252903),(0.05000000074505806,0.)));
#1352=IFCINDEXEDPOLYCURVE(#1351,(IFCLINEINDEX((1,2,3,4,5,6,1))),$);
#1353=IFCINDEXEDPOLYCURVE(#1354,(IFCLINEINDEX((1,2,3,4,5,6,1))),$);
#1354=IFCCARTESIANPOINTLIST2D(((0.93720519542694092,0.),(0.93720519542694092,0.05000000074505806),(0.91220519505441189,0.05000000074505806),(0.91220519505441189,0.02500000037252903),(0.88720519468188286,0.02500000037252903),(0.88720519468188286,0.)));
#1355=IFCDIRECTION((1.,0.));
#1356=IFCCARTESIANPOINT((0.060000000521540642,0.05000000074505806));
#1357=IFCAXIS2PLACEMENT2D(#1356,#1355);
#1358=IFCELLIPSE(#1357,0.85220519453287125,0.88720519468188286);
#1359=IFCCARTESIANPOINT((0.91220519505441189,0.05000000074505806));
#1360=IFCCARTESIANPOINT((0.060000000521540642,0.93720519542694092));
#1361=IFCTRIMMEDCURVE(#1358,(#1359),(#1360),.T.,.CARTESIAN.);
#1362=IFCCARTESIANPOINTLIST2D(((0.02500000037252903,0.05000000074505806),(0.060000000521540642,0.05000000074505806),(0.060000000521540642,0.93720519542694092),(0.02500000037252903,0.93720519542694092)));
#1363=IFCINDEXEDPOLYCURVE(#1362,(IFCLINEINDEX((1,2,3,4,1))),$);
#1364=IFCSHAPEREPRESENTATION(#24,'Body','Curve2D',(#1352,#1353,#1361,#1363));
#1365=IFCCARTESIANPOINTLIST2D(((0.,0.),(0.93720519542694092,0.),(0.93720519542694092,2.),(0.,2.)));
#1366=IFCINDEXEDPOLYCURVE(#1365,(IFCLINEINDEX((1,2,3,4,1))),$);
#1367=IFCARBITRARYCLOSEDPROFILEDEF(.AREA.,$,#1366);
#1368=IFCCARTESIANPOINT((0.,-0.60000002384185791,0.));
#1369=IFCDIRECTION((0.,-1.,0.));
#1370=IFCDIRECTION((1.,0.,0.));
#1371=IFCAXIS2PLACEMENT3D(#1368,#1369,#1370);
#1372=IFCDIRECTION((0.,0.,-1.));
#1373=IFCEXTRUDEDAREASOLID(#1367,#1371,#1372,1.2);
#1374=IFCSHAPEREPRESENTATION(#11,'Body','SweptSolid',(#1373));
#1380=IFCCARTESIANPOINT((0.35503070553465593,0.015000343322753906,0.));
#1381=IFCDIRECTION((0.,0.,1.));
#1382=IFCDIRECTION((0.99999999999988631,-4.7683715820307079E-07,0.));
#1383=IFCAXIS2PLACEMENT3D(#1380,#1381,#1382);
#1384=IFCLOCALPLACEMENT(#625,#1383);
#1385=IFCCARTESIANPOINT((0.,0.,0.));
#1386=IFCDIRECTION((0.,0.,1.));
#1387=IFCDIRECTION((1.,5.2939559203393771E-23,0.));
#1388=IFCAXIS2PLACEMENT3D(#1385,#1386,#1387);
#1389=IFCLOCALPLACEMENT(#1384,#1388);
#1390=IFCDOORTYPE('1BkTVk12n4Mf1QisTjbEmu',$,'guest-gf',$,$,(#1391),(#1393,#1401,#1479),$,$,.DOOR.,.SINGLE_SWING_LEFT.,$,$);
#1391=IFCPROPERTYSET('1OSmBBUVH8FeqBb_Ujt1xm',$,'BBIM_Door',$,(#1392));
#1392=IFCPROPERTYSINGLEVALUE('Data',$,IFCTEXT('{"door_type": "SINGLE_SWING_RIGHT", "overall_height": 2.0, "overall_width": 0.8645036220550537, "lining_properties": {"lining_depth": 0.05000000074505806, "lining_thickness": 0.05000000074505806, "lining_offset": 0.0, "lining_to_panel_offset_x": 0.02500000037252903, "lining_to_panel_offset_y": 0.02500000037252903, "transom_thickness": 0.0, "casing_thickness": 0.07500000298023224, "casing_depth": 0.004999999888241291, "threshold_thickness": 0.02500000037252903, "threshold_depth": 0.10000000149011612, "threshold_offset": 0.0}, "panel_properties": {"panel_depth": 0.03500000014901161, "panel_width_ratio": 1.0}}'),$);
#1393=IFCREPRESENTATIONMAP(#1394,#1565);
#1394=IFCAXIS2PLACEMENT3D(#1395,#1396,#1397);
#1395=IFCCARTESIANPOINT((0.,0.,0.));
#1396=IFCDIRECTION((0.,0.,1.));
#1397=IFCDIRECTION((1.,0.,0.));
#1401=IFCREPRESENTATIONMAP(#1402,#1638);
#1402=IFCAXIS2PLACEMENT3D(#1403,#1404,#1405);
#1403=IFCCARTESIANPOINT((0.,0.,0.));
#1404=IFCDIRECTION((0.,0.,1.));
#1405=IFCDIRECTION((1.,0.,0.));
#1479=IFCREPRESENTATIONMAP(#1480,#1656);
#1480=IFCAXIS2PLACEMENT3D(#1481,#1482,#1483);
#1481=IFCCARTESIANPOINT((0.,0.,0.));
#1482=IFCDIRECTION((0.,0.,1.));
#1483=IFCDIRECTION((1.,0.,0.));
#1498=IFCDOOR('3HdakyHJrC6RI0br_NbX89',$,'Door',$,$,#1681,#1507,$,2.,0.86450362205505371,$,.SINGLE_SWING_RIGHT.,$);
#1499=IFCRELDEFINESBYTYPE('012RtjEuz5Rfnwjk6tigdG',$,$,$,(#1498),#1390);
#1500=IFCCARTESIANPOINT((0.,0.,0.));
#1501=IFCDIRECTION((1.,0.,0.));
#1502=IFCDIRECTION((0.,1.,0.));
#1503=IFCDIRECTION((0.,0.,1.));
#1504=IFCCARTESIANTRANSFORMATIONOPERATOR3D(#1501,#1502,#1500,1.,#1503);
#1505=IFCMAPPEDITEM(#1393,#1504);
#1506=IFCSHAPEREPRESENTATION(#18,'Profile','MappedRepresentation',(#1505));
#1507=IFCPRODUCTDEFINITIONSHAPE($,$,(#1506,#1514,#1521));
#1508=IFCCARTESIANPOINT((0.,0.,0.));
#1509=IFCDIRECTION((1.,0.,0.));
#1510=IFCDIRECTION((0.,1.,0.));
#1511=IFCDIRECTION((0.,0.,1.));
#1512=IFCCARTESIANTRANSFORMATIONOPERATOR3D(#1509,#1510,#1508,1.,#1511);
#1513=IFCMAPPEDITEM(#1401,#1512);
#1514=IFCSHAPEREPRESENTATION(#11,'Body','MappedRepresentation',(#1513));
#1515=IFCCARTESIANPOINT((0.,0.,0.));
#1516=IFCDIRECTION((1.,0.,0.));
#1517=IFCDIRECTION((0.,1.,0.));
#1518=IFCDIRECTION((0.,0.,1.));
#1519=IFCCARTESIANTRANSFORMATIONOPERATOR3D(#1516,#1517,#1515,1.,#1518);
#1520=IFCMAPPEDITEM(#1479,#1519);
#1521=IFCSHAPEREPRESENTATION(#24,'Body','MappedRepresentation',(#1520));
#1522=IFCOPENINGELEMENT('243k2KVnbCNwnihjE9aCSQ',$,'Opening',$,$,#1676,#1550,$,.OPENING.);
#1538=IFCCARTESIANPOINT((0.,0.,0.));
#1539=IFCDIRECTION((1.,0.,0.));
#1540=IFCDIRECTION((0.,0.,1.));
#1541=IFCAXIS2PLACEMENT3D(#1538,#1540,#1539);
#1542=IFCREPRESENTATIONMAP(#1541,#1666);
#1543=IFCCARTESIANPOINT((0.,0.,0.));
#1544=IFCDIRECTION((1.,0.,0.));
#1545=IFCDIRECTION((0.,1.,0.));
#1546=IFCDIRECTION((0.,0.,1.));
#1547=IFCCARTESIANTRANSFORMATIONOPERATOR3D(#1544,#1545,#1543,1.,#1546);
#1548=IFCMAPPEDITEM(#1542,#1547);
#1549=IFCSHAPEREPRESENTATION(#11,'Body','MappedRepresentation',(#1548));
#1550=IFCPRODUCTDEFINITIONSHAPE($,$,(#1549));
#1551=IFCRELVOIDSELEMENT('1hPhyv9TX56BGoQ31LCZqb',$,$,$,#639,#1522);
#1557=IFCRELFILLSELEMENT('3HJ0xSFFDCsxw5IsHPhtGm',$,$,$,#1522,#1498);
#1563=IFCCARTESIANPOINTLIST3D(((0.,0.,0.),(0.86450362205505371,0.,0.),(0.86450362205505371,0.,2.),(0.,0.,2.)));
#1564=IFCINDEXEDPOLYCURVE(#1563,(IFCLINEINDEX((1,2,3,4,1))),$);
#1565=IFCSHAPEREPRESENTATION(#18,'Profile','Curve3D',(#1564));
#1566=IFCCARTESIANPOINTLIST2D(((0.,0.),(0.,2.),(0.86450362205505371,2.),(0.86450362205505371,0.),(0.83950362168252468,0.),(0.83950362168252468,1.974999999627471),(0.02500000037252903,1.974999999627471),(0.02500000037252903,0.)));
#1567=IFCINDEXEDPOLYCURVE(#1566,(IFCLINEINDEX((1,2,3,4,5,6,7,8,1))),$);
#1568=IFCARBITRARYCLOSEDPROFILEDEF(.AREA.,$,#1567);
#1569=IFCCARTESIANPOINT((0.,0.02500000037252903,0.));
#1570=IFCDIRECTION((0.,-1.,0.));
#1571=IFCDIRECTION((1.,0.,0.));
#1572=IFCAXIS2PLACEMENT3D(#1569,#1570,#1571);
#1573=IFCDIRECTION((0.,0.,-1.));
#1574=IFCEXTRUDEDAREASOLID(#1568,#1572,#1573,0.02500000037252903);
#1575=IFCCARTESIANPOINTLIST2D(((0.,0.),(0.,2.),(0.86450362205505371,2.),(0.86450362205505371,0.),(0.81450362130999565,0.),(0.81450362130999565,1.9499999992549419),(0.05000000074505806,1.9499999992549419),(0.05000000074505806,0.)));
#1576=IFCINDEXEDPOLYCURVE(#1575,(IFCLINEINDEX((1,2,3,4,5,6,7,8,1))),$);
#1577=IFCARBITRARYCLOSEDPROFILEDEF(.AREA.,$,#1576);
#1578=IFCCARTESIANPOINT((0.,0.,0.));
#1579=IFCDIRECTION((0.,-1.,0.));
#1580=IFCDIRECTION((1.,0.,0.));
#1581=IFCAXIS2PLACEMENT3D(#1578,#1579,#1580);
#1582=IFCDIRECTION((0.,0.,-1.));
#1583=IFCEXTRUDEDAREASOLID(#1577,#1581,#1582,0.02500000037252903);
#1584=IFCCARTESIANPOINTLIST2D(((0.,0.),(0.76450362056493759,0.),(0.76450362056493759,0.10000000149011612),(0.,0.10000000149011612)));
#1585=IFCINDEXEDPOLYCURVE(#1584,(IFCLINEINDEX((1,2,3,4,1))),$);
#1586=IFCARBITRARYCLOSEDPROFILEDEF(.AREA.,$,#1585);
#1587=IFCCARTESIANPOINT((0.05000000074505806,0.,0.));
#1588=IFCDIRECTION((0.,0.,1.));
#1589=IFCDIRECTION((1.,0.,0.));
#1590=IFCAXIS2PLACEMENT3D(#1587,#1588,#1589);
#1591=IFCDIRECTION((0.,0.,1.));
#1592=IFCEXTRUDEDAREASOLID(#1586,#1590,#1591,0.02500000037252903);
#1593=IFCCARTESIANPOINTLIST2D(((0.,0.),(0.,2.0250000022351742),(0.91450362652540207,2.0250000022351742),(0.91450362652540207,0.),(0.83950362354516983,0.),(0.83950362354516983,1.9499999992549419),(0.075000002980232239,1.9499999992549419),(0.075000002980232239,0.)));
#1594=IFCINDEXEDPOLYCURVE(#1593,(IFCLINEINDEX((1,2,3,4,5,6,7,8,1))),$);
#1595=IFCARBITRARYCLOSEDPROFILEDEF(.AREA.,$,#1594);
#1596=IFCCARTESIANPOINT((-0.025000002235174179,-0.004999999888241291,0.));
#1597=IFCDIRECTION((0.,-1.,0.));
#1598=IFCDIRECTION((1.,0.,0.));
#1599=IFCAXIS2PLACEMENT3D(#1596,#1597,#1598);
#1600=IFCDIRECTION((0.,0.,-1.));
#1601=IFCEXTRUDEDAREASOLID(#1595,#1599,#1600,0.004999999888241291);
#1602=IFCCARTESIANPOINTLIST2D(((0.,0.),(0.,2.0250000022351742),(0.91450362652540207,2.0250000022351742),(0.91450362652540207,0.),(0.86450362391769886,0.),(0.86450362391769886,1.974999999627471),(0.050000002607703209,1.974999999627471),(0.050000002607703209,0.)));
#1603=IFCINDEXEDPOLYCURVE(#1602,(IFCLINEINDEX((1,2,3,4,5,6,7,8,1))),$);
#1604=IFCARBITRARYCLOSEDPROFILEDEF(.AREA.,$,#1603);
#1605=IFCCARTESIANPOINT((-0.025000002235174179,0.05000000074505806,0.));
#1606=IFCDIRECTION((0.,-1.,0.));
#1607=IFCDIRECTION((1.,0.,0.));
#1608=IFCAXIS2PLACEMENT3D(#1605,#1606,#1607);
#1609=IFCDIRECTION((0.,0.,-1.));
#1610=IFCEXTRUDEDAREASOLID(#1604,#1608,#1609,0.004999999888241291);
#1611=IFCCARTESIANPOINTLIST2D(((0.,0.),(0.81450362130999565,0.),(0.81450362130999565,0.035000000149011612),(0.,0.035000000149011612)));
#1612=IFCINDEXEDPOLYCURVE(#1611,(IFCLINEINDEX((1,2,3,4,1))),$);
#1613=IFCARBITRARYCLOSEDPROFILEDEF(.AREA.,$,#1612);
#1614=IFCCARTESIANPOINT((0.02500000037252903,0.02500000037252903,0.02500000037252903));
#1615=IFCDIRECTION((0.,0.,1.));
#1616=IFCDIRECTION((1.,0.,0.));
#1617=IFCAXIS2PLACEMENT3D(#1614,#1615,#1616);
#1618=IFCDIRECTION((0.,0.,1.));
#1619=IFCEXTRUDEDAREASOLID(#1613,#1617,#1618,1.9499999992549419);
#1620=IFCCARTESIANPOINTLIST2D(((0.,0.),(0.,-0.040000000000000001),(0.12,-0.040000000000000001),(0.12,-0.02),(0.02,-0.02),(0.02,0.)));
#1621=IFCINDEXEDPOLYCURVE(#1620,(IFCLINEINDEX((1,2,3,4,5,6,1))),$);
#1622=IFCARBITRARYCLOSEDPROFILEDEF(.AREA.,$,#1621);
#1623=IFCCARTESIANPOINT((0.075000000372529033,0.02500000037252903,1.015000000372529));
#1624=IFCDIRECTION((0.,0.,1.));
#1625=IFCDIRECTION((1.,0.,0.));
#1626=IFCAXIS2PLACEMENT3D(#1623,#1624,#1625);
#1627=IFCDIRECTION((0.,0.,1.));
#1628=IFCEXTRUDEDAREASOLID(#1622,#1626,#1627,0.02);
#1629=IFCEXTRUDEDAREASOLID(#1630,#1633,#1637,0.02);
#1630=IFCARBITRARYCLOSEDPROFILEDEF(.AREA.,$,#1631);
#1631=IFCINDEXEDPOLYCURVE(#1632,(IFCLINEINDEX((1,2,3,4,5,6,1))),$);
#1632=IFCCARTESIANPOINTLIST2D(((0.,0.),(0.,0.040000000000000008),(0.11999999999999998,0.040000000000000008),(0.11999999999999998,0.020000000000000004),(0.020000000000000004,0.020000000000000004),(0.020000000000000004,0.)));
#1633=IFCAXIS2PLACEMENT3D(#1634,#1635,#1636);
#1634=IFCCARTESIANPOINT((0.075000000372529033,0.060000000521540642,1.015000000372529));
#1635=IFCDIRECTION((0.,0.,1.));
#1636=IFCDIRECTION((1.,0.,0.));
#1637=IFCDIRECTION((0.,0.,1.));
#1638=IFCSHAPEREPRESENTATION(#11,'Body','SweptSolid',(#1574,#1583,#1619,#1628,#1629,#1592,#1601,#1610));
#1639=IFCSHAPEREPRESENTATION(#11,'Body','SweptSolid',(#1574,#1583,#1592,#1601,#1610));
#1640=IFCSHAPEASPECT((#1639),'Lining',$,.T.,#1507);
#1641=IFCSHAPEREPRESENTATION(#11,'Body','SweptSolid',(#1619,#1628,#1629));
#1642=IFCSHAPEASPECT((#1641),'Framing',$,.T.,#1507);
#1643=IFCCARTESIANPOINTLIST2D(((0.,0.),(0.,0.05000000074505806),(0.02500000037252903,0.05000000074505806),(0.02500000037252903,0.02500000037252903),(0.05000000074505806,0.02500000037252903),(0.05000000074505806,0.)));
#1644=IFCINDEXEDPOLYCURVE(#1643,(IFCLINEINDEX((1,2,3,4,5,6,1))),$);
#1645=IFCINDEXEDPOLYCURVE(#1646,(IFCLINEINDEX((1,2,3,4,5,6,1))),$);
#1646=IFCCARTESIANPOINTLIST2D(((0.86450362205505371,0.),(0.86450362205505371,0.05000000074505806),(0.83950362168252468,0.05000000074505806),(0.83950362168252468,0.02500000037252903),(0.81450362130999565,0.02500000037252903),(0.81450362130999565,0.)));
#1647=IFCDIRECTION((1.,0.));
#1648=IFCCARTESIANPOINT((0.80450362153351307,0.05000000074505806));
#1649=IFCAXIS2PLACEMENT2D(#1648,#1647);
#1650=IFCELLIPSE(#1649,0.77950362116098404,0.81450362130999565);
#1651=IFCCARTESIANPOINT((0.80450362153351307,0.86450362205505371));
#1652=IFCCARTESIANPOINT((0.02500000037252903,0.05000000074505806));
#1653=IFCTRIMMEDCURVE(#1650,(#1651),(#1652),.T.,.CARTESIAN.);
#1654=IFCCARTESIANPOINTLIST2D(((0.83950362168252468,0.05000000074505806),(0.80450362153351307,0.05000000074505806),(0.80450362153351307,0.86450362205505371),(0.83950362168252468,0.86450362205505371)));
#1655=IFCINDEXEDPOLYCURVE(#1654,(IFCLINEINDEX((1,2,3,4,1))),$);
#1656=IFCSHAPEREPRESENTATION(#24,'Body','Curve2D',(#1644,#1645,#1653,#1655));
#1657=IFCCARTESIANPOINTLIST2D(((0.,0.),(0.86450362205505371,0.),(0.86450362205505371,2.),(0.,2.)));
#1658=IFCINDEXEDPOLYCURVE(#1657,(IFCLINEINDEX((1,2,3,4,1))),$);
#1659=IFCARBITRARYCLOSEDPROFILEDEF(.AREA.,$,#1658);
#1660=IFCCARTESIANPOINT((0.,-0.60000002384185791,0.));
#1661=IFCDIRECTION((0.,-1.,0.));
#1662=IFCDIRECTION((1.,0.,0.));
#1663=IFCAXIS2PLACEMENT3D(#1660,#1661,#1662);
#1664=IFCDIRECTION((0.,0.,-1.));
#1665=IFCEXTRUDEDAREASOLID(#1659,#1663,#1664,1.2);
#1666=IFCSHAPEREPRESENTATION(#11,'Body','SweptSolid',(#1665));
#1672=IFCCARTESIANPOINT((1.5542785020396523,0.01499977521410395,0.));
#1673=IFCDIRECTION((0.,0.,1.));
#1674=IFCDIRECTION((0.99999999999997147,-2.384185719961227E-07,0.));
#1675=IFCAXIS2PLACEMENT3D(#1672,#1673,#1674);
#1676=IFCLOCALPLACEMENT(#650,#1675);
#1677=IFCCARTESIANPOINT((0.,-5.5511151231257827E-17,0.));
#1678=IFCDIRECTION((0.,0.,1.));
#1679=IFCDIRECTION((1.,0.,0.));
#1680=IFCAXIS2PLACEMENT3D(#1677,#1678,#1679);
#1681=IFCLOCALPLACEMENT(#1676,#1680);
#1682=IFCDOORTYPE('2HVFNhMST7hv1sB4lc1$4o',$,'cr-gf',$,$,(#1683),(#1685,#1693,#1771),$,$,.DOOR.,.SINGLE_SWING_LEFT.,$,$);
#1683=IFCPROPERTYSET('1DgD7Qxj12$wuSJo9Xg2tE',$,'BBIM_Door',$,(#1684));
#1684=IFCPROPERTYSINGLEVALUE('Data',$,IFCTEXT('{"door_type": "SINGLE_SWING_LEFT", "overall_height": 2.0, "overall_width": 0.6500046253204346, "lining_properties": {"lining_depth": 0.05000000074505806, "lining_thickness": 0.05000000074505806, "lining_offset": 0.0, "lining_to_panel_offset_x": 0.02500000037252903, "lining_to_panel_offset_y": 0.02500000037252903, "transom_thickness": 0.0, "casing_thickness": 0.07500000298023224, "casing_depth": 0.004999999888241291, "threshold_thickness": 0.02500000037252903, "threshold_depth": 0.10000000149011612, "threshold_offset": 0.0}, "panel_properties": {"panel_depth": 0.03500000014901161, "panel_width_ratio": 1.0}}'),$);
#1685=IFCREPRESENTATIONMAP(#1686,#1857);
#1686=IFCAXIS2PLACEMENT3D(#1687,#1688,#1689);
#1687=IFCCARTESIANPOINT((0.,0.,0.));
#1688=IFCDIRECTION((0.,0.,1.));
#1689=IFCDIRECTION((1.,0.,0.));
#1693=IFCREPRESENTATIONMAP(#1694,#1930);
#1694=IFCAXIS2PLACEMENT3D(#1695,#1696,#1697);
#1695=IFCCARTESIANPOINT((0.,0.,0.));
#1696=IFCDIRECTION((0.,0.,1.));
#1697=IFCDIRECTION((1.,0.,0.));
#1771=IFCREPRESENTATIONMAP(#1772,#1948);
#1772=IFCAXIS2PLACEMENT3D(#1773,#1774,#1775);
#1773=IFCCARTESIANPOINT((0.,0.,0.));
#1774=IFCDIRECTION((0.,0.,1.));
#1775=IFCDIRECTION((1.,0.,0.));
#1790=IFCDOOR('1e5gMabN56PfWJNqazkXov',$,'Door',$,$,#1973,#1799,$,2.,0.65000462532043457,$,.SINGLE_SWING_LEFT.,$);
#1791=IFCRELDEFINESBYTYPE('2JzRIz4IL3_A7OCRoEb_k6',$,$,$,(#1790),#1682);
#1792=IFCCARTESIANPOINT((0.,0.,0.));
#1793=IFCDIRECTION((1.,0.,0.));
#1794=IFCDIRECTION((0.,1.,0.));
#1795=IFCDIRECTION((0.,0.,1.));
#1796=IFCCARTESIANTRANSFORMATIONOPERATOR3D(#1793,#1794,#1792,1.,#1795);
#1797=IFCMAPPEDITEM(#1685,#1796);
#1798=IFCSHAPEREPRESENTATION(#18,'Profile','MappedRepresentation',(#1797));
#1799=IFCPRODUCTDEFINITIONSHAPE($,$,(#1798,#1806,#1813));
#1800=IFCCARTESIANPOINT((0.,0.,0.));
#1801=IFCDIRECTION((1.,0.,0.));
#1802=IFCDIRECTION((0.,1.,0.));
#1803=IFCDIRECTION((0.,0.,1.));
#1804=IFCCARTESIANTRANSFORMATIONOPERATOR3D(#1801,#1802,#1800,1.,#1803);
#1805=IFCMAPPEDITEM(#1693,#1804);
#1806=IFCSHAPEREPRESENTATION(#11,'Body','MappedRepresentation',(#1805));
#1807=IFCCARTESIANPOINT((0.,0.,0.));
#1808=IFCDIRECTION((1.,0.,0.));
#1809=IFCDIRECTION((0.,1.,0.));
#1810=IFCDIRECTION((0.,0.,1.));
#1811=IFCCARTESIANTRANSFORMATIONOPERATOR3D(#1808,#1809,#1807,1.,#1810);
#1812=IFCMAPPEDITEM(#1771,#1811);
#1813=IFCSHAPEREPRESENTATION(#24,'Body','MappedRepresentation',(#1812));
#1814=IFCOPENINGELEMENT('0cvmpM0yX1vAZ7VyIyMt2x',$,'Opening',$,$,#1968,#1842,$,.OPENING.);
#1830=IFCCARTESIANPOINT((0.,0.,0.));
#1831=IFCDIRECTION((1.,0.,0.));
#1832=IFCDIRECTION((0.,0.,1.));
#1833=IFCAXIS2PLACEMENT3D(#1830,#1832,#1831);
#1834=IFCREPRESENTATIONMAP(#1833,#1958);
#1835=IFCCARTESIANPOINT((0.,0.,0.));
#1836=IFCDIRECTION((1.,0.,0.));
#1837=IFCDIRECTION((0.,1.,0.));
#1838=IFCDIRECTION((0.,0.,1.));
#1839=IFCCARTESIANTRANSFORMATIONOPERATOR3D(#1836,#1837,#1835,1.,#1838);
#1840=IFCMAPPEDITEM(#1834,#1839);
#1841=IFCSHAPEREPRESENTATION(#11,'Body','MappedRepresentation',(#1840));
#1842=IFCPRODUCTDEFINITIONSHAPE($,$,(#1841));
#1843=IFCRELVOIDSELEMENT('2Mh6F9o6r3pgbN9XHFYzas',$,$,$,#849,#1814);
#1849=IFCRELFILLSELEMENT('1r3KY5bRvCrPSGYcQZSgK2',$,$,$,#1814,#1790);
#1855=IFCCARTESIANPOINTLIST3D(((0.,0.,0.),(0.65000462532043457,0.,0.),(0.65000462532043457,0.,2.),(0.,0.,2.)));
#1856=IFCINDEXEDPOLYCURVE(#1855,(IFCLINEINDEX((1,2,3,4,1))),$);
#1857=IFCSHAPEREPRESENTATION(#18,'Profile','Curve3D',(#1856));
#1858=IFCCARTESIANPOINTLIST2D(((0.,0.),(0.,2.),(0.65000462532043457,2.),(0.65000462532043457,0.),(0.62500462494790554,0.),(0.62500462494790554,1.974999999627471),(0.02500000037252903,1.974999999627471),(0.02500000037252903,0.)));
#1859=IFCINDEXEDPOLYCURVE(#1858,(IFCLINEINDEX((1,2,3,4,5,6,7,8,1))),$);
#1860=IFCARBITRARYCLOSEDPROFILEDEF(.AREA.,$,#1859);
#1861=IFCCARTESIANPOINT((0.,0.02500000037252903,0.));
#1862=IFCDIRECTION((0.,-1.,0.));
#1863=IFCDIRECTION((1.,0.,0.));
#1864=IFCAXIS2PLACEMENT3D(#1861,#1862,#1863);
#1865=IFCDIRECTION((0.,0.,-1.));
#1866=IFCEXTRUDEDAREASOLID(#1860,#1864,#1865,0.02500000037252903);
#1867=IFCCARTESIANPOINTLIST2D(((0.,0.),(0.,2.),(0.65000462532043457,2.),(0.65000462532043457,0.),(0.60000462457537651,0.),(0.60000462457537651,1.9499999992549419),(0.05000000074505806,1.9499999992549419),(0.05000000074505806,0.)));
#1868=IFCINDEXEDPOLYCURVE(#1867,(IFCLINEINDEX((1,2,3,4,5,6,7,8,1))),$);
#1869=IFCARBITRARYCLOSEDPROFILEDEF(.AREA.,$,#1868);
#1870=IFCCARTESIANPOINT((0.,0.,0.));
#1871=IFCDIRECTION((0.,-1.,0.));
#1872=IFCDIRECTION((1.,0.,0.));
#1873=IFCAXIS2PLACEMENT3D(#1870,#1871,#1872);
#1874=IFCDIRECTION((0.,0.,-1.));
#1875=IFCEXTRUDEDAREASOLID(#1869,#1873,#1874,0.02500000037252903);
#1876=IFCCARTESIANPOINTLIST2D(((0.,0.),(0.55000462383031845,0.),(0.55000462383031845,0.10000000149011612),(0.,0.10000000149011612)));
#1877=IFCINDEXEDPOLYCURVE(#1876,(IFCLINEINDEX((1,2,3,4,1))),$);
#1878=IFCARBITRARYCLOSEDPROFILEDEF(.AREA.,$,#1877);
#1879=IFCCARTESIANPOINT((0.05000000074505806,0.,0.));
#1880=IFCDIRECTION((0.,0.,1.));
#1881=IFCDIRECTION((1.,0.,0.));
#1882=IFCAXIS2PLACEMENT3D(#1879,#1880,#1881);
#1883=IFCDIRECTION((0.,0.,1.));
#1884=IFCEXTRUDEDAREASOLID(#1878,#1882,#1883,0.02500000037252903);
#1885=IFCCARTESIANPOINTLIST2D(((0.,0.),(0.,2.0250000022351742),(0.70000462979078293,2.0250000022351742),(0.70000462979078293,0.),(0.62500462681055069,0.),(0.62500462681055069,1.9499999992549419),(0.075000002980232239,1.9499999992549419),(0.075000002980232239,0.)));
#1886=IFCINDEXEDPOLYCURVE(#1885,(IFCLINEINDEX((1,2,3,4,5,6,7,8,1))),$);
#1887=IFCARBITRARYCLOSEDPROFILEDEF(.AREA.,$,#1886);
#1888=IFCCARTESIANPOINT((-0.025000002235174179,-0.004999999888241291,0.));
#1889=IFCDIRECTION((0.,-1.,0.));
#1890=IFCDIRECTION((1.,0.,0.));
#1891=IFCAXIS2PLACEMENT3D(#1888,#1889,#1890);
#1892=IFCDIRECTION((0.,0.,-1.));
#1893=IFCEXTRUDEDAREASOLID(#1887,#1891,#1892,0.004999999888241291);
#1894=IFCCARTESIANPOINTLIST2D(((0.,0.),(0.,2.0250000022351742),(0.70000462979078293,2.0250000022351742),(0.70000462979078293,0.),(0.65000462718307972,0.),(0.65000462718307972,1.974999999627471),(0.050000002607703209,1.974999999627471),(0.050000002607703209,0.)));
#1895=IFCINDEXEDPOLYCURVE(#1894,(IFCLINEINDEX((1,2,3,4,5,6,7,8,1))),$);
#1896=IFCARBITRARYCLOSEDPROFILEDEF(.AREA.,$,#1895);
#1897=IFCCARTESIANPOINT((-0.025000002235174179,0.05000000074505806,0.));
#1898=IFCDIRECTION((0.,-1.,0.));
#1899=IFCDIRECTION((1.,0.,0.));
#1900=IFCAXIS2PLACEMENT3D(#1897,#1898,#1899);
#1901=IFCDIRECTION((0.,0.,-1.));
#1902=IFCEXTRUDEDAREASOLID(#1896,#1900,#1901,0.004999999888241291);
#1903=IFCCARTESIANPOINTLIST2D(((0.,0.),(0.60000462457537651,0.),(0.60000462457537651,0.035000000149011612),(0.,0.035000000149011612)));
#1904=IFCINDEXEDPOLYCURVE(#1903,(IFCLINEINDEX((1,2,3,4,1))),$);
#1905=IFCARBITRARYCLOSEDPROFILEDEF(.AREA.,$,#1904);
#1906=IFCCARTESIANPOINT((0.02500000037252903,0.02500000037252903,0.02500000037252903));
#1907=IFCDIRECTION((0.,0.,1.));
#1908=IFCDIRECTION((1.,0.,0.));
#1909=IFCAXIS2PLACEMENT3D(#1906,#1907,#1908);
#1910=IFCDIRECTION((0.,0.,1.));
#1911=IFCEXTRUDEDAREASOLID(#1905,#1909,#1910,1.9499999992549419);
#1912=IFCCARTESIANPOINTLIST2D(((0.,0.),(0.,-0.040000000000000001),(-0.11999999999999994,-0.040000000000000001),(-0.11999999999999994,-0.02),(-0.020000000000000018,-0.02),(-0.020000000000000018,0.)));
#1913=IFCINDEXEDPOLYCURVE(#1912,(IFCLINEINDEX((1,2,3,4,5,6,1))),$);
#1914=IFCARBITRARYCLOSEDPROFILEDEF(.AREA.,$,#1913);
#1915=IFCCARTESIANPOINT((0.5750046249479055,0.02500000037252903,1.015000000372529));
#1916=IFCDIRECTION((0.,0.,1.));
#1917=IFCDIRECTION((1.,0.,0.));
#1918=IFCAXIS2PLACEMENT3D(#1915,#1916,#1917);
#1919=IFCDIRECTION((0.,0.,1.));
#1920=IFCEXTRUDEDAREASOLID(#1914,#1918,#1919,0.02);
#1921=IFCEXTRUDEDAREASOLID(#1922,#1925,#1929,0.02);
#1922=IFCARBITRARYCLOSEDPROFILEDEF(.AREA.,$,#1923);
#1923=IFCINDEXEDPOLYCURVE(#1924,(IFCLINEINDEX((1,2,3,4,5,6,1))),$);
#1924=IFCCARTESIANPOINTLIST2D(((0.,0.),(0.,0.040000000000000008),(-0.11999999999999994,0.040000000000000008),(-0.11999999999999994,0.020000000000000004),(-0.020000000000000018,0.020000000000000004),(-0.020000000000000018,0.)));
#1925=IFCAXIS2PLACEMENT3D(#1926,#1927,#1928);
#1926=IFCCARTESIANPOINT((0.5750046249479055,0.060000000521540642,1.015000000372529));
#1927=IFCDIRECTION((0.,0.,1.));
#1928=IFCDIRECTION((1.,0.,0.));
#1929=IFCDIRECTION((0.,0.,1.));
#1930=IFCSHAPEREPRESENTATION(#11,'Body','SweptSolid',(#1866,#1875,#1911,#1920,#1921,#1884,#1893,#1902));
#1931=IFCSHAPEREPRESENTATION(#11,'Body','SweptSolid',(#1866,#1875,#1884,#1893,#1902));
#1932=IFCSHAPEASPECT((#1931),'Lining',$,.T.,#1799);
#1933=IFCSHAPEREPRESENTATION(#11,'Body','SweptSolid',(#1911,#1920,#1921));
#1934=IFCSHAPEASPECT((#1933),'Framing',$,.T.,#1799);
#1935=IFCCARTESIANPOINTLIST2D(((0.,0.),(0.,0.05000000074505806),(0.02500000037252903,0.05000000074505806),(0.02500000037252903,0.02500000037252903),(0.05000000074505806,0.02500000037252903),(0.05000000074505806,0.)));
#1936=IFCINDEXEDPOLYCURVE(#1935,(IFCLINEINDEX((1,2,3,4,5,6,1))),$);
#1937=IFCINDEXEDPOLYCURVE(#1938,(IFCLINEINDEX((1,2,3,4,5,6,1))),$);
#1938=IFCCARTESIANPOINTLIST2D(((0.65000462532043457,0.),(0.65000462532043457,0.05000000074505806),(0.62500462494790554,0.05000000074505806),(0.62500462494790554,0.02500000037252903),(0.60000462457537651,0.02500000037252903),(0.60000462457537651,0.)));
#1939=IFCDIRECTION((1.,0.));
#1940=IFCCARTESIANPOINT((0.060000000521540642,0.05000000074505806));
#1941=IFCAXIS2PLACEMENT2D(#1940,#1939);
#1942=IFCELLIPSE(#1941,0.5650046244263649,0.60000462457537651);
#1943=IFCCARTESIANPOINT((0.62500462494790554,0.05000000074505806));
#1944=IFCCARTESIANPOINT((0.060000000521540642,0.65000462532043457));
#1945=IFCTRIMMEDCURVE(#1942,(#1943),(#1944),.T.,.CARTESIAN.);
#1946=IFCCARTESIANPOINTLIST2D(((0.02500000037252903,0.05000000074505806),(0.060000000521540642,0.05000000074505806),(0.060000000521540642,0.65000462532043457),(0.02500000037252903,0.65000462532043457)));
#1947=IFCINDEXEDPOLYCURVE(#1946,(IFCLINEINDEX((1,2,3,4,1))),$);
#1948=IFCSHAPEREPRESENTATION(#24,'Body','Curve2D',(#1936,#1937,#1945,#1947));
#1949=IFCCARTESIANPOINTLIST2D(((0.,0.),(0.65000462532043457,0.),(0.65000462532043457,2.),(0.,2.)));
#1950=IFCINDEXEDPOLYCURVE(#1949,(IFCLINEINDEX((1,2,3,4,1))),$);
#1951=IFCARBITRARYCLOSEDPROFILEDEF(.AREA.,$,#1950);
#1952=IFCCARTESIANPOINT((0.,-0.60000002384185791,0.));
#1953=IFCDIRECTION((0.,-1.,0.));
#1954=IFCDIRECTION((1.,0.,0.));
#1955=IFCAXIS2PLACEMENT3D(#1952,#1953,#1954);
#1956=IFCDIRECTION((0.,0.,-1.));
#1957=IFCEXTRUDEDAREASOLID(#1951,#1955,#1956,1.2);
#1958=IFCSHAPEREPRESENTATION(#11,'Body','SweptSolid',(#1957));
#1964=IFCCARTESIANPOINT((0.13515281385187716,0.014999892800819703,0.));
#1965=IFCDIRECTION((0.,0.,1.));
#1966=IFCDIRECTION((0.99999999999999289,-1.1920928955077312E-07,0.));
#1967=IFCAXIS2PLACEMENT3D(#1964,#1965,#1966);
#1968=IFCLOCALPLACEMENT(#916,#1967);
#1969=IFCCARTESIANPOINT((0.,-2.2204460492503131E-16,0.));
#1970=IFCDIRECTION((0.,0.,1.));
#1971=IFCDIRECTION((0.99999999999999989,0.,0.));
#1972=IFCAXIS2PLACEMENT3D(#1969,#1970,#1971);
#1973=IFCLOCALPLACEMENT(#1968,#1972);
#1974=IFCDOORTYPE('2mV2YpSwnEFgoD0nn8Rwe9',$,'maids-gf',$,$,(#1975),(#1977,#1985,#2063,#2234),$,$,.DOOR.,.SINGLE_SWING_LEFT.,$,$);
#1975=IFCPROPERTYSET('1yWkFEVwL1nQoECHMCVlMK',$,'BBIM_Door',$,(#1976));
#1976=IFCPROPERTYSINGLEVALUE('Data',$,IFCTEXT('{"door_type": "SLIDING_TO_RIGHT", "overall_height": 2.0, "overall_width": 1.4179166555404663, "lining_properties": {"lining_depth": 0.05000000074505806, "lining_thickness": 0.05000000074505806, "lining_offset": 0.0, "transom_thickness": 0.0, "casing_thickness": 0.07500000298023224, "casing_depth": 0.004999999888241291, "threshold_thickness": 0.02500000037252903, "threshold_depth": 0.10000000149011612, "threshold_offset": 0.0}, "panel_properties": {"panel_depth": 0.03500000014901161, "panel_width_ratio": 1.0}}'),$);
#1977=IFCREPRESENTATIONMAP(#1978,#2350);
#1978=IFCAXIS2PLACEMENT3D(#1979,#1980,#1981);
#1979=IFCCARTESIANPOINT((0.,0.,0.));
#1980=IFCDIRECTION((0.,0.,1.));
#1981=IFCDIRECTION((1.,0.,0.));
#1985=IFCREPRESENTATIONMAP(#1986,#2414);
#1986=IFCAXIS2PLACEMENT3D(#1987,#1988,#1989);
#1987=IFCCARTESIANPOINT((0.,0.,0.));
#1988=IFCDIRECTION((0.,0.,1.));
#1989=IFCDIRECTION((1.,0.,0.));
#2063=IFCREPRESENTATIONMAP(#2064,#2421);
#2064=IFCAXIS2PLACEMENT3D(#2065,#2066,#2067);
#2065=IFCCARTESIANPOINT((0.,0.,0.));
#2066=IFCDIRECTION((0.,0.,1.));
#2067=IFCDIRECTION((1.,0.,0.));
#2082=IFCDOOR('1skLv2qsL1QB6AgVLxLdLO',$,'Door',$,$,#2451,#2091,$,2.,1.4179166555404663,$,.SLIDING_TO_RIGHT.,$);
#2083=IFCRELDEFINESBYTYPE('1Ygj6aKhHABAgxadb17nYC',$,$,$,(#2082),#1974);
#2084=IFCCARTESIANPOINT((0.,0.,0.));
#2085=IFCDIRECTION((1.,0.,0.));
#2086=IFCDIRECTION((0.,1.,0.));
#2087=IFCDIRECTION((0.,0.,1.));
#2088=IFCCARTESIANTRANSFORMATIONOPERATOR3D(#2085,#2086,#2084,1.,#2087);
#2089=IFCMAPPEDITEM(#1977,#2088);
#2090=IFCSHAPEREPRESENTATION(#18,'Profile','MappedRepresentation',(#2089));
#2091=IFCPRODUCTDEFINITIONSHAPE($,$,(#2090,#2098,#2105,#2241));
#2092=IFCCARTESIANPOINT((0.,0.,0.));
#2093=IFCDIRECTION((1.,0.,0.));
#2094=IFCDIRECTION((0.,1.,0.));
#2095=IFCDIRECTION((0.,0.,1.));
#2096=IFCCARTESIANTRANSFORMATIONOPERATOR3D(#2093,#2094,#2092,1.,#2095);
#2097=IFCMAPPEDITEM(#1985,#2096);
#2098=IFCSHAPEREPRESENTATION(#11,'Body','MappedRepresentation',(#2097));
#2099=IFCCARTESIANPOINT((0.,0.,0.));
#2100=IFCDIRECTION((1.,0.,0.));
#2101=IFCDIRECTION((0.,1.,0.));
#2102=IFCDIRECTION((0.,0.,1.));
#2103=IFCCARTESIANTRANSFORMATIONOPERATOR3D(#2100,#2101,#2099,1.,#2102);
#2104=IFCMAPPEDITEM(#2063,#2103);
#2105=IFCSHAPEREPRESENTATION(#24,'Body','MappedRepresentation',(#2104));
#2106=IFCOPENINGELEMENT('00p87SWnnAux$wl8iJkaHb',$,'Opening',$,$,#2446,#2134,$,.OPENING.);
#2122=IFCCARTESIANPOINT((0.,0.,0.));
#2123=IFCDIRECTION((1.,0.,0.));
#2124=IFCDIRECTION((0.,0.,1.));
#2125=IFCAXIS2PLACEMENT3D(#2122,#2124,#2123);
#2126=IFCREPRESENTATIONMAP(#2125,#2436);
#2127=IFCCARTESIANPOINT((0.,0.,0.));
#2128=IFCDIRECTION((1.,0.,0.));
#2129=IFCDIRECTION((0.,1.,0.));
#2130=IFCDIRECTION((0.,0.,1.));
#2131=IFCCARTESIANTRANSFORMATIONOPERATOR3D(#2128,#2129,#2127,1.,#2130);
#2132=IFCMAPPEDITEM(#2126,#2131);
#2133=IFCSHAPEREPRESENTATION(#11,'Body','MappedRepresentation',(#2132));
#2134=IFCPRODUCTDEFINITIONSHAPE($,$,(#2133));
#2135=IFCRELVOIDSELEMENT('1OdKeXN$HD6P8ORh4S_xiR',$,$,$,#874,#2106);
#2141=IFCRELFILLSELEMENT('2TSwmZr$HEWfL$gFxMsSsK',$,$,$,#2106,#2082);
#2150=IFCCARTESIANPOINTLIST2D(((0.,0.),(0.,2.),(1.4179166555404663,2.),(1.4179166555404663,0.),(1.3679166547954082,0.),(1.3679166547954082,1.9499999992549419),(0.05000000074505806,1.9499999992549419),(0.05000000074505806,0.)));
#2151=IFCINDEXEDPOLYCURVE(#2150,(IFCLINEINDEX((1,2,3,4,5,6,7,8,1))),$);
#2152=IFCARBITRARYCLOSEDPROFILEDEF(.AREA.,$,#2151);
#2153=IFCCARTESIANPOINT((0.,0.,0.));
#2154=IFCDIRECTION((0.,-1.,0.));
#2155=IFCDIRECTION((1.,0.,0.));
#2156=IFCAXIS2PLACEMENT3D(#2153,#2154,#2155);
#2157=IFCDIRECTION((0.,0.,-1.));
#2158=IFCEXTRUDEDAREASOLID(#2152,#2156,#2157,0.05000000074505806);
#2159=IFCCARTESIANPOINTLIST2D(((0.,0.),(1.3179166540503502,0.),(1.3179166540503502,0.10000000149011612),(0.,0.10000000149011612)));
#2160=IFCINDEXEDPOLYCURVE(#2159,(IFCLINEINDEX((1,2,3,4,1))),$);
#2161=IFCARBITRARYCLOSEDPROFILEDEF(.AREA.,$,#2160);
#2162=IFCCARTESIANPOINT((0.05000000074505806,0.,0.));
#2163=IFCDIRECTION((0.,0.,1.));
#2164=IFCDIRECTION((1.,0.,0.));
#2165=IFCAXIS2PLACEMENT3D(#2162,#2163,#2164);
#2166=IFCDIRECTION((0.,0.,1.));
#2167=IFCEXTRUDEDAREASOLID(#2161,#2165,#2166,0.02500000037252903);
#2168=IFCCARTESIANPOINTLIST2D(((0.,0.),(0.,2.0250000022351742),(1.4679166600108147,2.0250000022351742),(1.4679166600108147,0.),(1.3929166570305824,0.),(1.3929166570305824,1.9499999992549419),(0.075000002980232239,1.9499999992549419),(0.075000002980232239,0.)));
#2169=IFCINDEXEDPOLYCURVE(#2168,(IFCLINEINDEX((1,2,3,4,5,6,7,8,1))),$);
#2170=IFCARBITRARYCLOSEDPROFILEDEF(.AREA.,$,#2169);
#2171=IFCCARTESIANPOINT((-0.025000002235174179,-0.004999999888241291,0.));
#2172=IFCDIRECTION((0.,-1.,0.));
#2173=IFCDIRECTION((1.,0.,0.));
#2174=IFCAXIS2PLACEMENT3D(#2171,#2172,#2173);
#2175=IFCDIRECTION((0.,0.,-1.));
#2176=IFCEXTRUDEDAREASOLID(#2170,#2174,#2175,0.004999999888241291);
#2177=IFCCARTESIANPOINTLIST2D(((0.,0.),(0.,2.0250000022351742),(1.4679166600108147,2.0250000022351742),(1.4679166600108147,0.),(1.3929166570305824,0.),(1.3929166570305824,1.9499999992549419),(0.075000002980232239,1.9499999992549419),(0.075000002980232239,0.)));
#2178=IFCINDEXEDPOLYCURVE(#2177,(IFCLINEINDEX((1,2,3,4,5,6,7,8,1))),$);
#2179=IFCARBITRARYCLOSEDPROFILEDEF(.AREA.,$,#2178);
#2180=IFCCARTESIANPOINT((-0.025000002235174179,0.05000000074505806,0.));
#2181=IFCDIRECTION((0.,-1.,0.));
#2182=IFCDIRECTION((1.,0.,0.));
#2183=IFCAXIS2PLACEMENT3D(#2180,#2181,#2182);
#2184=IFCDIRECTION((0.,0.,-1.));
#2185=IFCEXTRUDEDAREASOLID(#2179,#2183,#2184,0.004999999888241291);
#2186=IFCCARTESIANPOINTLIST2D(((0.,0.),(1.3179166540503502,0.),(1.3179166540503502,0.035000000149011612),(0.,0.035000000149011612)));
#2187=IFCINDEXEDPOLYCURVE(#2186,(IFCLINEINDEX((1,2,3,4,1))),$);
#2188=IFCARBITRARYCLOSEDPROFILEDEF(.AREA.,$,#2187);
#2189=IFCCARTESIANPOINT((0.05000000074505806,-0.035000000149011612,0.02500000037252903));
#2190=IFCDIRECTION((0.,0.,1.));
#2191=IFCDIRECTION((1.,0.,0.));
#2192=IFCAXIS2PLACEMENT3D(#2189,#2190,#2191);
#2193=IFCDIRECTION((0.,0.,1.));
#2194=IFCEXTRUDEDAREASOLID(#2188,#2192,#2193,1.9249999988824129);
#2195=IFCCARTESIANPOINTLIST2D(((0.,0.),(0.,-0.040000000000000008),(-0.11999999999999988,-0.040000000000000008),(-0.11999999999999988,-0.020000000000000004),(-0.020000000000000018,-0.020000000000000004),(-0.020000000000000018,0.)));
#2196=IFCINDEXEDPOLYCURVE(#2195,(IFCLINEINDEX((1,2,3,4,5,6,1))),$);
#2197=IFCARBITRARYCLOSEDPROFILEDEF(.AREA.,$,#2196);
#2198=IFCCARTESIANPOINT((1.3179166547954082,-0.035000000149011612,1.015000000372529));
#2199=IFCDIRECTION((0.,0.,1.));
#2200=IFCDIRECTION((1.,0.,0.));
#2201=IFCAXIS2PLACEMENT3D(#2198,#2199,#2200);
#2202=IFCDIRECTION((0.,0.,1.));
#2203=IFCEXTRUDEDAREASOLID(#2197,#2201,#2202,0.02);
#2204=IFCEXTRUDEDAREASOLID(#2205,#2208,#2212,0.02);
#2205=IFCARBITRARYCLOSEDPROFILEDEF(.AREA.,$,#2206);
#2206=IFCINDEXEDPOLYCURVE(#2207,(IFCLINEINDEX((1,2,3,4,5,6,1))),$);
#2207=IFCCARTESIANPOINTLIST2D(((0.,0.),(0.,0.040000000000000008),(-0.11999999999999988,0.040000000000000008),(-0.11999999999999988,0.020000000000000004),(-0.020000000000000018,0.020000000000000004),(-0.020000000000000018,0.)));
#2208=IFCAXIS2PLACEMENT3D(#2209,#2210,#2211);
#2209=IFCCARTESIANPOINT((1.3179166547954082,0.,1.015000000372529));
#2210=IFCDIRECTION((0.,0.,1.));
#2211=IFCDIRECTION((1.,0.,0.));
#2212=IFCDIRECTION((0.,0.,1.));
#2214=IFCSHAPEREPRESENTATION(#11,'Body','SweptSolid',(#2167,#2368,#2377,#2158,#2359,#2386,#2185,#2176));
#2215=IFCSHAPEASPECT((#2214),'Lining',$,.T.,#2091);
#2216=IFCSHAPEREPRESENTATION(#11,'Body','SweptSolid',(#2194,#2404,#2405,#2395,#2203,#2204));
#2217=IFCSHAPEASPECT((#2216),'Framing',$,.T.,#2091);
#2230=IFCCARTESIANPOINT((0.,0.,0.));
#2231=IFCDIRECTION((1.,0.,0.));
#2232=IFCDIRECTION((0.,0.,1.));
#2233=IFCAXIS2PLACEMENT3D(#2230,#2232,#2231);
#2234=IFCREPRESENTATIONMAP(#2233,#2426);
#2235=IFCCARTESIANPOINT((0.,0.,0.));
#2236=IFCDIRECTION((1.,0.,0.));
#2237=IFCDIRECTION((0.,1.,0.));
#2238=IFCDIRECTION((0.,0.,1.));
#2239=IFCCARTESIANTRANSFORMATIONOPERATOR3D(#2236,#2237,#2235,1.,#2238);
#2240=IFCMAPPEDITEM(#2234,#2239);
#2241=IFCSHAPEREPRESENTATION(#25,'Annotation','MappedRepresentation',(#2240));
#2281=IFCCARTESIANPOINTLIST2D(((0.,0.),(0.,0.10000000000000001),(2.400000398720489,0.10000000000000001),(2.3000003792497683,0.)));
#2282=IFCINDEXEDPOLYCURVE(#2281,(IFCLINEINDEX((1,2,3,4,1))),$);
#2283=IFCARBITRARYCLOSEDPROFILEDEF(.AREA.,$,#2282);
#2284=IFCCARTESIANPOINT((0.,0.,0.));
#2285=IFCDIRECTION((0.,0.,1.));
#2286=IFCDIRECTION((1.,0.,0.));
#2287=IFCAXIS2PLACEMENT3D(#2284,#2285,#2286);
#2288=IFCDIRECTION((0.,0.,1.));
#2289=IFCEXTRUDEDAREASOLID(#2283,#2287,#2288,3.);
#2290=IFCSHAPEREPRESENTATION(#11,'Body','SweptSolid',(#2289));
#2291=IFCCARTESIANPOINTLIST2D(((0.,0.),(2.4000003792497706,0.)));
#2292=IFCINDEXEDPOLYCURVE(#2291,$,$);
#2293=IFCSHAPEREPRESENTATION(#23,'Axis','Curve2D',(#2292));
#2321=IFCRELCONNECTSPATHELEMENTS('2U2Ex5y$H1uwVK8$1CA4Vd',$,$,$,$,#189,#214,(),(),.ATSTART.,.ATEND.);
#2322=IFCCARTESIANPOINTLIST2D(((0.,0.),(-0.10000004649123767,0.10000000000000001),(3.450000019072236,0.10000000000000001),(3.5500000655634736,0.)));
#2323=IFCINDEXEDPOLYCURVE(#2322,(IFCLINEINDEX((1,2,3,4,1))),$);
#2324=IFCARBITRARYCLOSEDPROFILEDEF(.AREA.,$,#2323);
#2325=IFCCARTESIANPOINT((0.,0.,0.));
#2326=IFCDIRECTION((0.,0.,1.));
#2327=IFCDIRECTION((1.,0.,0.));
#2328=IFCAXIS2PLACEMENT3D(#2325,#2326,#2327);
#2329=IFCDIRECTION((0.,0.,1.));
#2330=IFCEXTRUDEDAREASOLID(#2324,#2328,#2329,3.);
#2331=IFCSHAPEREPRESENTATION(#11,'Body','SweptSolid',(#2330));
#2332=IFCCARTESIANPOINTLIST2D(((0.,0.),(3.5500000655634736,0.)));
#2333=IFCINDEXEDPOLYCURVE(#2332,$,$);
#2334=IFCSHAPEREPRESENTATION(#23,'Axis','Curve2D',(#2333));
#2335=IFCCARTESIANPOINTLIST2D(((0.,0.),(0.1000000464912377,0.10000000000000001),(5.0000008177662467,0.10000000000000001),(5.1000008102164571,0.)));
#2336=IFCINDEXEDPOLYCURVE(#2335,(IFCLINEINDEX((1,2,3,4,1))),$);
#2337=IFCARBITRARYCLOSEDPROFILEDEF(.AREA.,$,#2336);
#2338=IFCCARTESIANPOINT((0.,0.,0.));
#2339=IFCDIRECTION((0.,0.,1.));
#2340=IFCDIRECTION((1.,0.,0.));
#2341=IFCAXIS2PLACEMENT3D(#2338,#2339,#2340);
#2342=IFCDIRECTION((0.,0.,1.));
#2343=IFCEXTRUDEDAREASOLID(#2337,#2341,#2342,3.);
#2344=IFCSHAPEREPRESENTATION(#11,'Body','SweptSolid',(#2343));
#2345=IFCCARTESIANPOINTLIST2D(((0.,0.),(5.1000008102164571,0.)));
#2346=IFCINDEXEDPOLYCURVE(#2345,$,$);
#2347=IFCSHAPEREPRESENTATION(#23,'Axis','Curve2D',(#2346));
#2348=IFCCARTESIANPOINTLIST3D(((0.,0.,0.),(1.4179166555404663,0.,0.),(1.4179166555404663,0.,2.),(0.,0.,2.)));
#2349=IFCINDEXEDPOLYCURVE(#2348,(IFCLINEINDEX((1,2,3,4,1))),$);
#2350=IFCSHAPEREPRESENTATION(#18,'Profile','Curve3D',(#2349));
#2351=IFCCARTESIANPOINTLIST2D(((0.,0.),(0.,2.),(1.4179166555404663,2.),(1.4179166555404663,0.),(1.3679166547954082,0.),(1.3679166547954082,1.9499999992549419),(0.05000000074505806,1.9499999992549419),(0.05000000074505806,0.)));
#2352=IFCINDEXEDPOLYCURVE(#2351,(IFCLINEINDEX((1,2,3,4,5,6,7,8,1))),$);
#2353=IFCARBITRARYCLOSEDPROFILEDEF(.AREA.,$,#2352);
#2354=IFCCARTESIANPOINT((0.,0.,0.));
#2355=IFCDIRECTION((0.,-1.,0.));
#2356=IFCDIRECTION((1.,0.,0.));
#2357=IFCAXIS2PLACEMENT3D(#2354,#2355,#2356);
#2358=IFCDIRECTION((0.,0.,-1.));
#2359=IFCEXTRUDEDAREASOLID(#2353,#2357,#2358,0.05000000074505806);
#2360=IFCCARTESIANPOINTLIST2D(((0.,0.),(1.3179166540503502,0.),(1.3179166540503502,0.10000000149011612),(0.,0.10000000149011612)));
#2361=IFCINDEXEDPOLYCURVE(#2360,(IFCLINEINDEX((1,2,3,4,1))),$);
#2362=IFCARBITRARYCLOSEDPROFILEDEF(.AREA.,$,#2361);
#2363=IFCCARTESIANPOINT((0.05000000074505806,0.,0.));
#2364=IFCDIRECTION((0.,0.,1.));
#2365=IFCDIRECTION((1.,0.,0.));
#2366=IFCAXIS2PLACEMENT3D(#2363,#2364,#2365);
#2367=IFCDIRECTION((0.,0.,1.));
#2368=IFCEXTRUDEDAREASOLID(#2362,#2366,#2367,0.02500000037252903);
#2369=IFCCARTESIANPOINTLIST2D(((0.,0.),(0.,2.0250000022351742),(1.4679166600108147,2.0250000022351742),(1.4679166600108147,0.),(1.3929166570305824,0.),(1.3929166570305824,1.9499999992549419),(0.075000002980232239,1.9499999992549419),(0.075000002980232239,0.)));
#2370=IFCINDEXEDPOLYCURVE(#2369,(IFCLINEINDEX((1,2,3,4,5,6,7,8,1))),$);
#2371=IFCARBITRARYCLOSEDPROFILEDEF(.AREA.,$,#2370);
#2372=IFCCARTESIANPOINT((-0.025000002235174179,-0.004999999888241291,0.));
#2373=IFCDIRECTION((0.,-1.,0.));
#2374=IFCDIRECTION((1.,0.,0.));
#2375=IFCAXIS2PLACEMENT3D(#2372,#2373,#2374);
#2376=IFCDIRECTION((0.,0.,-1.));
#2377=IFCEXTRUDEDAREASOLID(#2371,#2375,#2376,0.004999999888241291);
#2378=IFCCARTESIANPOINTLIST2D(((0.,0.),(0.,2.0250000022351742),(1.4679166600108147,2.0250000022351742),(1.4679166600108147,0.),(1.3929166570305824,0.),(1.3929166570305824,1.9499999992549419),(0.075000002980232239,1.9499999992549419),(0.075000002980232239,0.)));
#2379=IFCINDEXEDPOLYCURVE(#2378,(IFCLINEINDEX((1,2,3,4,5,6,7,8,1))),$);
#2380=IFCARBITRARYCLOSEDPROFILEDEF(.AREA.,$,#2379);
#2381=IFCCARTESIANPOINT((-0.025000002235174179,0.05000000074505806,0.));
#2382=IFCDIRECTION((0.,-1.,0.));
#2383=IFCDIRECTION((1.,0.,0.));
#2384=IFCAXIS2PLACEMENT3D(#2381,#2382,#2383);
#2385=IFCDIRECTION((0.,0.,-1.));
#2386=IFCEXTRUDEDAREASOLID(#2380,#2384,#2385,0.004999999888241291);
#2387=IFCCARTESIANPOINTLIST2D(((0.,0.),(1.3179166540503502,0.),(1.3179166540503502,0.035000000149011612),(0.,0.035000000149011612)));
#2388=IFCINDEXEDPOLYCURVE(#2387,(IFCLINEINDEX((1,2,3,4,1))),$);
#2389=IFCARBITRARYCLOSEDPROFILEDEF(.AREA.,$,#2388);
#2390=IFCCARTESIANPOINT((0.05000000074505806,-0.035000000149011612,0.02500000037252903));
#2391=IFCDIRECTION((0.,0.,1.));
#2392=IFCDIRECTION((1.,0.,0.));
#2393=IFCAXIS2PLACEMENT3D(#2390,#2391,#2392);
#2394=IFCDIRECTION((0.,0.,1.));
#2395=IFCEXTRUDEDAREASOLID(#2389,#2393,#2394,1.9249999988824129);
#2396=IFCCARTESIANPOINTLIST2D(((0.,0.),(0.,-0.040000000000000001),(0.12,-0.040000000000000001),(0.12,-0.02),(0.02,-0.02),(0.02,0.)));
#2397=IFCINDEXEDPOLYCURVE(#2396,(IFCLINEINDEX((1,2,3,4,5,6,1))),$);
#2398=IFCARBITRARYCLOSEDPROFILEDEF(.AREA.,$,#2397);
#2399=IFCCARTESIANPOINT((0.10000000074505806,-0.035000000149011612,1.015000000372529));
#2400=IFCDIRECTION((0.,0.,1.));
#2401=IFCDIRECTION((1.,0.,0.));
#2402=IFCAXIS2PLACEMENT3D(#2399,#2400,#2401);
#2403=IFCDIRECTION((0.,0.,1.));
#2404=IFCEXTRUDEDAREASOLID(#2398,#2402,#2403,0.02);
#2405=IFCEXTRUDEDAREASOLID(#2406,#2409,#2413,0.02);
#2406=IFCARBITRARYCLOSEDPROFILEDEF(.AREA.,$,#2407);
#2407=IFCINDEXEDPOLYCURVE(#2408,(IFCLINEINDEX((1,2,3,4,5,6,1))),$);
#2408=IFCCARTESIANPOINTLIST2D(((0.,0.),(0.,0.040000000000000008),(0.11999999999999998,0.040000000000000008),(0.11999999999999998,0.020000000000000004),(0.020000000000000004,0.020000000000000004),(0.020000000000000004,0.)));
#2409=IFCAXIS2PLACEMENT3D(#2410,#2411,#2412);
#2410=IFCCARTESIANPOINT((0.10000000074505806,0.,1.015000000372529));
#2411=IFCDIRECTION((0.,0.,1.));
#2412=IFCDIRECTION((1.,0.,0.));
#2413=IFCDIRECTION((0.,0.,1.));
#2414=IFCSHAPEREPRESENTATION(#11,'Body','SweptSolid',(#2359,#2395,#2404,#2405,#2368,#2377,#2386));
#2415=IFCCARTESIANPOINTLIST2D(((0.,0.),(0.05000000074505806,0.),(0.05000000074505806,0.05000000074505806),(0.,0.05000000074505806)));
#2416=IFCINDEXEDPOLYCURVE(#2415,(IFCLINEINDEX((1,2,3,4,1))),$);
#2417=IFCINDEXEDPOLYCURVE(#2418,(IFCLINEINDEX((1,2,3,4,1))),$);
#2418=IFCCARTESIANPOINTLIST2D(((1.4179166555404663,0.),(1.3679166547954082,0.),(1.3679166547954082,0.05000000074505806),(1.4179166555404663,0.05000000074505806)));
#2419=IFCCARTESIANPOINTLIST2D(((2.0268749818205833,-0.035000000149011612),(0.70895832777023315,-0.035000000149011612),(0.70895832777023315,0.),(2.0268749818205833,0.)));
#2420=IFCINDEXEDPOLYCURVE(#2419,(IFCLINEINDEX((1,2,3,4,1))),$);
#2421=IFCSHAPEREPRESENTATION(#24,'Body','Curve2D',(#2416,#2417,#2420));
#2422=IFCCARTESIANPOINTLIST2D(((0.51127082966268067,-0.081587428267465345),(0.90664582587778575,-0.081587428267465345)));
#2423=IFCINDEXEDPOLYCURVE(#2422,$,$);
#2424=IFCCARTESIANPOINTLIST2D(((0.54127082966268059,-0.050529142855162856),(0.51127082966268067,-0.081587428267465345),(0.54127082966268059,-0.11264571367976783)));
#2425=IFCINDEXEDPOLYCURVE(#2424,$,$);
#2426=IFCSHAPEREPRESENTATION(#25,'Annotation','Curve2D',(#2423,#2425));
#2427=IFCCARTESIANPOINTLIST2D(((0.,0.),(1.4179166555404663,0.),(1.4179166555404663,2.),(0.,2.)));
#2428=IFCINDEXEDPOLYCURVE(#2427,(IFCLINEINDEX((1,2,3,4,1))),$);
#2429=IFCARBITRARYCLOSEDPROFILEDEF(.AREA.,$,#2428);
#2430=IFCCARTESIANPOINT((0.,-0.60000002384185791,0.));
#2431=IFCDIRECTION((0.,-1.,0.));
#2432=IFCDIRECTION((1.,0.,0.));
#2433=IFCAXIS2PLACEMENT3D(#2430,#2431,#2432);
#2434=IFCDIRECTION((0.,0.,-1.));
#2435=IFCEXTRUDEDAREASOLID(#2429,#2433,#2434,1.2);
#2436=IFCSHAPEREPRESENTATION(#11,'Body','SweptSolid',(#2435));
#2442=IFCCARTESIANPOINT((0.14561486005138635,0.075000528508649911,0.));
#2443=IFCDIRECTION((0.,0.,1.));
#2444=IFCDIRECTION((0.99999999999948253,-1.0172473281493814E-06,0.));
#2445=IFCAXIS2PLACEMENT3D(#2442,#2443,#2444);
#2446=IFCLOCALPLACEMENT(#980,#2445);
#2447=IFCCARTESIANPOINT((-2.2204460492503131E-16,-4.4408920985006262E-16,0.));
#2448=IFCDIRECTION((0.,0.,1.));
#2449=IFCDIRECTION((0.99999999999999989,2.1175823681357508E-22,0.));
#2450=IFCAXIS2PLACEMENT3D(#2447,#2448,#2449);
#2451=IFCLOCALPLACEMENT(#2446,#2450);
#2452=IFCWINDOWTYPE('0cUboW9ST39wX1d612hCi_',$,'living-gf',$,$,(#2453),(#2462,#2510,#2532),$,$,.WINDOW.,.SINGLE_PANEL.,$,$);
#2453=IFCPROPERTYSET('12zSeJ32PFsurCbTQQVwLO',$,'BBIM_Window',$,(#2454));
#2454=IFCPROPERTYSINGLEVALUE('Data',$,IFCTEXT('{"window_type": "SINGLE_PANEL", "overall_height": 0.8999999761581421, "overall_width": 0.7926777601242065, "lining_properties": {"lining_depth": 0.05000000074505806, "lining_thickness": 0.05000000074505806, "lining_offset": 0.05000000074505806, "lining_to_panel_offset_x": 0.02500000037252903, "lining_to_panel_offset_y": 0.02500000037252903}, "panel_properties": {"frame_depth": [0.03500000014901161, 0.03500000014901161, 0.03500000014901161], "frame_thickness": [0.03500000014901161, 0.03500000014901161, 0.03500000014901161]}}'),$);
#2458=IFCCARTESIANPOINT((0.,0.,0.));
#2459=IFCDIRECTION((1.,0.,0.));
#2460=IFCDIRECTION((0.,0.,1.));
#2461=IFCAXIS2PLACEMENT3D(#2458,#2460,#2459);
#2462=IFCREPRESENTATIONMAP(#2461,#2615);
#2506=IFCCARTESIANPOINT((0.,0.,0.));
#2507=IFCDIRECTION((1.,0.,0.));
#2508=IFCDIRECTION((0.,0.,1.));
#2509=IFCAXIS2PLACEMENT3D(#2506,#2508,#2507);
#2510=IFCREPRESENTATIONMAP(#2509,#2658);
#2528=IFCCARTESIANPOINT((0.,0.,0.));
#2529=IFCDIRECTION((1.,0.,0.));
#2530=IFCDIRECTION((0.,0.,1.));
#2531=IFCAXIS2PLACEMENT3D(#2528,#2530,#2529);
#2532=IFCREPRESENTATIONMAP(#2531,#2681);
#2533=IFCWINDOW('1ufn7X6v99cvs8MqsEG5Tk',$,'Window',$,$,#2822,#2542,$,0.89999997615814209,0.79267776012420654,$,.SINGLE_PANEL.,$);
#2534=IFCRELDEFINESBYTYPE('307kxWIhD4qupyo2aJajp8',$,$,$,(#2533),#2452);
#2535=IFCCARTESIANPOINT((0.,0.,0.));
#2536=IFCDIRECTION((1.,0.,0.));
#2537=IFCDIRECTION((0.,1.,0.));
#2538=IFCDIRECTION((0.,0.,1.));
#2539=IFCCARTESIANTRANSFORMATIONOPERATOR3D(#2536,#2537,#2535,1.,#2538);
#2540=IFCMAPPEDITEM(#2462,#2539);
#2541=IFCSHAPEREPRESENTATION(#18,'Profile','MappedRepresentation',(#2540));
#2542=IFCPRODUCTDEFINITIONSHAPE($,$,(#2541,#2549,#2556));
#2543=IFCCARTESIANPOINT((0.,0.,0.));
#2544=IFCDIRECTION((1.,0.,0.));
#2545=IFCDIRECTION((0.,1.,0.));
#2546=IFCDIRECTION((0.,0.,1.));
#2547=IFCCARTESIANTRANSFORMATIONOPERATOR3D(#2544,#2545,#2543,1.,#2546);
#2548=IFCMAPPEDITEM(#2510,#2547);
#2549=IFCSHAPEREPRESENTATION(#11,'Body','MappedRepresentation',(#2548));
#2550=IFCCARTESIANPOINT((0.,0.,0.));
#2551=IFCDIRECTION((1.,0.,0.));
#2552=IFCDIRECTION((0.,1.,0.));
#2553=IFCDIRECTION((0.,0.,1.));
#2554=IFCCARTESIANTRANSFORMATIONOPERATOR3D(#2551,#2552,#2550,1.,#2553);
#2555=IFCMAPPEDITEM(#2532,#2554);
#2556=IFCSHAPEREPRESENTATION(#24,'Body','MappedRepresentation',(#2555));
#2557=IFCOPENINGELEMENT('3UFNslPvX4rOkiEKbnARLB',$,'Opening',$,$,#2731,#2585,$,.OPENING.);
#2573=IFCCARTESIANPOINT((0.,0.,0.));
#2574=IFCDIRECTION((1.,0.,0.));
#2575=IFCDIRECTION((0.,0.,1.));
#2576=IFCAXIS2PLACEMENT3D(#2573,#2575,#2574);
#2577=IFCREPRESENTATIONMAP(#2576,#2691);
#2578=IFCCARTESIANPOINT((0.,0.,0.));
#2579=IFCDIRECTION((1.,0.,0.));
#2580=IFCDIRECTION((0.,1.,0.));
#2581=IFCDIRECTION((0.,0.,1.));
#2582=IFCCARTESIANTRANSFORMATIONOPERATOR3D(#2579,#2580,#2578,1.,#2581);
#2583=IFCMAPPEDITEM(#2577,#2582);
#2584=IFCSHAPEREPRESENTATION(#11,'Body','MappedRepresentation',(#2583));
#2585=IFCPRODUCTDEFINITIONSHAPE($,$,(#2584));
#2586=IFCRELVOIDSELEMENT('14PVVjiFDCjOPlOtS6NxZz',$,$,$,#87,#2557);
#2592=IFCRELFILLSELEMENT('2CeCP70k9CX8dgK_8v73MK',$,$,$,#2557,#2533);
#2613=IFCCARTESIANPOINTLIST3D(((0.,0.,0.),(0.79267776012420654,0.,0.),(0.79267776012420654,0.,0.89999997615814209),(0.,0.,0.89999997615814209)));
#2614=IFCINDEXEDPOLYCURVE(#2613,(IFCLINEINDEX((1,2,3,4,1))),$);
#2615=IFCSHAPEREPRESENTATION(#18,'Profile','Curve3D',(#2614));
#2616=IFCCARTESIANPOINTLIST2D(((0.,0.),(0.79267776012420654,0.),(0.79267776012420654,0.89999997615814209),(0.,0.89999997615814209)));
#2617=IFCINDEXEDPOLYCURVE(#2616,(IFCLINEINDEX((1,2,3,4,1))),$);
#2618=IFCCARTESIANPOINTLIST2D(((0.02500000037252903,0.02500000037252903),(0.76767775975167751,0.02500000037252903),(0.76767775975167751,0.87499997578561306),(0.02500000037252903,0.87499997578561306)));
#2619=IFCINDEXEDPOLYCURVE(#2618,(IFCLINEINDEX((1,2,3,4,1))),$);
#2620=IFCARBITRARYPROFILEDEFWITHVOIDS(.AREA.,$,#2617,(#2619));
#2621=IFCCARTESIANPOINT((0.,0.090000001713633537,0.));
#2622=IFCDIRECTION((0.,-1.,0.));
#2623=IFCDIRECTION((1.,0.,0.));
#2624=IFCAXIS2PLACEMENT3D(#2621,#2622,#2623);
#2625=IFCDIRECTION((0.,0.,-1.));
#2626=IFCEXTRUDEDAREASOLID(#2620,#2624,#2625,0.0099999997764825821);
#2627=IFCCARTESIANPOINTLIST2D(((0.,0.),(0.79267776012420654,0.),(0.79267776012420654,0.89999997615814209),(0.,0.89999997615814209)));
#2628=IFCINDEXEDPOLYCURVE(#2627,(IFCLINEINDEX((1,2,3,4,1))),$);
#2629=IFCCARTESIANPOINTLIST2D(((0.05000000074505806,0.05000000074505806),(0.74267775937914848,0.05000000074505806),(0.74267775937914848,0.84999997541308403),(0.05000000074505806,0.84999997541308403)));
#2630=IFCINDEXEDPOLYCURVE(#2629,(IFCLINEINDEX((1,2,3,4,1))),$);
#2631=IFCARBITRARYPROFILEDEFWITHVOIDS(.AREA.,$,#2628,(#2630));
#2632=IFCCARTESIANPOINT((0.,0.05000000074505806,0.));
#2633=IFCDIRECTION((0.,-1.,0.));
#2634=IFCDIRECTION((1.,0.,0.));
#2635=IFCAXIS2PLACEMENT3D(#2632,#2633,#2634);
#2636=IFCDIRECTION((0.,0.,-1.));
#2637=IFCEXTRUDEDAREASOLID(#2631,#2635,#2636,0.040000000968575478);
#2638=IFCCARTESIANPOINTLIST2D(((0.,0.),(0.74267775937914848,0.),(0.74267775937914848,0.84999997541308403),(0.,0.84999997541308403)));
#2639=IFCINDEXEDPOLYCURVE(#2638,(IFCLINEINDEX((1,2,3,4,1))),$);
#2640=IFCCARTESIANPOINTLIST2D(((0.035000000149011612,0.035000000149011612),(0.70767775923013687,0.035000000149011612),(0.70767775923013687,0.81499997526407242),(0.035000000149011612,0.81499997526407242)));
#2641=IFCINDEXEDPOLYCURVE(#2640,(IFCLINEINDEX((1,2,3,4,1))),$);
#2642=IFCARBITRARYPROFILEDEFWITHVOIDS(.AREA.,$,#2639,(#2641));
#2643=IFCCARTESIANPOINT((0.02500000037252903,0.090000001713633537,0.02500000037252903));
#2644=IFCDIRECTION((0.,-1.,0.));
#2645=IFCDIRECTION((1.,0.,0.));
#2646=IFCAXIS2PLACEMENT3D(#2643,#2644,#2645);
#2647=IFCDIRECTION((0.,0.,-1.));
#2648=IFCEXTRUDEDAREASOLID(#2642,#2646,#2647,0.035000000149011612);
#2649=IFCINDEXEDPOLYCURVE(#2650,(IFCLINEINDEX((1,2,3,4,1))),$);
#2650=IFCCARTESIANPOINTLIST2D(((0.035000000149011612,0.035000000149011612),(0.70767775923013687,0.035000000149011612),(0.70767775923013687,0.81499997526407242),(0.035000000149011612,0.81499997526407242)));
#2651=IFCARBITRARYCLOSEDPROFILEDEF(.AREA.,$,#2649);
#2652=IFCCARTESIANPOINT((0.02500000037252903,0.10250000178813934,0.02500000037252903));
#2653=IFCDIRECTION((0.,-1.,0.));
#2654=IFCDIRECTION((1.,0.,0.));
#2655=IFCAXIS2PLACEMENT3D(#2652,#2653,#2654);
#2656=IFCDIRECTION((0.,0.,-1.));
#2657=IFCEXTRUDEDAREASOLID(#2651,#2655,#2656,0.01);
#2658=IFCSHAPEREPRESENTATION(#11,'Body','SweptSolid',(#2626,#2637,#2648,#2657));
#2659=IFCSHAPEREPRESENTATION(#11,'Body','SweptSolid',(#2626,#2637));
#2660=IFCSHAPEASPECT((#2659),'Lining',$,.T.,#2542);
#2661=IFCSHAPEREPRESENTATION(#11,'Body','SweptSolid',(#2648));
#2662=IFCSHAPEASPECT((#2661),'Framing',$,.T.,#2542);
#2663=IFCSHAPEREPRESENTATION(#11,'Body','SweptSolid',(#2657));
#2664=IFCSHAPEASPECT((#2663),'Glazing',$,.T.,#2542);
#2665=IFCCARTESIANPOINTLIST2D(((0.05000000074505806,0.05000000074505806),(0.74267775937914848,0.05000000074505806)));
#2666=IFCINDEXEDPOLYCURVE(#2665,$,$);
#2667=IFCCARTESIANPOINTLIST2D(((0.,0.10000000149011612),(0.02500000037252903,0.10000000149011612),(0.02500000037252903,0.090000001713633537),(0.05000000074505806,0.090000001713633537),(0.05000000074505806,0.05000000074505806),(0.,0.05000000074505806)));
#2668=IFCINDEXEDPOLYCURVE(#2667,(IFCLINEINDEX((1,2,3,4,5,6,1))),$);
#2669=IFCCARTESIANPOINTLIST2D(((0.79267776012420654,0.10000000149011612),(0.76767775975167751,0.10000000149011612),(0.76767775975167751,0.090000001713633537),(0.74267775937914848,0.090000001713633537),(0.74267775937914848,0.05000000074505806),(0.79267776012420654,0.05000000074505806)));
#2670=IFCINDEXEDPOLYCURVE(#2669,(IFCLINEINDEX((1,2,3,4,5,6,1))),$);
#2671=IFCCARTESIANPOINTLIST2D(((0.02500000037252903,0.090000001713633537),(0.060000000521540642,0.090000001713633537),(0.060000000521540642,0.12500000186264515),(0.02500000037252903,0.12500000186264515)));
#2672=IFCINDEXEDPOLYCURVE(#2671,(IFCLINEINDEX((1,2,3,4,1))),$);
#2673=IFCINDEXEDPOLYCURVE(#2674,(IFCLINEINDEX((1,2,3,4,1))),$);
#2674=IFCCARTESIANPOINTLIST2D(((0.76767775975167751,0.090000001713633537),(0.7326777596026659,0.090000001713633537),(0.7326777596026659,0.12500000186264515),(0.76767775975167751,0.12500000186264515)));
#2675=IFCCARTESIANPOINTLIST2D(((0.060000000521540642,0.090000001713633537),(0.7326777596026659,0.090000001713633537)));
#2676=IFCINDEXEDPOLYCURVE(#2675,$,$);
#2677=IFCINDEXEDPOLYCURVE(#2678,$,$);
#2678=IFCCARTESIANPOINTLIST2D(((0.060000000521540642,0.12500000186264515),(0.7326777596026659,0.12500000186264515)));
#2679=IFCINDEXEDPOLYCURVE(#2680,$,$);
#2680=IFCCARTESIANPOINTLIST2D(((0.060000000521540642,0.10750000178813934),(0.7326777596026659,0.10750000178813934)));
#2681=IFCSHAPEREPRESENTATION(#24,'Body','Curve2D',(#2666,#2668,#2670,#2672,#2673,#2676,#2677,#2679));
#2682=IFCCARTESIANPOINTLIST2D(((0.,0.),(0.79267776012420654,0.),(0.79267776012420654,0.89999997615814209),(0.,0.89999997615814209)));
#2683=IFCINDEXEDPOLYCURVE(#2682,(IFCLINEINDEX((1,2,3,4,1))),$);
#2684=IFCARBITRARYCLOSEDPROFILEDEF(.AREA.,$,#2683);
#2685=IFCCARTESIANPOINT((0.,-0.60000002384185791,0.));
#2686=IFCDIRECTION((0.,-1.,0.));
#2687=IFCDIRECTION((1.,0.,0.));
#2688=IFCAXIS2PLACEMENT3D(#2685,#2686,#2687);
#2689=IFCDIRECTION((0.,0.,-1.));
#2690=IFCEXTRUDEDAREASOLID(#2684,#2688,#2689,1.2);
#2691=IFCSHAPEREPRESENTATION(#11,'Body','SweptSolid',(#2690));
#2727=IFCCARTESIANPOINT((1.7567415734164309,9.5367431640625E-07,1.));
#2728=IFCDIRECTION((0.,0.,1.));
#2729=IFCDIRECTION((0.99999999999988631,-4.7683715820307079E-07,0.));
#2730=IFCAXIS2PLACEMENT3D(#2727,#2728,#2729);
#2731=IFCLOCALPLACEMENT(#625,#2730);
#2737=IFCWINDOWTYPE('13VBjlxXj3XeUsyM095D8B',$,'guest-1-gf',$,$,(#2738),(#2740,#2748,#2796),$,$,.WINDOW.,.SINGLE_PANEL.,$,$);
#2738=IFCPROPERTYSET('12xGn30cr4Rx$jpA2pv2cf',$,'BBIM_Window',$,(#2739));
#2739=IFCPROPERTYSINGLEVALUE('Data',$,IFCTEXT('{"window_type": "DOUBLE_PANEL_VERTICAL", "overall_height": 0.8999999761581421, "overall_width": 1.20390784740448, "lining_properties": {"lining_depth": 0.05000000074505806, "lining_thickness": 0.05000000074505806, "lining_offset": 0.05000000074505806, "lining_to_panel_offset_x": 0.02500000037252903, "lining_to_panel_offset_y": 0.02500000037252903, "mullion_thickness": 0.05000000074505806, "first_mullion_offset": 0.6019999980926514}, "panel_properties": {"frame_depth": [0.03500000014901161, 0.03500000014901161, 0.03500000014901161], "frame_thickness": [0.03500000014901161, 0.03500000014901161, 0.03500000014901161]}}'),$);
#2740=IFCREPRESENTATIONMAP(#2741,#3184);
#2741=IFCAXIS2PLACEMENT3D(#2742,#2743,#2744);
#2742=IFCCARTESIANPOINT((0.,0.,0.));
#2743=IFCDIRECTION((0.,0.,1.));
#2744=IFCDIRECTION((1.,0.,0.));
#2748=IFCREPRESENTATIONMAP(#2749,#3265);
#2749=IFCAXIS2PLACEMENT3D(#2750,#2751,#2752);
#2750=IFCCARTESIANPOINT((0.,0.,0.));
#2751=IFCDIRECTION((0.,0.,1.));
#2752=IFCDIRECTION((1.,0.,0.));
#2796=IFCREPRESENTATIONMAP(#2797,#3298);
#2797=IFCAXIS2PLACEMENT3D(#2798,#2799,#2800);
#2798=IFCCARTESIANPOINT((0.,0.,0.));
#2799=IFCDIRECTION((0.,0.,1.));
#2800=IFCDIRECTION((1.,0.,0.));
#2818=IFCCARTESIANPOINT((2.2204460492503131E-16,0.,0.));
#2819=IFCDIRECTION((0.,0.,1.));
#2820=IFCDIRECTION((1.,0.,0.));
#2821=IFCAXIS2PLACEMENT3D(#2818,#2819,#2820);
#2822=IFCLOCALPLACEMENT(#2731,#2821);
#2889=IFCWINDOW('0OanHj_ujAfRk8cqW3X1lj',$,'Window',$,$,#3323,#2899,$,0.89999997615814209,1.20390784740448,$,.DOUBLE_PANEL_VERTICAL.,$);
#2891=IFCRELDEFINESBYTYPE('3hcIs4X2D8E9v0su4xFHWD',$,$,$,(#2889),#2737);
#2892=IFCCARTESIANPOINT((0.,0.,0.));
#2893=IFCDIRECTION((1.,0.,0.));
#2894=IFCDIRECTION((0.,1.,0.));
#2895=IFCDIRECTION((0.,0.,1.));
#2896=IFCCARTESIANTRANSFORMATIONOPERATOR3D(#2893,#2894,#2892,1.,#2895);
#2897=IFCMAPPEDITEM(#2740,#2896);
#2898=IFCSHAPEREPRESENTATION(#18,'Profile','MappedRepresentation',(#2897));
#2899=IFCPRODUCTDEFINITIONSHAPE($,$,(#2898,#2906,#2913));
#2900=IFCCARTESIANPOINT((0.,0.,0.));
#2901=IFCDIRECTION((1.,0.,0.));
#2902=IFCDIRECTION((0.,1.,0.));
#2903=IFCDIRECTION((0.,0.,1.));
#2904=IFCCARTESIANTRANSFORMATIONOPERATOR3D(#2901,#2902,#2900,1.,#2903);
#2905=IFCMAPPEDITEM(#2748,#2904);
#2906=IFCSHAPEREPRESENTATION(#11,'Body','MappedRepresentation',(#2905));
#2907=IFCCARTESIANPOINT((0.,0.,0.));
#2908=IFCDIRECTION((1.,0.,0.));
#2909=IFCDIRECTION((0.,1.,0.));
#2910=IFCDIRECTION((0.,0.,1.));
#2911=IFCCARTESIANTRANSFORMATIONOPERATOR3D(#2908,#2909,#2907,1.,#2910);
#2912=IFCMAPPEDITEM(#2796,#2911);
#2913=IFCSHAPEREPRESENTATION(#24,'Body','MappedRepresentation',(#2912));
#2914=IFCOPENINGELEMENT('05IoL_Bk560eFO88Ao91lk',$,'Opening',$,$,#3318,#2942,$,.OPENING.);
#2930=IFCCARTESIANPOINT((0.,0.,0.));
#2931=IFCDIRECTION((1.,0.,0.));
#2932=IFCDIRECTION((0.,0.,1.));
#2933=IFCAXIS2PLACEMENT3D(#2930,#2932,#2931);
#2934=IFCREPRESENTATIONMAP(#2933,#3308);
#2935=IFCCARTESIANPOINT((0.,0.,0.));
#2936=IFCDIRECTION((1.,0.,0.));
#2937=IFCDIRECTION((0.,1.,0.));
#2938=IFCDIRECTION((0.,0.,1.));
#2939=IFCCARTESIANTRANSFORMATIONOPERATOR3D(#2936,#2937,#2935,1.,#2938);
#2940=IFCMAPPEDITEM(#2934,#2939);
#2941=IFCSHAPEREPRESENTATION(#11,'Body','MappedRepresentation',(#2940));
#2942=IFCPRODUCTDEFINITIONSHAPE($,$,(#2941));
#2943=IFCRELVOIDSELEMENT('0NmNlIO$PAlxiiYZaGoZZ4',$,$,$,#239,#2914);
#2949=IFCRELFILLSELEMENT('2zmyzBGoD8IeB7HS0xkG3_',$,$,$,#2914,#2889);
#2958=IFCCARTESIANPOINTLIST2D(((0.,0.),(0.31894052028656006,0.),(0.31894052028656006,0.89999997615814209),(0.,0.89999997615814209)));
#2959=IFCINDEXEDPOLYCURVE(#2958,(IFCLINEINDEX((1,2,3,4,1))),$);
#2960=IFCCARTESIANPOINTLIST2D(((0.02500000037252903,0.02500000037252903),(0.29394051991403103,0.02500000037252903),(0.29394051991403103,0.87499997578561306),(0.02500000037252903,0.87499997578561306)));
#2961=IFCINDEXEDPOLYCURVE(#2960,(IFCLINEINDEX((1,2,3,4,1))),$);
#2962=IFCARBITRARYPROFILEDEFWITHVOIDS(.AREA.,$,#2959,(#2961));
#2963=IFCCARTESIANPOINT((0.,0.090000001713633537,0.));
#2964=IFCDIRECTION((0.,-1.,0.));
#2965=IFCDIRECTION((1.,0.,0.));
#2966=IFCAXIS2PLACEMENT3D(#2963,#2964,#2965);
#2967=IFCDIRECTION((0.,0.,-1.));
#2968=IFCEXTRUDEDAREASOLID(#2962,#2966,#2967,0.0099999997764825821);
#2969=IFCCARTESIANPOINTLIST2D(((0.,0.),(0.31894052028656006,0.),(0.31894052028656006,0.89999997615814209),(0.,0.89999997615814209)));
#2970=IFCINDEXEDPOLYCURVE(#2969,(IFCLINEINDEX((1,2,3,4,1))),$);
#2971=IFCCARTESIANPOINTLIST2D(((0.05000000074505806,0.05000000074505806),(0.268940519541502,0.05000000074505806),(0.268940519541502,0.84999997541308403),(0.05000000074505806,0.84999997541308403)));
#2972=IFCINDEXEDPOLYCURVE(#2971,(IFCLINEINDEX((1,2,3,4,1))),$);
#2973=IFCARBITRARYPROFILEDEFWITHVOIDS(.AREA.,$,#2970,(#2972));
#2974=IFCCARTESIANPOINT((0.,0.05000000074505806,0.));
#2975=IFCDIRECTION((0.,-1.,0.));
#2976=IFCDIRECTION((1.,0.,0.));
#2977=IFCAXIS2PLACEMENT3D(#2974,#2975,#2976);
#2978=IFCDIRECTION((0.,0.,-1.));
#2979=IFCEXTRUDEDAREASOLID(#2973,#2977,#2978,0.040000000968575478);
#2980=IFCCARTESIANPOINTLIST2D(((0.,0.),(0.268940519541502,0.),(0.268940519541502,0.84999997541308403),(0.,0.84999997541308403)));
#2981=IFCINDEXEDPOLYCURVE(#2980,(IFCLINEINDEX((1,2,3,4,1))),$);
#2982=IFCCARTESIANPOINTLIST2D(((0.035000000149011612,0.035000000149011612),(0.23394051939249039,0.035000000149011612),(0.23394051939249039,0.81499997526407242),(0.035000000149011612,0.81499997526407242)));
#2983=IFCINDEXEDPOLYCURVE(#2982,(IFCLINEINDEX((1,2,3,4,1))),$);
#2984=IFCARBITRARYPROFILEDEFWITHVOIDS(.AREA.,$,#2981,(#2983));
#2985=IFCCARTESIANPOINT((0.02500000037252903,0.090000001713633537,0.02500000037252903));
#2986=IFCDIRECTION((0.,-1.,0.));
#2987=IFCDIRECTION((1.,0.,0.));
#2988=IFCAXIS2PLACEMENT3D(#2985,#2986,#2987);
#2989=IFCDIRECTION((0.,0.,-1.));
#2990=IFCEXTRUDEDAREASOLID(#2984,#2988,#2989,0.035000000149011612);
#2991=IFCINDEXEDPOLYCURVE(#2992,(IFCLINEINDEX((1,2,3,4,1))),$);
#2992=IFCCARTESIANPOINTLIST2D(((0.035000000149011612,0.035000000149011612),(0.23394051939249039,0.035000000149011612),(0.23394051939249039,0.81499997526407242),(0.035000000149011612,0.81499997526407242)));
#2993=IFCARBITRARYCLOSEDPROFILEDEF(.AREA.,$,#2991);
#2994=IFCCARTESIANPOINT((0.02500000037252903,0.10250000178813934,0.02500000037252903));
#2995=IFCDIRECTION((0.,-1.,0.));
#2996=IFCDIRECTION((1.,0.,0.));
#2997=IFCAXIS2PLACEMENT3D(#2994,#2995,#2996);
#2998=IFCDIRECTION((0.,0.,-1.));
#2999=IFCEXTRUDEDAREASOLID(#2993,#2997,#2998,0.01);
#3001=IFCSHAPEREPRESENTATION(#11,'Body','SweptSolid',(#3244,#3204,#2968,#3077,#2979,#3088,#3233,#3193));
#3002=IFCSHAPEASPECT((#3001),'Lining',$,.T.,#2899);
#3003=IFCSHAPEREPRESENTATION(#11,'Body','SweptSolid',(#3215,#2990,#3099,#3255));
#3004=IFCSHAPEASPECT((#3003),'Framing',$,.T.,#2899);
#3005=IFCSHAPEREPRESENTATION(#11,'Body','SweptSolid',(#3264,#3224,#3108,#2999));
#3006=IFCSHAPEASPECT((#3005),'Glazing',$,.T.,#2899);
#3067=IFCCARTESIANPOINTLIST2D(((0.,0.),(1.20390784740448,0.),(1.20390784740448,0.89999997615814209),(0.,0.89999997615814209)));
#3068=IFCINDEXEDPOLYCURVE(#3067,(IFCLINEINDEX((1,2,3,4,1))),$);
#3069=IFCCARTESIANPOINTLIST2D(((0.02500000037252903,0.02500000037252903),(1.178907847031951,0.02500000037252903),(1.178907847031951,0.87499997578561306),(0.02500000037252903,0.87499997578561306)));
#3070=IFCINDEXEDPOLYCURVE(#3069,(IFCLINEINDEX((1,2,3,4,1))),$);
#3071=IFCARBITRARYPROFILEDEFWITHVOIDS(.AREA.,$,#3068,(#3070));
#3072=IFCCARTESIANPOINT((0.,0.090000001713633537,0.));
#3073=IFCDIRECTION((0.,-1.,0.));
#3074=IFCDIRECTION((1.,0.,0.));
#3075=IFCAXIS2PLACEMENT3D(#3072,#3073,#3074);
#3076=IFCDIRECTION((0.,0.,-1.));
#3077=IFCEXTRUDEDAREASOLID(#3071,#3075,#3076,0.0099999997764825821);
#3078=IFCCARTESIANPOINTLIST2D(((0.,0.),(1.20390784740448,0.),(1.20390784740448,0.89999997615814209),(0.,0.89999997615814209)));
#3079=IFCINDEXEDPOLYCURVE(#3078,(IFCLINEINDEX((1,2,3,4,1))),$);
#3080=IFCCARTESIANPOINTLIST2D(((0.05000000074505806,0.05000000074505806),(1.1539078466594219,0.05000000074505806),(1.1539078466594219,0.84999997541308403),(0.05000000074505806,0.84999997541308403)));
#3081=IFCINDEXEDPOLYCURVE(#3080,(IFCLINEINDEX((1,2,3,4,1))),$);
#3082=IFCARBITRARYPROFILEDEFWITHVOIDS(.AREA.,$,#3079,(#3081));
#3083=IFCCARTESIANPOINT((0.,0.05000000074505806,0.));
#3084=IFCDIRECTION((0.,-1.,0.));
#3085=IFCDIRECTION((1.,0.,0.));
#3086=IFCAXIS2PLACEMENT3D(#3083,#3084,#3085);
#3087=IFCDIRECTION((0.,0.,-1.));
#3088=IFCEXTRUDEDAREASOLID(#3082,#3086,#3087,0.040000000968575478);
#3089=IFCCARTESIANPOINTLIST2D(((0.,0.),(1.1539078466594219,0.),(1.1539078466594219,0.84999997541308403),(0.,0.84999997541308403)));
#3090=IFCINDEXEDPOLYCURVE(#3089,(IFCLINEINDEX((1,2,3,4,1))),$);
#3091=IFCCARTESIANPOINTLIST2D(((0.035000000149011612,0.035000000149011612),(1.1189078465104103,0.035000000149011612),(1.1189078465104103,0.81499997526407242),(0.035000000149011612,0.81499997526407242)));
#3092=IFCINDEXEDPOLYCURVE(#3091,(IFCLINEINDEX((1,2,3,4,1))),$);
#3093=IFCARBITRARYPROFILEDEFWITHVOIDS(.AREA.,$,#3090,(#3092));
#3094=IFCCARTESIANPOINT((0.02500000037252903,0.090000001713633537,0.02500000037252903));
#3095=IFCDIRECTION((0.,-1.,0.));
#3096=IFCDIRECTION((1.,0.,0.));
#3097=IFCAXIS2PLACEMENT3D(#3094,#3095,#3096);
#3098=IFCDIRECTION((0.,0.,-1.));
#3099=IFCEXTRUDEDAREASOLID(#3093,#3097,#3098,0.035000000149011612);
#3100=IFCINDEXEDPOLYCURVE(#3101,(IFCLINEINDEX((1,2,3,4,1))),$);
#3101=IFCCARTESIANPOINTLIST2D(((0.035000000149011612,0.035000000149011612),(1.1189078465104103,0.035000000149011612),(1.1189078465104103,0.81499997526407242),(0.035000000149011612,0.81499997526407242)));
#3102=IFCARBITRARYCLOSEDPROFILEDEF(.AREA.,$,#3100);
#3103=IFCCARTESIANPOINT((0.02500000037252903,0.10250000178813934,0.02500000037252903));
#3104=IFCDIRECTION((0.,-1.,0.));
#3105=IFCDIRECTION((1.,0.,0.));
#3106=IFCAXIS2PLACEMENT3D(#3103,#3104,#3105);
#3107=IFCDIRECTION((0.,0.,-1.));
#3108=IFCEXTRUDEDAREASOLID(#3102,#3106,#3107,0.01);
#3182=IFCCARTESIANPOINTLIST3D(((0.,0.,0.),(1.20390784740448,0.,0.),(1.20390784740448,0.,0.89999997615814209),(0.,0.,0.89999997615814209)));
#3183=IFCINDEXEDPOLYCURVE(#3182,(IFCLINEINDEX((1,2,3,4,1))),$);
#3184=IFCSHAPEREPRESENTATION(#18,'Profile','Curve3D',(#3183));
#3185=IFCCARTESIANPOINTLIST2D(((0.60199999809265137,0.),(0.,0.),(0.,0.89999997615814209),(0.60199999809265137,0.89999997615814209),(0.60199999809265137,0.87499997578561306),(0.02500000037252903,0.87499997578561306),(0.02500000037252903,0.02500000037252903),(0.60199999809265137,0.02500000037252903)));
#3186=IFCINDEXEDPOLYCURVE(#3185,(IFCLINEINDEX((1,2,3,4,5,6,7,8,1))),$);
#3187=IFCARBITRARYCLOSEDPROFILEDEF(.AREA.,$,#3186);
#3188=IFCCARTESIANPOINT((0.,0.090000001713633537,0.));
#3189=IFCDIRECTION((0.,-1.,0.));
#3190=IFCDIRECTION((1.,0.,0.));
#3191=IFCAXIS2PLACEMENT3D(#3188,#3189,#3190);
#3192=IFCDIRECTION((0.,0.,-1.));
#3193=IFCEXTRUDEDAREASOLID(#3187,#3191,#3192,0.0099999997764825821);
#3194=IFCCARTESIANPOINTLIST2D(((0.,0.),(0.60199999809265137,0.),(0.60199999809265137,0.89999997615814209),(0.,0.89999997615814209)));
#3195=IFCINDEXEDPOLYCURVE(#3194,(IFCLINEINDEX((1,2,3,4,1))),$);
#3196=IFCCARTESIANPOINTLIST2D(((0.05000000074505806,0.05000000074505806),(0.57699999772012234,0.05000000074505806),(0.57699999772012234,0.84999997541308403),(0.05000000074505806,0.84999997541308403)));
#3197=IFCINDEXEDPOLYCURVE(#3196,(IFCLINEINDEX((1,2,3,4,1))),$);
#3198=IFCARBITRARYPROFILEDEFWITHVOIDS(.AREA.,$,#3195,(#3197));
#3199=IFCCARTESIANPOINT((0.,0.05000000074505806,0.));
#3200=IFCDIRECTION((0.,-1.,0.));
#3201=IFCDIRECTION((1.,0.,0.));
#3202=IFCAXIS2PLACEMENT3D(#3199,#3200,#3201);
#3203=IFCDIRECTION((0.,0.,-1.));
#3204=IFCEXTRUDEDAREASOLID(#3198,#3202,#3203,0.040000000968575478);
#3205=IFCCARTESIANPOINTLIST2D(((0.,0.),(0.57699999772012234,0.),(0.57699999772012234,0.84999997541308403),(0.,0.84999997541308403)));
#3206=IFCINDEXEDPOLYCURVE(#3205,(IFCLINEINDEX((1,2,3,4,1))),$);
#3207=IFCCARTESIANPOINTLIST2D(((0.035000000149011612,0.035000000149011612),(0.54199999757111073,0.035000000149011612),(0.54199999757111073,0.81499997526407242),(0.035000000149011612,0.81499997526407242)));
#3208=IFCINDEXEDPOLYCURVE(#3207,(IFCLINEINDEX((1,2,3,4,1))),$);
#3209=IFCARBITRARYPROFILEDEFWITHVOIDS(.AREA.,$,#3206,(#3208));
#3210=IFCCARTESIANPOINT((0.02500000037252903,0.090000001713633537,0.02500000037252903));
#3211=IFCDIRECTION((0.,-1.,0.));
#3212=IFCDIRECTION((1.,0.,0.));
#3213=IFCAXIS2PLACEMENT3D(#3210,#3211,#3212);
#3214=IFCDIRECTION((0.,0.,-1.));
#3215=IFCEXTRUDEDAREASOLID(#3209,#3213,#3214,0.035000000149011612);
#3216=IFCINDEXEDPOLYCURVE(#3217,(IFCLINEINDEX((1,2,3,4,1))),$);
#3217=IFCCARTESIANPOINTLIST2D(((0.035000000149011612,0.035000000149011612),(0.54199999757111073,0.035000000149011612),(0.54199999757111073,0.81499997526407242),(0.035000000149011612,0.81499997526407242)));
#3218=IFCARBITRARYCLOSEDPROFILEDEF(.AREA.,$,#3216);
#3219=IFCCARTESIANPOINT((0.02500000037252903,0.10250000178813934,0.02500000037252903));
#3220=IFCDIRECTION((0.,-1.,0.));
#3221=IFCDIRECTION((1.,0.,0.));
#3222=IFCAXIS2PLACEMENT3D(#3219,#3220,#3221);
#3223=IFCDIRECTION((0.,0.,-1.));
#3224=IFCEXTRUDEDAREASOLID(#3218,#3222,#3223,0.01);
#3225=IFCCARTESIANPOINTLIST2D(((0.,0.89999997615814209),(0.60190784931182861,0.89999997615814209),(0.60190784931182861,0.),(0.,0.),(0.,0.02500000037252903),(0.57690784893929958,0.02500000037252903),(0.57690784893929958,0.87499997578561306),(0.,0.87499997578561306)));
#3226=IFCINDEXEDPOLYCURVE(#3225,(IFCLINEINDEX((1,2,3,4,5,6,7,8,1))),$);
#3227=IFCARBITRARYCLOSEDPROFILEDEF(.AREA.,$,#3226);
#3228=IFCCARTESIANPOINT((0.60199999809265137,0.090000001713633537,0.));
#3229=IFCDIRECTION((0.,-1.,0.));
#3230=IFCDIRECTION((1.,0.,0.));
#3231=IFCAXIS2PLACEMENT3D(#3228,#3229,#3230);
#3232=IFCDIRECTION((0.,0.,-1.));
#3233=IFCEXTRUDEDAREASOLID(#3227,#3231,#3232,0.0099999997764825821);
#3234=IFCCARTESIANPOINTLIST2D(((0.,0.),(0.60190784931182861,0.),(0.60190784931182861,0.89999997615814209),(0.,0.89999997615814209)));
#3235=IFCINDEXEDPOLYCURVE(#3234,(IFCLINEINDEX((1,2,3,4,1))),$);
#3236=IFCCARTESIANPOINTLIST2D(((0.02500000037252903,0.05000000074505806),(0.55190784856677055,0.05000000074505806),(0.55190784856677055,0.84999997541308403),(0.02500000037252903,0.84999997541308403)));
#3237=IFCINDEXEDPOLYCURVE(#3236,(IFCLINEINDEX((1,2,3,4,1))),$);
#3238=IFCARBITRARYPROFILEDEFWITHVOIDS(.AREA.,$,#3235,(#3237));
#3239=IFCCARTESIANPOINT((0.60199999809265137,0.05000000074505806,0.));
#3240=IFCDIRECTION((0.,-1.,0.));
#3241=IFCDIRECTION((1.,0.,0.));
#3242=IFCAXIS2PLACEMENT3D(#3239,#3240,#3241);
#3243=IFCDIRECTION((0.,0.,-1.));
#3244=IFCEXTRUDEDAREASOLID(#3238,#3242,#3243,0.040000000968575478);
#3245=IFCCARTESIANPOINTLIST2D(((0.,0.),(0.57690784893929958,0.),(0.57690784893929958,0.84999997541308403),(0.,0.84999997541308403)));
#3246=IFCINDEXEDPOLYCURVE(#3245,(IFCLINEINDEX((1,2,3,4,1))),$);
#3247=IFCCARTESIANPOINTLIST2D(((0.035000000149011612,0.035000000149011612),(0.54190784879028797,0.035000000149011612),(0.54190784879028797,0.81499997526407242),(0.035000000149011612,0.81499997526407242)));
#3248=IFCINDEXEDPOLYCURVE(#3247,(IFCLINEINDEX((1,2,3,4,1))),$);
#3249=IFCARBITRARYPROFILEDEFWITHVOIDS(.AREA.,$,#3246,(#3248));
#3250=IFCCARTESIANPOINT((0.60199999809265137,0.090000001713633537,0.02500000037252903));
#3251=IFCDIRECTION((0.,-1.,0.));
#3252=IFCDIRECTION((1.,0.,0.));
#3253=IFCAXIS2PLACEMENT3D(#3250,#3251,#3252);
#3254=IFCDIRECTION((0.,0.,-1.));
#3255=IFCEXTRUDEDAREASOLID(#3249,#3253,#3254,0.035000000149011612);
#3256=IFCINDEXEDPOLYCURVE(#3257,(IFCLINEINDEX((1,2,3,4,1))),$);
#3257=IFCCARTESIANPOINTLIST2D(((0.035000000149011612,0.035000000149011612),(0.54190784879028797,0.035000000149011612),(0.54190784879028797,0.81499997526407242),(0.035000000149011612,0.81499997526407242)));
#3258=IFCARBITRARYCLOSEDPROFILEDEF(.AREA.,$,#3256);
#3259=IFCCARTESIANPOINT((0.60199999809265137,0.10250000178813934,0.02500000037252903));
#3260=IFCDIRECTION((0.,-1.,0.));
#3261=IFCDIRECTION((1.,0.,0.));
#3262=IFCAXIS2PLACEMENT3D(#3259,#3260,#3261);
#3263=IFCDIRECTION((0.,0.,-1.));
#3264=IFCEXTRUDEDAREASOLID(#3258,#3262,#3263,0.01);
#3265=IFCSHAPEREPRESENTATION(#11,'Body','SweptSolid',(#3193,#3204,#3215,#3224,#3233,#3244,#3255,#3264));
#3266=IFCCARTESIANPOINTLIST2D(((0.05000000074505806,0.05000000074505806),(0.57699999772012234,0.05000000074505806)));
#3267=IFCINDEXEDPOLYCURVE(#3266,$,$);
#3268=IFCCARTESIANPOINTLIST2D(((0.,0.10000000149011612),(0.02500000037252903,0.10000000149011612),(0.02500000037252903,0.090000001713633537),(0.05000000074505806,0.090000001713633537),(0.05000000074505806,0.05000000074505806),(0.,0.05000000074505806)));
#3269=IFCINDEXEDPOLYCURVE(#3268,(IFCLINEINDEX((1,2,3,4,5,6,1))),$);
#3270=IFCCARTESIANPOINTLIST2D(((0.60199999809265137,0.10000000149011612),(0.60199999809265137,0.10000000149011612),(0.60199999809265137,0.090000001713633537),(0.57699999772012234,0.090000001713633537),(0.57699999772012234,0.05000000074505806),(0.60199999809265137,0.05000000074505806)));
#3271=IFCINDEXEDPOLYCURVE(#3270,$,$);
#3272=IFCCARTESIANPOINTLIST2D(((0.02500000037252903,0.090000001713633537),(0.060000000521540642,0.090000001713633537),(0.060000000521540642,0.12500000186264515),(0.02500000037252903,0.12500000186264515)));
#3273=IFCINDEXEDPOLYCURVE(#3272,(IFCLINEINDEX((1,2,3,4,1))),$);
#3274=IFCINDEXEDPOLYCURVE(#3275,(IFCLINEINDEX((1,2,3,4,1))),$);
#3275=IFCCARTESIANPOINTLIST2D(((0.60199999809265137,0.090000001713633537),(0.56699999794363976,0.090000001713633537),(0.56699999794363976,0.12500000186264515),(0.60199999809265137,0.12500000186264515)));
#3276=IFCCARTESIANPOINTLIST2D(((0.060000000521540642,0.090000001713633537),(0.56699999794363976,0.090000001713633537)));
#3277=IFCINDEXEDPOLYCURVE(#3276,$,$);
#3278=IFCINDEXEDPOLYCURVE(#3279,$,$);
#3279=IFCCARTESIANPOINTLIST2D(((0.060000000521540642,0.12500000186264515),(0.56699999794363976,0.12500000186264515)));
#3280=IFCINDEXEDPOLYCURVE(#3281,$,$);
#3281=IFCCARTESIANPOINTLIST2D(((0.060000000521540642,0.10750000178813934),(0.56699999794363976,0.10750000178813934)));
#3282=IFCCARTESIANPOINTLIST2D(((0.6269999984651804,0.05000000074505806),(1.1539078466594219,0.05000000074505806)));
#3283=IFCINDEXEDPOLYCURVE(#3282,$,$);
#3284=IFCCARTESIANPOINTLIST2D(((0.60199999809265137,0.10000000149011612),(0.60199999809265137,0.10000000149011612),(0.60199999809265137,0.090000001713633537),(0.6269999984651804,0.090000001713633537),(0.6269999984651804,0.05000000074505806),(0.60199999809265137,0.05000000074505806)));
#3285=IFCINDEXEDPOLYCURVE(#3284,$,$);
#3286=IFCCARTESIANPOINTLIST2D(((1.20390784740448,0.10000000149011612),(1.178907847031951,0.10000000149011612),(1.178907847031951,0.090000001713633537),(1.1539078466594219,0.090000001713633537),(1.1539078466594219,0.05000000074505806),(1.20390784740448,0.05000000074505806)));
#3287=IFCINDEXEDPOLYCURVE(#3286,(IFCLINEINDEX((1,2,3,4,5,6,1))),$);
#3288=IFCCARTESIANPOINTLIST2D(((0.60199999809265137,0.090000001713633537),(0.63699999824166298,0.090000001713633537),(0.63699999824166298,0.12500000186264515),(0.60199999809265137,0.12500000186264515)));
#3289=IFCINDEXEDPOLYCURVE(#3288,(IFCLINEINDEX((1,2,3,4,1))),$);
#3290=IFCINDEXEDPOLYCURVE(#3291,(IFCLINEINDEX((1,2,3,4,1))),$);
#3291=IFCCARTESIANPOINTLIST2D(((1.178907847031951,0.090000001713633537),(1.1439078468829393,0.090000001713633537),(1.1439078468829393,0.12500000186264515),(1.178907847031951,0.12500000186264515)));
#3292=IFCCARTESIANPOINTLIST2D(((0.63699999824166298,0.090000001713633537),(1.1439078468829393,0.090000001713633537)));
#3293=IFCINDEXEDPOLYCURVE(#3292,$,$);
#3294=IFCINDEXEDPOLYCURVE(#3295,$,$);
#3295=IFCCARTESIANPOINTLIST2D(((0.63699999824166298,0.12500000186264515),(1.1439078468829393,0.12500000186264515)));
#3296=IFCINDEXEDPOLYCURVE(#3297,$,$);
#3297=IFCCARTESIANPOINTLIST2D(((0.63699999824166298,0.10750000178813934),(1.1439078468829393,0.10750000178813934)));
#3298=IFCSHAPEREPRESENTATION(#24,'Body','Curve2D',(#3267,#3269,#3271,#3273,#3274,#3277,#3278,#3280,#3283,#3285,#3287,#3289,#3290,#3293,#3294,#3296));
#3299=IFCCARTESIANPOINTLIST2D(((0.,0.),(1.20390784740448,0.),(1.20390784740448,0.89999997615814209),(0.,0.89999997615814209)));
#3300=IFCINDEXEDPOLYCURVE(#3299,(IFCLINEINDEX((1,2,3,4,1))),$);
#3301=IFCARBITRARYCLOSEDPROFILEDEF(.AREA.,$,#3300);
#3302=IFCCARTESIANPOINT((0.,-0.60000002384185791,0.));
#3303=IFCDIRECTION((0.,-1.,0.));
#3304=IFCDIRECTION((1.,0.,0.));
#3305=IFCAXIS2PLACEMENT3D(#3302,#3303,#3304);
#3306=IFCDIRECTION((0.,0.,-1.));
#3307=IFCEXTRUDEDAREASOLID(#3301,#3305,#3306,1.2);
#3308=IFCSHAPEREPRESENTATION(#11,'Body','SweptSolid',(#3307));
#3314=IFCCARTESIANPOINT((1.0421969616480276,1.0281801223754883E-06,1.));
#3315=IFCDIRECTION((0.,0.,1.));
#3316=IFCDIRECTION((0.99999999999988631,-4.7683715820307079E-07,0.));
#3317=IFCAXIS2PLACEMENT3D(#3314,#3315,#3316);
#3318=IFCLOCALPLACEMENT(#561,#3317);
#3319=IFCCARTESIANPOINT((-4.4408920985006262E-16,0.,0.));
#3320=IFCDIRECTION((0.,0.,1.));
#3321=IFCDIRECTION((1.,0.,0.));
#3322=IFCAXIS2PLACEMENT3D(#3319,#3320,#3321);
#3323=IFCLOCALPLACEMENT(#3318,#3322);
#3324=IFCWINDOWTYPE('1QxXo1pcD47xCYboqe21QA',$,'guest-2-gf',$,$,(#3325),(#3327,#3335,#3421),$,$,.WINDOW.,.SINGLE_PANEL.,$,$);
#3325=IFCPROPERTYSET('3uyCKd5N14Ihi39YcffEr5',$,'BBIM_Window',$,(#3326));
#3326=IFCPROPERTYSINGLEVALUE('Data',$,IFCTEXT('{"window_type": "SINGLE_PANEL", "overall_height": 0.8999999761581421, "overall_width": 0.800000011920929, "lining_properties": {"lining_depth": 0.05000000074505806, "lining_thickness": 0.05000000074505806, "lining_offset": 0.05000000074505806, "lining_to_panel_offset_x": 0.02500000037252903, "lining_to_panel_offset_y": 0.02500000037252903}, "panel_properties": {"frame_depth": [0.03500000014901161, 0.03500000014901161, 0.03500000014901161], "frame_thickness": [0.03500000014901161, 0.03500000014901161, 0.03500000014901161]}}'),$);
#3327=IFCREPRESENTATIONMAP(#3328,#4092);
#3328=IFCAXIS2PLACEMENT3D(#3329,#3330,#3331);
#3329=IFCCARTESIANPOINT((0.,0.,0.));
#3330=IFCDIRECTION((0.,0.,1.));
#3331=IFCDIRECTION((1.,0.,0.));
#3335=IFCREPRESENTATIONMAP(#3336,#4135);
#3336=IFCAXIS2PLACEMENT3D(#3337,#3338,#3339);
#3337=IFCCARTESIANPOINT((0.,0.,0.));
#3338=IFCDIRECTION((0.,0.,1.));
#3339=IFCDIRECTION((1.,0.,0.));
#3421=IFCREPRESENTATIONMAP(#3422,#4152);
#3422=IFCAXIS2PLACEMENT3D(#3423,#3424,#3425);
#3423=IFCCARTESIANPOINT((0.,0.,0.));
#3424=IFCDIRECTION((0.,0.,1.));
#3425=IFCDIRECTION((1.,0.,0.));
#3459=IFCWINDOW('2$pmKOaVPA0AYAj$B9E6mc',$,'Window',$,$,#4177,#3469,$,0.89999997615814209,0.80000001192092896,$,.SINGLE_PANEL.,$);
#3461=IFCRELDEFINESBYTYPE('0gYCC4uxDDFQ7KRhsvdRfu',$,$,$,(#3459),#3324);
#3462=IFCCARTESIANPOINT((0.,0.,0.));
#3463=IFCDIRECTION((1.,0.,0.));
#3464=IFCDIRECTION((0.,1.,0.));
#3465=IFCDIRECTION((0.,0.,1.));
#3466=IFCCARTESIANTRANSFORMATIONOPERATOR3D(#3463,#3464,#3462,1.,#3465);
#3467=IFCMAPPEDITEM(#3327,#3466);
#3468=IFCSHAPEREPRESENTATION(#18,'Profile','MappedRepresentation',(#3467));
#3469=IFCPRODUCTDEFINITIONSHAPE($,$,(#3468,#3476,#3483));
#3470=IFCCARTESIANPOINT((0.,0.,0.));
#3471=IFCDIRECTION((1.,0.,0.));
#3472=IFCDIRECTION((0.,1.,0.));
#3473=IFCDIRECTION((0.,0.,1.));
#3474=IFCCARTESIANTRANSFORMATIONOPERATOR3D(#3471,#3472,#3470,1.,#3473);
#3475=IFCMAPPEDITEM(#3335,#3474);
#3476=IFCSHAPEREPRESENTATION(#11,'Body','MappedRepresentation',(#3475));
#3477=IFCCARTESIANPOINT((0.,0.,0.));
#3478=IFCDIRECTION((1.,0.,0.));
#3479=IFCDIRECTION((0.,1.,0.));
#3480=IFCDIRECTION((0.,0.,1.));
#3481=IFCCARTESIANTRANSFORMATIONOPERATOR3D(#3478,#3479,#3477,1.,#3480);
#3482=IFCMAPPEDITEM(#3421,#3481);
#3483=IFCSHAPEREPRESENTATION(#24,'Body','MappedRepresentation',(#3482));
#3484=IFCOPENINGELEMENT('3ct0esgLLFmwwSk2bpQ9q2',$,'Opening',$,$,#4172,#3512,$,.OPENING.);
#3500=IFCCARTESIANPOINT((0.,0.,0.));
#3501=IFCDIRECTION((1.,0.,0.));
#3502=IFCDIRECTION((0.,0.,1.));
#3503=IFCAXIS2PLACEMENT3D(#3500,#3502,#3501);
#3504=IFCREPRESENTATIONMAP(#3503,#4162);
#3505=IFCCARTESIANPOINT((0.,0.,0.));
#3506=IFCDIRECTION((1.,0.,0.));
#3507=IFCDIRECTION((0.,1.,0.));
#3508=IFCDIRECTION((0.,0.,1.));
#3509=IFCCARTESIANTRANSFORMATIONOPERATOR3D(#3506,#3507,#3505,1.,#3508);
#3510=IFCMAPPEDITEM(#3504,#3509);
#3511=IFCSHAPEREPRESENTATION(#11,'Body','MappedRepresentation',(#3510));
#3512=IFCPRODUCTDEFINITIONSHAPE($,$,(#3511));
#3513=IFCRELVOIDSELEMENT('0ATJRNMCX8AevGZD_9Odvg',$,$,$,#214,#3484);
#3519=IFCRELFILLSELEMENT('0l6X3irLPFNeaxbB5Z6vAQ',$,$,$,#3484,#3459);
#3543=IFCCARTESIANPOINTLIST2D(((0.60199999809265137,0.),(0.,0.),(0.,0.89999997615814209),(0.60199999809265137,0.89999997615814209),(0.60199999809265137,0.87499997578561306),(0.02500000037252903,0.87499997578561306),(0.02500000037252903,0.02500000037252903),(0.60199999809265137,0.02500000037252903)));
#3544=IFCINDEXEDPOLYCURVE(#3543,(IFCLINEINDEX((1,2,3,4,5,6,7,8,1))),$);
#3545=IFCARBITRARYCLOSEDPROFILEDEF(.AREA.,$,#3544);
#3546=IFCCARTESIANPOINT((0.,0.090000001713633537,0.));
#3547=IFCDIRECTION((0.,-1.,0.));
#3548=IFCDIRECTION((1.,0.,0.));
#3549=IFCAXIS2PLACEMENT3D(#3546,#3547,#3548);
#3550=IFCDIRECTION((0.,0.,-1.));
#3551=IFCEXTRUDEDAREASOLID(#3545,#3549,#3550,0.0099999997764825821);
#3552=IFCCARTESIANPOINTLIST2D(((0.,0.),(0.60199999809265137,0.),(0.60199999809265137,0.89999997615814209),(0.,0.89999997615814209)));
#3553=IFCINDEXEDPOLYCURVE(#3552,(IFCLINEINDEX((1,2,3,4,1))),$);
#3554=IFCCARTESIANPOINTLIST2D(((0.05000000074505806,0.05000000074505806),(0.57699999772012234,0.05000000074505806),(0.57699999772012234,0.84999997541308403),(0.05000000074505806,0.84999997541308403)));
#3555=IFCINDEXEDPOLYCURVE(#3554,(IFCLINEINDEX((1,2,3,4,1))),$);
#3556=IFCARBITRARYPROFILEDEFWITHVOIDS(.AREA.,$,#3553,(#3555));
#3557=IFCCARTESIANPOINT((0.,0.05000000074505806,0.));
#3558=IFCDIRECTION((0.,-1.,0.));
#3559=IFCDIRECTION((1.,0.,0.));
#3560=IFCAXIS2PLACEMENT3D(#3557,#3558,#3559);
#3561=IFCDIRECTION((0.,0.,-1.));
#3562=IFCEXTRUDEDAREASOLID(#3556,#3560,#3561,0.040000000968575478);
#3563=IFCCARTESIANPOINTLIST2D(((0.,0.),(0.57699999772012234,0.),(0.57699999772012234,0.84999997541308403),(0.,0.84999997541308403)));
#3564=IFCINDEXEDPOLYCURVE(#3563,(IFCLINEINDEX((1,2,3,4,1))),$);
#3565=IFCCARTESIANPOINTLIST2D(((0.035000000149011612,0.035000000149011612),(0.54199999757111073,0.035000000149011612),(0.54199999757111073,0.81499997526407242),(0.035000000149011612,0.81499997526407242)));
#3566=IFCINDEXEDPOLYCURVE(#3565,(IFCLINEINDEX((1,2,3,4,1))),$);
#3567=IFCARBITRARYPROFILEDEFWITHVOIDS(.AREA.,$,#3564,(#3566));
#3568=IFCCARTESIANPOINT((0.02500000037252903,0.090000001713633537,0.02500000037252903));
#3569=IFCDIRECTION((0.,-1.,0.));
#3570=IFCDIRECTION((1.,0.,0.));
#3571=IFCAXIS2PLACEMENT3D(#3568,#3569,#3570);
#3572=IFCDIRECTION((0.,0.,-1.));
#3573=IFCEXTRUDEDAREASOLID(#3567,#3571,#3572,0.035000000149011612);
#3574=IFCINDEXEDPOLYCURVE(#3575,(IFCLINEINDEX((1,2,3,4,1))),$);
#3575=IFCCARTESIANPOINTLIST2D(((0.035000000149011612,0.035000000149011612),(0.54199999757111073,0.035000000149011612),(0.54199999757111073,0.81499997526407242),(0.035000000149011612,0.81499997526407242)));
#3576=IFCARBITRARYCLOSEDPROFILEDEF(.AREA.,$,#3574);
#3577=IFCCARTESIANPOINT((0.02500000037252903,0.10250000178813934,0.02500000037252903));
#3578=IFCDIRECTION((0.,-1.,0.));
#3579=IFCDIRECTION((1.,0.,0.));
#3580=IFCAXIS2PLACEMENT3D(#3577,#3578,#3579);
#3581=IFCDIRECTION((0.,0.,-1.));
#3582=IFCEXTRUDEDAREASOLID(#3576,#3580,#3581,0.01);
#3583=IFCCARTESIANPOINTLIST2D(((0.,0.89999997615814209),(0.085432887077331543,0.89999997615814209),(0.085432887077331543,0.),(0.,0.),(0.,0.02500000037252903),(0.060432886704802513,0.02500000037252903),(0.060432886704802513,0.87499997578561306),(0.,0.87499997578561306)));
#3584=IFCINDEXEDPOLYCURVE(#3583,(IFCLINEINDEX((1,2,3,4,5,6,7,8,1))),$);
#3585=IFCARBITRARYCLOSEDPROFILEDEF(.AREA.,$,#3584);
#3586=IFCCARTESIANPOINT((0.60199999809265137,0.090000001713633537,0.));
#3587=IFCDIRECTION((0.,-1.,0.));
#3588=IFCDIRECTION((1.,0.,0.));
#3589=IFCAXIS2PLACEMENT3D(#3586,#3587,#3588);
#3590=IFCDIRECTION((0.,0.,-1.));
#3591=IFCEXTRUDEDAREASOLID(#3585,#3589,#3590,0.0099999997764825821);
#3592=IFCCARTESIANPOINTLIST2D(((0.,0.),(0.085432887077331543,0.),(0.085432887077331543,0.89999997615814209),(0.,0.89999997615814209)));
#3593=IFCINDEXEDPOLYCURVE(#3592,(IFCLINEINDEX((1,2,3,4,1))),$);
#3594=IFCCARTESIANPOINTLIST2D(((0.02500000037252903,0.05000000074505806),(0.035432886332273483,0.05000000074505806),(0.035432886332273483,0.84999997541308403),(0.02500000037252903,0.84999997541308403)));
#3595=IFCINDEXEDPOLYCURVE(#3594,(IFCLINEINDEX((1,2,3,4,1))),$);
#3596=IFCARBITRARYPROFILEDEFWITHVOIDS(.AREA.,$,#3593,(#3595));
#3597=IFCCARTESIANPOINT((0.60199999809265137,0.05000000074505806,0.));
#3598=IFCDIRECTION((0.,-1.,0.));
#3599=IFCDIRECTION((1.,0.,0.));
#3600=IFCAXIS2PLACEMENT3D(#3597,#3598,#3599);
#3601=IFCDIRECTION((0.,0.,-1.));
#3602=IFCEXTRUDEDAREASOLID(#3596,#3600,#3601,0.040000000968575478);
#3603=IFCCARTESIANPOINTLIST2D(((0.,0.),(0.060432886704802513,0.),(0.060432886704802513,0.84999997541308403),(0.,0.84999997541308403)));
#3604=IFCINDEXEDPOLYCURVE(#3603,(IFCLINEINDEX((1,2,3,4,1))),$);
#3605=IFCCARTESIANPOINTLIST2D(((0.035000000149011612,0.035000000149011612),(0.025432886555790901,0.035000000149011612),(0.025432886555790901,0.81499997526407242),(0.035000000149011612,0.81499997526407242)));
#3606=IFCINDEXEDPOLYCURVE(#3605,(IFCLINEINDEX((1,2,3,4,1))),$);
#3607=IFCARBITRARYPROFILEDEFWITHVOIDS(.AREA.,$,#3604,(#3606));
#3608=IFCCARTESIANPOINT((0.60199999809265137,0.090000001713633537,0.02500000037252903));
#3609=IFCDIRECTION((0.,-1.,0.));
#3610=IFCDIRECTION((1.,0.,0.));
#3611=IFCAXIS2PLACEMENT3D(#3608,#3609,#3610);
#3612=IFCDIRECTION((0.,0.,-1.));
#3613=IFCEXTRUDEDAREASOLID(#3607,#3611,#3612,0.035000000149011612);
#3614=IFCINDEXEDPOLYCURVE(#3615,(IFCLINEINDEX((1,2,3,4,1))),$);
#3615=IFCCARTESIANPOINTLIST2D(((0.035000000149011612,0.035000000149011612),(0.025432886555790901,0.035000000149011612),(0.025432886555790901,0.81499997526407242),(0.035000000149011612,0.81499997526407242)));
#3616=IFCARBITRARYCLOSEDPROFILEDEF(.AREA.,$,#3614);
#3617=IFCCARTESIANPOINT((0.60199999809265137,0.10250000178813934,0.02500000037252903));
#3618=IFCDIRECTION((0.,-1.,0.));
#3619=IFCDIRECTION((1.,0.,0.));
#3620=IFCAXIS2PLACEMENT3D(#3617,#3618,#3619);
#3621=IFCDIRECTION((0.,0.,-1.));
#3622=IFCEXTRUDEDAREASOLID(#3616,#3620,#3621,0.01);
#3624=IFCSHAPEREPRESENTATION(#11,'Body','SweptSolid',(#3867,#4114,#3562,#3907,#3896,#3699,#4000,#3591,#3602,#3739,#3750,#3856,#4103,#3551,#4011,#3710));
#3625=IFCSHAPEASPECT((#3624),'Lining',$,.T.,#3469);
#3626=IFCSHAPEREPRESENTATION(#11,'Body','SweptSolid',(#3761,#3878,#4125,#3573,#3918,#4022,#3721,#3613));
#3627=IFCSHAPEASPECT((#3626),'Framing',$,.T.,#3469);
#3628=IFCSHAPEREPRESENTATION(#11,'Body','SweptSolid',(#3582,#3927,#4031,#3730,#4134,#3622,#3770,#3887));
#3629=IFCSHAPEASPECT((#3628),'Glazing',$,.T.,#3469);
#3691=IFCCARTESIANPOINTLIST2D(((0.60199999809265137,0.),(0.,0.),(0.,0.89999997615814209),(0.60199999809265137,0.89999997615814209),(0.60199999809265137,0.87499997578561306),(0.02500000037252903,0.87499997578561306),(0.02500000037252903,0.02500000037252903),(0.60199999809265137,0.02500000037252903)));
#3692=IFCINDEXEDPOLYCURVE(#3691,(IFCLINEINDEX((1,2,3,4,5,6,7,8,1))),$);
#3693=IFCARBITRARYCLOSEDPROFILEDEF(.AREA.,$,#3692);
#3694=IFCCARTESIANPOINT((0.,0.090000001713633537,0.));
#3695=IFCDIRECTION((0.,-1.,0.));
#3696=IFCDIRECTION((1.,0.,0.));
#3697=IFCAXIS2PLACEMENT3D(#3694,#3695,#3696);
#3698=IFCDIRECTION((0.,0.,-1.));
#3699=IFCEXTRUDEDAREASOLID(#3693,#3697,#3698,0.0099999997764825821);
#3700=IFCCARTESIANPOINTLIST2D(((0.,0.),(0.60199999809265137,0.),(0.60199999809265137,0.89999997615814209),(0.,0.89999997615814209)));
#3701=IFCINDEXEDPOLYCURVE(#3700,(IFCLINEINDEX((1,2,3,4,1))),$);
#3702=IFCCARTESIANPOINTLIST2D(((0.05000000074505806,0.05000000074505806),(0.57699999772012234,0.05000000074505806),(0.57699999772012234,0.84999997541308403),(0.05000000074505806,0.84999997541308403)));
#3703=IFCINDEXEDPOLYCURVE(#3702,(IFCLINEINDEX((1,2,3,4,1))),$);
#3704=IFCARBITRARYPROFILEDEFWITHVOIDS(.AREA.,$,#3701,(#3703));
#3705=IFCCARTESIANPOINT((0.,0.05000000074505806,0.));
#3706=IFCDIRECTION((0.,-1.,0.));
#3707=IFCDIRECTION((1.,0.,0.));
#3708=IFCAXIS2PLACEMENT3D(#3705,#3706,#3707);
#3709=IFCDIRECTION((0.,0.,-1.));
#3710=IFCEXTRUDEDAREASOLID(#3704,#3708,#3709,0.040000000968575478);
#3711=IFCCARTESIANPOINTLIST2D(((0.,0.),(0.57699999772012234,0.),(0.57699999772012234,0.84999997541308403),(0.,0.84999997541308403)));
#3712=IFCINDEXEDPOLYCURVE(#3711,(IFCLINEINDEX((1,2,3,4,1))),$);
#3713=IFCCARTESIANPOINTLIST2D(((0.035000000149011612,0.035000000149011612),(0.54199999757111073,0.035000000149011612),(0.54199999757111073,0.81499997526407242),(0.035000000149011612,0.81499997526407242)));
#3714=IFCINDEXEDPOLYCURVE(#3713,(IFCLINEINDEX((1,2,3,4,1))),$);
#3715=IFCARBITRARYPROFILEDEFWITHVOIDS(.AREA.,$,#3712,(#3714));
#3716=IFCCARTESIANPOINT((0.02500000037252903,0.090000001713633537,0.02500000037252903));
#3717=IFCDIRECTION((0.,-1.,0.));
#3718=IFCDIRECTION((1.,0.,0.));
#3719=IFCAXIS2PLACEMENT3D(#3716,#3717,#3718);
#3720=IFCDIRECTION((0.,0.,-1.));
#3721=IFCEXTRUDEDAREASOLID(#3715,#3719,#3720,0.035000000149011612);
#3722=IFCINDEXEDPOLYCURVE(#3723,(IFCLINEINDEX((1,2,3,4,1))),$);
#3723=IFCCARTESIANPOINTLIST2D(((0.035000000149011612,0.035000000149011612),(0.54199999757111073,0.035000000149011612),(0.54199999757111073,0.81499997526407242),(0.035000000149011612,0.81499997526407242)));
#3724=IFCARBITRARYCLOSEDPROFILEDEF(.AREA.,$,#3722);
#3725=IFCCARTESIANPOINT((0.02500000037252903,0.10250000178813934,0.02500000037252903));
#3726=IFCDIRECTION((0.,-1.,0.));
#3727=IFCDIRECTION((1.,0.,0.));
#3728=IFCAXIS2PLACEMENT3D(#3725,#3726,#3727);
#3729=IFCDIRECTION((0.,0.,-1.));
#3730=IFCEXTRUDEDAREASOLID(#3724,#3728,#3729,0.01);
#3731=IFCCARTESIANPOINTLIST2D(((0.,0.89999997615814209),(0.19966340065002441,0.89999997615814209),(0.19966340065002441,0.),(0.,0.),(0.,0.02500000037252903),(0.17466340027749538,0.02500000037252903),(0.17466340027749538,0.87499997578561306),(0.,0.87499997578561306)));
#3732=IFCINDEXEDPOLYCURVE(#3731,(IFCLINEINDEX((1,2,3,4,5,6,7,8,1))),$);
#3733=IFCARBITRARYCLOSEDPROFILEDEF(.AREA.,$,#3732);
#3734=IFCCARTESIANPOINT((0.60199999809265137,0.090000001713633537,0.));
#3735=IFCDIRECTION((0.,-1.,0.));
#3736=IFCDIRECTION((1.,0.,0.));
#3737=IFCAXIS2PLACEMENT3D(#3734,#3735,#3736);
#3738=IFCDIRECTION((0.,0.,-1.));
#3739=IFCEXTRUDEDAREASOLID(#3733,#3737,#3738,0.0099999997764825821);
#3740=IFCCARTESIANPOINTLIST2D(((0.,0.),(0.19966340065002441,0.),(0.19966340065002441,0.89999997615814209),(0.,0.89999997615814209)));
#3741=IFCINDEXEDPOLYCURVE(#3740,(IFCLINEINDEX((1,2,3,4,1))),$);
#3742=IFCCARTESIANPOINTLIST2D(((0.02500000037252903,0.05000000074505806),(0.14966339990496635,0.05000000074505806),(0.14966339990496635,0.84999997541308403),(0.02500000037252903,0.84999997541308403)));
#3743=IFCINDEXEDPOLYCURVE(#3742,(IFCLINEINDEX((1,2,3,4,1))),$);
#3744=IFCARBITRARYPROFILEDEFWITHVOIDS(.AREA.,$,#3741,(#3743));
#3745=IFCCARTESIANPOINT((0.60199999809265137,0.05000000074505806,0.));
#3746=IFCDIRECTION((0.,-1.,0.));
#3747=IFCDIRECTION((1.,0.,0.));
#3748=IFCAXIS2PLACEMENT3D(#3745,#3746,#3747);
#3749=IFCDIRECTION((0.,0.,-1.));
#3750=IFCEXTRUDEDAREASOLID(#3744,#3748,#3749,0.040000000968575478);
#3751=IFCCARTESIANPOINTLIST2D(((0.,0.),(0.17466340027749538,0.),(0.17466340027749538,0.84999997541308403),(0.,0.84999997541308403)));
#3752=IFCINDEXEDPOLYCURVE(#3751,(IFCLINEINDEX((1,2,3,4,1))),$);
#3753=IFCCARTESIANPOINTLIST2D(((0.035000000149011612,0.035000000149011612),(0.13966340012848377,0.035000000149011612),(0.13966340012848377,0.81499997526407242),(0.035000000149011612,0.81499997526407242)));
#3754=IFCINDEXEDPOLYCURVE(#3753,(IFCLINEINDEX((1,2,3,4,1))),$);
#3755=IFCARBITRARYPROFILEDEFWITHVOIDS(.AREA.,$,#3752,(#3754));
#3756=IFCCARTESIANPOINT((0.60199999809265137,0.090000001713633537,0.02500000037252903));
#3757=IFCDIRECTION((0.,-1.,0.));
#3758=IFCDIRECTION((1.,0.,0.));
#3759=IFCAXIS2PLACEMENT3D(#3756,#3757,#3758);
#3760=IFCDIRECTION((0.,0.,-1.));
#3761=IFCEXTRUDEDAREASOLID(#3755,#3759,#3760,0.035000000149011612);
#3762=IFCINDEXEDPOLYCURVE(#3763,(IFCLINEINDEX((1,2,3,4,1))),$);
#3763=IFCCARTESIANPOINTLIST2D(((0.035000000149011612,0.035000000149011612),(0.13966340012848377,0.035000000149011612),(0.13966340012848377,0.81499997526407242),(0.035000000149011612,0.81499997526407242)));
#3764=IFCARBITRARYCLOSEDPROFILEDEF(.AREA.,$,#3762);
#3765=IFCCARTESIANPOINT((0.60199999809265137,0.10250000178813934,0.02500000037252903));
#3766=IFCDIRECTION((0.,-1.,0.));
#3767=IFCDIRECTION((1.,0.,0.));
#3768=IFCAXIS2PLACEMENT3D(#3765,#3766,#3767);
#3769=IFCDIRECTION((0.,0.,-1.));
#3770=IFCEXTRUDEDAREASOLID(#3764,#3768,#3769,0.01);
#3848=IFCCARTESIANPOINTLIST2D(((0.60199999809265137,0.),(0.,0.),(0.,0.89999997615814209),(0.60199999809265137,0.89999997615814209),(0.60199999809265137,0.87499997578561306),(0.02500000037252903,0.87499997578561306),(0.02500000037252903,0.02500000037252903),(0.60199999809265137,0.02500000037252903)));
#3849=IFCINDEXEDPOLYCURVE(#3848,(IFCLINEINDEX((1,2,3,4,5,6,7,8,1))),$);
#3850=IFCARBITRARYCLOSEDPROFILEDEF(.AREA.,$,#3849);
#3851=IFCCARTESIANPOINT((0.,0.090000001713633537,0.));
#3852=IFCDIRECTION((0.,-1.,0.));
#3853=IFCDIRECTION((1.,0.,0.));
#3854=IFCAXIS2PLACEMENT3D(#3851,#3852,#3853);
#3855=IFCDIRECTION((0.,0.,-1.));
#3856=IFCEXTRUDEDAREASOLID(#3850,#3854,#3855,0.0099999997764825821);
#3857=IFCCARTESIANPOINTLIST2D(((0.,0.),(0.60199999809265137,0.),(0.60199999809265137,0.89999997615814209),(0.,0.89999997615814209)));
#3858=IFCINDEXEDPOLYCURVE(#3857,(IFCLINEINDEX((1,2,3,4,1))),$);
#3859=IFCCARTESIANPOINTLIST2D(((0.05000000074505806,0.05000000074505806),(0.57699999772012234,0.05000000074505806),(0.57699999772012234,0.84999997541308403),(0.05000000074505806,0.84999997541308403)));
#3860=IFCINDEXEDPOLYCURVE(#3859,(IFCLINEINDEX((1,2,3,4,1))),$);
#3861=IFCARBITRARYPROFILEDEFWITHVOIDS(.AREA.,$,#3858,(#3860));
#3862=IFCCARTESIANPOINT((0.,0.05000000074505806,0.));
#3863=IFCDIRECTION((0.,-1.,0.));
#3864=IFCDIRECTION((1.,0.,0.));
#3865=IFCAXIS2PLACEMENT3D(#3862,#3863,#3864);
#3866=IFCDIRECTION((0.,0.,-1.));
#3867=IFCEXTRUDEDAREASOLID(#3861,#3865,#3866,0.040000000968575478);
#3868=IFCCARTESIANPOINTLIST2D(((0.,0.),(0.57699999772012234,0.),(0.57699999772012234,0.84999997541308403),(0.,0.84999997541308403)));
#3869=IFCINDEXEDPOLYCURVE(#3868,(IFCLINEINDEX((1,2,3,4,1))),$);
#3870=IFCCARTESIANPOINTLIST2D(((0.035000000149011612,0.035000000149011612),(0.54199999757111073,0.035000000149011612),(0.54199999757111073,0.81499997526407242),(0.035000000149011612,0.81499997526407242)));
#3871=IFCINDEXEDPOLYCURVE(#3870,(IFCLINEINDEX((1,2,3,4,1))),$);
#3872=IFCARBITRARYPROFILEDEFWITHVOIDS(.AREA.,$,#3869,(#3871));
#3873=IFCCARTESIANPOINT((0.02500000037252903,0.090000001713633537,0.02500000037252903));
#3874=IFCDIRECTION((0.,-1.,0.));
#3875=IFCDIRECTION((1.,0.,0.));
#3876=IFCAXIS2PLACEMENT3D(#3873,#3874,#3875);
#3877=IFCDIRECTION((0.,0.,-1.));
#3878=IFCEXTRUDEDAREASOLID(#3872,#3876,#3877,0.035000000149011612);
#3879=IFCINDEXEDPOLYCURVE(#3880,(IFCLINEINDEX((1,2,3,4,1))),$);
#3880=IFCCARTESIANPOINTLIST2D(((0.035000000149011612,0.035000000149011612),(0.54199999757111073,0.035000000149011612),(0.54199999757111073,0.81499997526407242),(0.035000000149011612,0.81499997526407242)));
#3881=IFCARBITRARYCLOSEDPROFILEDEF(.AREA.,$,#3879);
#3882=IFCCARTESIANPOINT((0.02500000037252903,0.10250000178813934,0.02500000037252903));
#3883=IFCDIRECTION((0.,-1.,0.));
#3884=IFCDIRECTION((1.,0.,0.));
#3885=IFCAXIS2PLACEMENT3D(#3882,#3883,#3884);
#3886=IFCDIRECTION((0.,0.,-1.));
#3887=IFCEXTRUDEDAREASOLID(#3881,#3885,#3886,0.01);
#3888=IFCCARTESIANPOINTLIST2D(((0.,0.89999997615814209),(0.19800001382827759,0.89999997615814209),(0.19800001382827759,0.),(0.,0.),(0.,0.02500000037252903),(0.17300001345574856,0.02500000037252903),(0.17300001345574856,0.87499997578561306),(0.,0.87499997578561306)));
#3889=IFCINDEXEDPOLYCURVE(#3888,(IFCLINEINDEX((1,2,3,4,5,6,7,8,1))),$);
#3890=IFCARBITRARYCLOSEDPROFILEDEF(.AREA.,$,#3889);
#3891=IFCCARTESIANPOINT((0.60199999809265137,0.090000001713633537,0.));
#3892=IFCDIRECTION((0.,-1.,0.));
#3893=IFCDIRECTION((1.,0.,0.));
#3894=IFCAXIS2PLACEMENT3D(#3891,#3892,#3893);
#3895=IFCDIRECTION((0.,0.,-1.));
#3896=IFCEXTRUDEDAREASOLID(#3890,#3894,#3895,0.0099999997764825821);
#3897=IFCCARTESIANPOINTLIST2D(((0.,0.),(0.19800001382827759,0.),(0.19800001382827759,0.89999997615814209),(0.,0.89999997615814209)));
#3898=IFCINDEXEDPOLYCURVE(#3897,(IFCLINEINDEX((1,2,3,4,1))),$);
#3899=IFCCARTESIANPOINTLIST2D(((0.02500000037252903,0.05000000074505806),(0.14800001308321953,0.05000000074505806),(0.14800001308321953,0.84999997541308403),(0.02500000037252903,0.84999997541308403)));
#3900=IFCINDEXEDPOLYCURVE(#3899,(IFCLINEINDEX((1,2,3,4,1))),$);
#3901=IFCARBITRARYPROFILEDEFWITHVOIDS(.AREA.,$,#3898,(#3900));
#3902=IFCCARTESIANPOINT((0.60199999809265137,0.05000000074505806,0.));
#3903=IFCDIRECTION((0.,-1.,0.));
#3904=IFCDIRECTION((1.,0.,0.));
#3905=IFCAXIS2PLACEMENT3D(#3902,#3903,#3904);
#3906=IFCDIRECTION((0.,0.,-1.));
#3907=IFCEXTRUDEDAREASOLID(#3901,#3905,#3906,0.040000000968575478);
#3908=IFCCARTESIANPOINTLIST2D(((0.,0.),(0.17300001345574856,0.),(0.17300001345574856,0.84999997541308403),(0.,0.84999997541308403)));
#3909=IFCINDEXEDPOLYCURVE(#3908,(IFCLINEINDEX((1,2,3,4,1))),$);
#3910=IFCCARTESIANPOINTLIST2D(((0.035000000149011612,0.035000000149011612),(0.13800001330673695,0.035000000149011612),(0.13800001330673695,0.81499997526407242),(0.035000000149011612,0.81499997526407242)));
#3911=IFCINDEXEDPOLYCURVE(#3910,(IFCLINEINDEX((1,2,3,4,1))),$);
#3912=IFCARBITRARYPROFILEDEFWITHVOIDS(.AREA.,$,#3909,(#3911));
#3913=IFCCARTESIANPOINT((0.60199999809265137,0.090000001713633537,0.02500000037252903));
#3914=IFCDIRECTION((0.,-1.,0.));
#3915=IFCDIRECTION((1.,0.,0.));
#3916=IFCAXIS2PLACEMENT3D(#3913,#3914,#3915);
#3917=IFCDIRECTION((0.,0.,-1.));
#3918=IFCEXTRUDEDAREASOLID(#3912,#3916,#3917,0.035000000149011612);
#3919=IFCINDEXEDPOLYCURVE(#3920,(IFCLINEINDEX((1,2,3,4,1))),$);
#3920=IFCCARTESIANPOINTLIST2D(((0.035000000149011612,0.035000000149011612),(0.13800001330673695,0.035000000149011612),(0.13800001330673695,0.81499997526407242),(0.035000000149011612,0.81499997526407242)));
#3921=IFCARBITRARYCLOSEDPROFILEDEF(.AREA.,$,#3919);
#3922=IFCCARTESIANPOINT((0.60199999809265137,0.10250000178813934,0.02500000037252903));
#3923=IFCDIRECTION((0.,-1.,0.));
#3924=IFCDIRECTION((1.,0.,0.));
#3925=IFCAXIS2PLACEMENT3D(#3922,#3923,#3924);
#3926=IFCDIRECTION((0.,0.,-1.));
#3927=IFCEXTRUDEDAREASOLID(#3921,#3925,#3926,0.01);
#3990=IFCCARTESIANPOINTLIST2D(((0.,0.),(0.80000001192092896,0.),(0.80000001192092896,0.89999997615814209),(0.,0.89999997615814209)));
#3991=IFCINDEXEDPOLYCURVE(#3990,(IFCLINEINDEX((1,2,3,4,1))),$);
#3992=IFCCARTESIANPOINTLIST2D(((0.02500000037252903,0.02500000037252903),(0.77500001154839993,0.02500000037252903),(0.77500001154839993,0.87499997578561306),(0.02500000037252903,0.87499997578561306)));
#3993=IFCINDEXEDPOLYCURVE(#3992,(IFCLINEINDEX((1,2,3,4,1))),$);
#3994=IFCARBITRARYPROFILEDEFWITHVOIDS(.AREA.,$,#3991,(#3993));
#3995=IFCCARTESIANPOINT((0.,0.090000001713633537,0.));
#3996=IFCDIRECTION((0.,-1.,0.));
#3997=IFCDIRECTION((1.,0.,0.));
#3998=IFCAXIS2PLACEMENT3D(#3995,#3996,#3997);
#3999=IFCDIRECTION((0.,0.,-1.));
#4000=IFCEXTRUDEDAREASOLID(#3994,#3998,#3999,0.0099999997764825821);
#4001=IFCCARTESIANPOINTLIST2D(((0.,0.),(0.80000001192092896,0.),(0.80000001192092896,0.89999997615814209),(0.,0.89999997615814209)));
#4002=IFCINDEXEDPOLYCURVE(#4001,(IFCLINEINDEX((1,2,3,4,1))),$);
#4003=IFCCARTESIANPOINTLIST2D(((0.05000000074505806,0.05000000074505806),(0.7500000111758709,0.05000000074505806),(0.7500000111758709,0.84999997541308403),(0.05000000074505806,0.84999997541308403)));
#4004=IFCINDEXEDPOLYCURVE(#4003,(IFCLINEINDEX((1,2,3,4,1))),$);
#4005=IFCARBITRARYPROFILEDEFWITHVOIDS(.AREA.,$,#4002,(#4004));
#4006=IFCCARTESIANPOINT((0.,0.05000000074505806,0.));
#4007=IFCDIRECTION((0.,-1.,0.));
#4008=IFCDIRECTION((1.,0.,0.));
#4009=IFCAXIS2PLACEMENT3D(#4006,#4007,#4008);
#4010=IFCDIRECTION((0.,0.,-1.));
#4011=IFCEXTRUDEDAREASOLID(#4005,#4009,#4010,0.040000000968575478);
#4012=IFCCARTESIANPOINTLIST2D(((0.,0.),(0.7500000111758709,0.),(0.7500000111758709,0.84999997541308403),(0.,0.84999997541308403)));
#4013=IFCINDEXEDPOLYCURVE(#4012,(IFCLINEINDEX((1,2,3,4,1))),$);
#4014=IFCCARTESIANPOINTLIST2D(((0.035000000149011612,0.035000000149011612),(0.71500001102685928,0.035000000149011612),(0.71500001102685928,0.81499997526407242),(0.035000000149011612,0.81499997526407242)));
#4015=IFCINDEXEDPOLYCURVE(#4014,(IFCLINEINDEX((1,2,3,4,1))),$);
#4016=IFCARBITRARYPROFILEDEFWITHVOIDS(.AREA.,$,#4013,(#4015));
#4017=IFCCARTESIANPOINT((0.02500000037252903,0.090000001713633537,0.02500000037252903));
#4018=IFCDIRECTION((0.,-1.,0.));
#4019=IFCDIRECTION((1.,0.,0.));
#4020=IFCAXIS2PLACEMENT3D(#4017,#4018,#4019);
#4021=IFCDIRECTION((0.,0.,-1.));
#4022=IFCEXTRUDEDAREASOLID(#4016,#4020,#4021,0.035000000149011612);
#4023=IFCINDEXEDPOLYCURVE(#4024,(IFCLINEINDEX((1,2,3,4,1))),$);
#4024=IFCCARTESIANPOINTLIST2D(((0.035000000149011612,0.035000000149011612),(0.71500001102685928,0.035000000149011612),(0.71500001102685928,0.81499997526407242),(0.035000000149011612,0.81499997526407242)));
#4025=IFCARBITRARYCLOSEDPROFILEDEF(.AREA.,$,#4023);
#4026=IFCCARTESIANPOINT((0.02500000037252903,0.10250000178813934,0.02500000037252903));
#4027=IFCDIRECTION((0.,-1.,0.));
#4028=IFCDIRECTION((1.,0.,0.));
#4029=IFCAXIS2PLACEMENT3D(#4026,#4027,#4028);
#4030=IFCDIRECTION((0.,0.,-1.));
#4031=IFCEXTRUDEDAREASOLID(#4025,#4029,#4030,0.01);
#4090=IFCCARTESIANPOINTLIST3D(((0.,0.,0.),(0.80000001192092896,0.,0.),(0.80000001192092896,0.,0.89999997615814209),(0.,0.,0.89999997615814209)));
#4091=IFCINDEXEDPOLYCURVE(#4090,(IFCLINEINDEX((1,2,3,4,1))),$);
#4092=IFCSHAPEREPRESENTATION(#18,'Profile','Curve3D',(#4091));
#4093=IFCCARTESIANPOINTLIST2D(((0.,0.),(0.80000001192092896,0.),(0.80000001192092896,0.89999997615814209),(0.,0.89999997615814209)));
#4094=IFCINDEXEDPOLYCURVE(#4093,(IFCLINEINDEX((1,2,3,4,1))),$);
#4095=IFCCARTESIANPOINTLIST2D(((0.02500000037252903,0.02500000037252903),(0.77500001154839993,0.02500000037252903),(0.77500001154839993,0.87499997578561306),(0.02500000037252903,0.87499997578561306)));
#4096=IFCINDEXEDPOLYCURVE(#4095,(IFCLINEINDEX((1,2,3,4,1))),$);
#4097=IFCARBITRARYPROFILEDEFWITHVOIDS(.AREA.,$,#4094,(#4096));
#4098=IFCCARTESIANPOINT((0.,0.090000001713633537,0.));
#4099=IFCDIRECTION((0.,-1.,0.));
#4100=IFCDIRECTION((1.,0.,0.));
#4101=IFCAXIS2PLACEMENT3D(#4098,#4099,#4100);
#4102=IFCDIRECTION((0.,0.,-1.));
#4103=IFCEXTRUDEDAREASOLID(#4097,#4101,#4102,0.0099999997764825821);
#4104=IFCCARTESIANPOINTLIST2D(((0.,0.),(0.80000001192092896,0.),(0.80000001192092896,0.89999997615814209),(0.,0.89999997615814209)));
#4105=IFCINDEXEDPOLYCURVE(#4104,(IFCLINEINDEX((1,2,3,4,1))),$);
#4106=IFCCARTESIANPOINTLIST2D(((0.05000000074505806,0.05000000074505806),(0.7500000111758709,0.05000000074505806),(0.7500000111758709,0.84999997541308403),(0.05000000074505806,0.84999997541308403)));
#4107=IFCINDEXEDPOLYCURVE(#4106,(IFCLINEINDEX((1,2,3,4,1))),$);
#4108=IFCARBITRARYPROFILEDEFWITHVOIDS(.AREA.,$,#4105,(#4107));
#4109=IFCCARTESIANPOINT((0.,0.05000000074505806,0.));
#4110=IFCDIRECTION((0.,-1.,0.));
#4111=IFCDIRECTION((1.,0.,0.));
#4112=IFCAXIS2PLACEMENT3D(#4109,#4110,#4111);
#4113=IFCDIRECTION((0.,0.,-1.));
#4114=IFCEXTRUDEDAREASOLID(#4108,#4112,#4113,0.040000000968575478);
#4115=IFCCARTESIANPOINTLIST2D(((0.,0.),(0.7500000111758709,0.),(0.7500000111758709,0.84999997541308403),(0.,0.84999997541308403)));
#4116=IFCINDEXEDPOLYCURVE(#4115,(IFCLINEINDEX((1,2,3,4,1))),$);
#4117=IFCCARTESIANPOINTLIST2D(((0.035000000149011612,0.035000000149011612),(0.71500001102685928,0.035000000149011612),(0.71500001102685928,0.81499997526407242),(0.035000000149011612,0.81499997526407242)));
#4118=IFCINDEXEDPOLYCURVE(#4117,(IFCLINEINDEX((1,2,3,4,1))),$);
#4119=IFCARBITRARYPROFILEDEFWITHVOIDS(.AREA.,$,#4116,(#4118));
#4120=IFCCARTESIANPOINT((0.02500000037252903,0.090000001713633537,0.02500000037252903));
#4121=IFCDIRECTION((0.,-1.,0.));
#4122=IFCDIRECTION((1.,0.,0.));
#4123=IFCAXIS2PLACEMENT3D(#4120,#4121,#4122);
#4124=IFCDIRECTION((0.,0.,-1.));
#4125=IFCEXTRUDEDAREASOLID(#4119,#4123,#4124,0.035000000149011612);
#4126=IFCINDEXEDPOLYCURVE(#4127,(IFCLINEINDEX((1,2,3,4,1))),$);
#4127=IFCCARTESIANPOINTLIST2D(((0.035000000149011612,0.035000000149011612),(0.71500001102685928,0.035000000149011612),(0.71500001102685928,0.81499997526407242),(0.035000000149011612,0.81499997526407242)));
#4128=IFCARBITRARYCLOSEDPROFILEDEF(.AREA.,$,#4126);
#4129=IFCCARTESIANPOINT((0.02500000037252903,0.10250000178813934,0.02500000037252903));
#4130=IFCDIRECTION((0.,-1.,0.));
#4131=IFCDIRECTION((1.,0.,0.));
#4132=IFCAXIS2PLACEMENT3D(#4129,#4130,#4131);
#4133=IFCDIRECTION((0.,0.,-1.));
#4134=IFCEXTRUDEDAREASOLID(#4128,#4132,#4133,0.01);
#4135=IFCSHAPEREPRESENTATION(#11,'Body','SweptSolid',(#4103,#4114,#4125,#4134));
#4136=IFCCARTESIANPOINTLIST2D(((0.05000000074505806,0.05000000074505806),(0.7500000111758709,0.05000000074505806)));
#4137=IFCINDEXEDPOLYCURVE(#4136,$,$);
#4138=IFCCARTESIANPOINTLIST2D(((0.,0.10000000149011612),(0.02500000037252903,0.10000000149011612),(0.02500000037252903,0.090000001713633537),(0.05000000074505806,0.090000001713633537),(0.05000000074505806,0.05000000074505806),(0.,0.05000000074505806)));
#4139=IFCINDEXEDPOLYCURVE(#4138,(IFCLINEINDEX((1,2,3,4,5,6,1))),$);
#4140=IFCCARTESIANPOINTLIST2D(((0.80000001192092896,0.10000000149011612),(0.77500001154839993,0.10000000149011612),(0.77500001154839993,0.090000001713633537),(0.7500000111758709,0.090000001713633537),(0.7500000111758709,0.05000000074505806),(0.80000001192092896,0.05000000074505806)));
#4141=IFCINDEXEDPOLYCURVE(#4140,(IFCLINEINDEX((1,2,3,4,5,6,1))),$);
#4142=IFCCARTESIANPOINTLIST2D(((0.02500000037252903,0.090000001713633537),(0.060000000521540642,0.090000001713633537),(0.060000000521540642,0.12500000186264515),(0.02500000037252903,0.12500000186264515)));
#4143=IFCINDEXEDPOLYCURVE(#4142,(IFCLINEINDEX((1,2,3,4,1))),$);
#4144=IFCINDEXEDPOLYCURVE(#4145,(IFCLINEINDEX((1,2,3,4,1))),$);
#4145=IFCCARTESIANPOINTLIST2D(((0.77500001154839993,0.090000001713633537),(0.74000001139938831,0.090000001713633537),(0.74000001139938831,0.12500000186264515),(0.77500001154839993,0.12500000186264515)));
#4146=IFCCARTESIANPOINTLIST2D(((0.060000000521540642,0.090000001713633537),(0.74000001139938831,0.090000001713633537)));
#4147=IFCINDEXEDPOLYCURVE(#4146,$,$);
#4148=IFCINDEXEDPOLYCURVE(#4149,$,$);
#4149=IFCCARTESIANPOINTLIST2D(((0.060000000521540642,0.12500000186264515),(0.74000001139938831,0.12500000186264515)));
#4150=IFCINDEXEDPOLYCURVE(#4151,$,$);
#4151=IFCCARTESIANPOINTLIST2D(((0.060000000521540642,0.10750000178813934),(0.74000001139938831,0.10750000178813934)));
#4152=IFCSHAPEREPRESENTATION(#24,'Body','Curve2D',(#4137,#4139,#4141,#4143,#4144,#4147,#4148,#4150));
#4153=IFCCARTESIANPOINTLIST2D(((0.,0.),(0.80000001192092896,0.),(0.80000001192092896,0.89999997615814209),(0.,0.89999997615814209)));
#4154=IFCINDEXEDPOLYCURVE(#4153,(IFCLINEINDEX((1,2,3,4,1))),$);
#4155=IFCARBITRARYCLOSEDPROFILEDEF(.AREA.,$,#4154);
#4156=IFCCARTESIANPOINT((0.,-0.60000002384185791,0.));
#4157=IFCDIRECTION((0.,-1.,0.));
#4158=IFCDIRECTION((1.,0.,0.));
#4159=IFCAXIS2PLACEMENT3D(#4156,#4157,#4158);
#4160=IFCDIRECTION((0.,0.,-1.));
#4161=IFCEXTRUDEDAREASOLID(#4155,#4159,#4160,1.2);
#4162=IFCSHAPEREPRESENTATION(#11,'Body','SweptSolid',(#4161));
#4168=IFCCARTESIANPOINT((3.0072614665733535,1.2034696137419587E-06,1.));
#4169=IFCDIRECTION((0.,0.,1.));
#4170=IFCDIRECTION((0.99999999999999289,1.1920928244535129E-07,0.));
#4171=IFCAXIS2PLACEMENT3D(#4168,#4169,#4170);
#4172=IFCLOCALPLACEMENT(#529,#4171);
#4173=IFCCARTESIANPOINT((-4.4408920985006262E-16,0.,0.));
#4174=IFCDIRECTION((0.,0.,1.));
#4175=IFCDIRECTION((1.,0.,0.));
#4176=IFCAXIS2PLACEMENT3D(#4173,#4174,#4175);
#4177=IFCLOCALPLACEMENT(#4172,#4176);
#4178=IFCWINDOWTYPE('2xDPbffnX5$eLB8WQHP7Ks',$,'maids-gf',$,$,(#4179),(#4181,#4189,#4237),$,$,.WINDOW.,.SINGLE_PANEL.,$,$);
#4179=IFCPROPERTYSET('3T$6uMN2j5ZPjyWiinBXfe',$,'BBIM_Window',$,(#4180));
#4180=IFCPROPERTYSINGLEVALUE('Data',$,IFCTEXT('{"window_type": "SINGLE_PANEL", "overall_height": 0.8999999761581421, "overall_width": 0.7802609801292419, "lining_properties": {"lining_depth": 0.05000000074505806, "lining_thickness": 0.05000000074505806, "lining_offset": 0.05000000074505806, "lining_to_panel_offset_x": 0.02500000037252903, "lining_to_panel_offset_y": 0.02500000037252903}, "panel_properties": {"frame_depth": [0.03500000014901161, 0.03500000014901161, 0.03500000014901161], "frame_thickness": [0.03500000014901161, 0.03500000014901161, 0.03500000014901161]}}'),$);
#4181=IFCREPRESENTATIONMAP(#4182,#4408);
#4182=IFCAXIS2PLACEMENT3D(#4183,#4184,#4185);
#4183=IFCCARTESIANPOINT((0.,0.,0.));
#4184=IFCDIRECTION((0.,0.,1.));
#4185=IFCDIRECTION((1.,0.,0.));
#4189=IFCREPRESENTATIONMAP(#4190,#4451);
#4190=IFCAXIS2PLACEMENT3D(#4191,#4192,#4193);
#4191=IFCCARTESIANPOINT((0.,0.,0.));
#4192=IFCDIRECTION((0.,0.,1.));
#4193=IFCDIRECTION((1.,0.,0.));
#4237=IFCREPRESENTATIONMAP(#4238,#4474);
#4238=IFCAXIS2PLACEMENT3D(#4239,#4240,#4241);
#4239=IFCCARTESIANPOINT((0.,0.,0.));
#4240=IFCDIRECTION((0.,0.,1.));
#4241=IFCDIRECTION((1.,0.,0.));
#4325=IFCWINDOW('1llb7xjKXEE9F3HqQ96btH',$,'Window',$,$,#4499,#4335,$,0.89999997615814209,0.78026098012924194,$,.SINGLE_PANEL.,$);
#4327=IFCRELDEFINESBYTYPE('3Un5altRL7aQxucouxGygX',$,$,$,(#4325),#4178);
#4328=IFCCARTESIANPOINT((0.,0.,0.));
#4329=IFCDIRECTION((1.,0.,0.));
#4330=IFCDIRECTION((0.,1.,0.));
#4331=IFCDIRECTION((0.,0.,1.));
#4332=IFCCARTESIANTRANSFORMATIONOPERATOR3D(#4329,#4330,#4328,1.,#4331);
#4333=IFCMAPPEDITEM(#4181,#4332);
#4334=IFCSHAPEREPRESENTATION(#18,'Profile','MappedRepresentation',(#4333));
#4335=IFCPRODUCTDEFINITIONSHAPE($,$,(#4334,#4342,#4349));
#4336=IFCCARTESIANPOINT((0.,0.,0.));
#4337=IFCDIRECTION((1.,0.,0.));
#4338=IFCDIRECTION((0.,1.,0.));
#4339=IFCDIRECTION((0.,0.,1.));
#4340=IFCCARTESIANTRANSFORMATIONOPERATOR3D(#4337,#4338,#4336,1.,#4339);
#4341=IFCMAPPEDITEM(#4189,#4340);
#4342=IFCSHAPEREPRESENTATION(#11,'Body','MappedRepresentation',(#4341));
#4343=IFCCARTESIANPOINT((0.,0.,0.));
#4344=IFCDIRECTION((1.,0.,0.));
#4345=IFCDIRECTION((0.,1.,0.));
#4346=IFCDIRECTION((0.,0.,1.));
#4347=IFCCARTESIANTRANSFORMATIONOPERATOR3D(#4344,#4345,#4343,1.,#4346);
#4348=IFCMAPPEDITEM(#4237,#4347);
#4349=IFCSHAPEREPRESENTATION(#24,'Body','MappedRepresentation',(#4348));
#4350=IFCOPENINGELEMENT('0Z8UDohcLFzPu5E5mb$EUp',$,'Opening',$,$,#4494,#4378,$,.OPENING.);
#4366=IFCCARTESIANPOINT((0.,0.,0.));
#4367=IFCDIRECTION((1.,0.,0.));
#4368=IFCDIRECTION((0.,0.,1.));
#4369=IFCAXIS2PLACEMENT3D(#4366,#4368,#4367);
#4370=IFCREPRESENTATIONMAP(#4369,#4484);
#4371=IFCCARTESIANPOINT((0.,0.,0.));
#4372=IFCDIRECTION((1.,0.,0.));
#4373=IFCDIRECTION((0.,1.,0.));
#4374=IFCDIRECTION((0.,0.,1.));
#4375=IFCCARTESIANTRANSFORMATIONOPERATOR3D(#4372,#4373,#4371,1.,#4374);
#4376=IFCMAPPEDITEM(#4370,#4375);
#4377=IFCSHAPEREPRESENTATION(#11,'Body','MappedRepresentation',(#4376));
#4378=IFCPRODUCTDEFINITIONSHAPE($,$,(#4377));
#4379=IFCRELVOIDSELEMENT('2A0aMBLhj7gvIyXDXbgnFy',$,$,$,#189,#4350);
#4385=IFCRELFILLSELEMENT('3w2ezdPfH23xrWF4mqWLnO',$,$,$,#4350,#4325);
#4406=IFCCARTESIANPOINTLIST3D(((0.,0.,0.),(0.78026098012924194,0.,0.),(0.78026098012924194,0.,0.89999997615814209),(0.,0.,0.89999997615814209)));
#4407=IFCINDEXEDPOLYCURVE(#4406,(IFCLINEINDEX((1,2,3,4,1))),$);
#4408=IFCSHAPEREPRESENTATION(#18,'Profile','Curve3D',(#4407));
#4409=IFCCARTESIANPOINTLIST2D(((0.,0.),(0.78026098012924194,0.),(0.78026098012924194,0.89999997615814209),(0.,0.89999997615814209)));
#4410=IFCINDEXEDPOLYCURVE(#4409,(IFCLINEINDEX((1,2,3,4,1))),$);
#4411=IFCCARTESIANPOINTLIST2D(((0.02500000037252903,0.02500000037252903),(0.75526097975671291,0.02500000037252903),(0.75526097975671291,0.87499997578561306),(0.02500000037252903,0.87499997578561306)));
#4412=IFCINDEXEDPOLYCURVE(#4411,(IFCLINEINDEX((1,2,3,4,1))),$);
#4413=IFCARBITRARYPROFILEDEFWITHVOIDS(.AREA.,$,#4410,(#4412));
#4414=IFCCARTESIANPOINT((0.,0.090000001713633537,0.));
#4415=IFCDIRECTION((0.,-1.,0.));
#4416=IFCDIRECTION((1.,0.,0.));
#4417=IFCAXIS2PLACEMENT3D(#4414,#4415,#4416);
#4418=IFCDIRECTION((0.,0.,-1.));
#4419=IFCEXTRUDEDAREASOLID(#4413,#4417,#4418,0.0099999997764825821);
#4420=IFCCARTESIANPOINTLIST2D(((0.,0.),(0.78026098012924194,0.),(0.78026098012924194,0.89999997615814209),(0.,0.89999997615814209)));
#4421=IFCINDEXEDPOLYCURVE(#4420,(IFCLINEINDEX((1,2,3,4,1))),$);
#4422=IFCCARTESIANPOINTLIST2D(((0.05000000074505806,0.05000000074505806),(0.73026097938418388,0.05000000074505806),(0.73026097938418388,0.84999997541308403),(0.05000000074505806,0.84999997541308403)));
#4423=IFCINDEXEDPOLYCURVE(#4422,(IFCLINEINDEX((1,2,3,4,1))),$);
#4424=IFCARBITRARYPROFILEDEFWITHVOIDS(.AREA.,$,#4421,(#4423));
#4425=IFCCARTESIANPOINT((0.,0.05000000074505806,0.));
#4426=IFCDIRECTION((0.,-1.,0.));
#4427=IFCDIRECTION((1.,0.,0.));
#4428=IFCAXIS2PLACEMENT3D(#4425,#4426,#4427);
#4429=IFCDIRECTION((0.,0.,-1.));
#4430=IFCEXTRUDEDAREASOLID(#4424,#4428,#4429,0.040000000968575478);
#4431=IFCCARTESIANPOINTLIST2D(((0.,0.),(0.73026097938418388,0.),(0.73026097938418388,0.84999997541308403),(0.,0.84999997541308403)));
#4432=IFCINDEXEDPOLYCURVE(#4431,(IFCLINEINDEX((1,2,3,4,1))),$);
#4433=IFCCARTESIANPOINTLIST2D(((0.035000000149011612,0.035000000149011612),(0.69526097923517227,0.035000000149011612),(0.69526097923517227,0.81499997526407242),(0.035000000149011612,0.81499997526407242)));
#4434=IFCINDEXEDPOLYCURVE(#4433,(IFCLINEINDEX((1,2,3,4,1))),$);
#4435=IFCARBITRARYPROFILEDEFWITHVOIDS(.AREA.,$,#4432,(#4434));
#4436=IFCCARTESIANPOINT((0.02500000037252903,0.090000001713633537,0.02500000037252903));
#4437=IFCDIRECTION((0.,-1.,0.));
#4438=IFCDIRECTION((1.,0.,0.));
#4439=IFCAXIS2PLACEMENT3D(#4436,#4437,#4438);
#4440=IFCDIRECTION((0.,0.,-1.));
#4441=IFCEXTRUDEDAREASOLID(#4435,#4439,#4440,0.035000000149011612);
#4442=IFCINDEXEDPOLYCURVE(#4443,(IFCLINEINDEX((1,2,3,4,1))),$);
#4443=IFCCARTESIANPOINTLIST2D(((0.035000000149011612,0.035000000149011612),(0.69526097923517227,0.035000000149011612),(0.69526097923517227,0.81499997526407242),(0.035000000149011612,0.81499997526407242)));
#4444=IFCARBITRARYCLOSEDPROFILEDEF(.AREA.,$,#4442);
#4445=IFCCARTESIANPOINT((0.02500000037252903,0.10250000178813934,0.02500000037252903));
#4446=IFCDIRECTION((0.,-1.,0.));
#4447=IFCDIRECTION((1.,0.,0.));
#4448=IFCAXIS2PLACEMENT3D(#4445,#4446,#4447);
#4449=IFCDIRECTION((0.,0.,-1.));
#4450=IFCEXTRUDEDAREASOLID(#4444,#4448,#4449,0.01);
#4451=IFCSHAPEREPRESENTATION(#11,'Body','SweptSolid',(#4419,#4430,#4441,#4450));
#4452=IFCSHAPEREPRESENTATION(#11,'Body','SweptSolid',(#4419,#4430));
#4453=IFCSHAPEASPECT((#4452),'Lining',$,.T.,#4335);
#4454=IFCSHAPEREPRESENTATION(#11,'Body','SweptSolid',(#4441));
#4455=IFCSHAPEASPECT((#4454),'Framing',$,.T.,#4335);
#4456=IFCSHAPEREPRESENTATION(#11,'Body','SweptSolid',(#4450));
#4457=IFCSHAPEASPECT((#4456),'Glazing',$,.T.,#4335);
#4458=IFCCARTESIANPOINTLIST2D(((0.05000000074505806,0.05000000074505806),(0.73026097938418388,0.05000000074505806)));
#4459=IFCINDEXEDPOLYCURVE(#4458,$,$);
#4460=IFCCARTESIANPOINTLIST2D(((0.,0.10000000149011612),(0.02500000037252903,0.10000000149011612),(0.02500000037252903,0.090000001713633537),(0.05000000074505806,0.090000001713633537),(0.05000000074505806,0.05000000074505806),(0.,0.05000000074505806)));
#4461=IFCINDEXEDPOLYCURVE(#4460,(IFCLINEINDEX((1,2,3,4,5,6,1))),$);
#4462=IFCCARTESIANPOINTLIST2D(((0.78026098012924194,0.10000000149011612),(0.75526097975671291,0.10000000149011612),(0.75526097975671291,0.090000001713633537),(0.73026097938418388,0.090000001713633537),(0.73026097938418388,0.05000000074505806),(0.78026098012924194,0.05000000074505806)));
#4463=IFCINDEXEDPOLYCURVE(#4462,(IFCLINEINDEX((1,2,3,4,5,6,1))),$);
#4464=IFCCARTESIANPOINTLIST2D(((0.02500000037252903,0.090000001713633537),(0.060000000521540642,0.090000001713633537),(0.060000000521540642,0.12500000186264515),(0.02500000037252903,0.12500000186264515)));
#4465=IFCINDEXEDPOLYCURVE(#4464,(IFCLINEINDEX((1,2,3,4,1))),$);
#4466=IFCINDEXEDPOLYCURVE(#4467,(IFCLINEINDEX((1,2,3,4,1))),$);
#4467=IFCCARTESIANPOINTLIST2D(((0.75526097975671291,0.090000001713633537),(0.7202609796077013,0.090000001713633537),(0.7202609796077013,0.12500000186264515),(0.75526097975671291,0.12500000186264515)));
#4468=IFCCARTESIANPOINTLIST2D(((0.060000000521540642,0.090000001713633537),(0.7202609796077013,0.090000001713633537)));
#4469=IFCINDEXEDPOLYCURVE(#4468,$,$);
#4470=IFCINDEXEDPOLYCURVE(#4471,$,$);
#4471=IFCCARTESIANPOINTLIST2D(((0.060000000521540642,0.12500000186264515),(0.7202609796077013,0.12500000186264515)));
#4472=IFCINDEXEDPOLYCURVE(#4473,$,$);
#4473=IFCCARTESIANPOINTLIST2D(((0.060000000521540642,0.10750000178813934),(0.7202609796077013,0.10750000178813934)));
#4474=IFCSHAPEREPRESENTATION(#24,'Body','Curve2D',(#4459,#4461,#4463,#4465,#4466,#4469,#4470,#4472));
#4475=IFCCARTESIANPOINTLIST2D(((0.,0.),(0.78026098012924194,0.),(0.78026098012924194,0.89999997615814209),(0.,0.89999997615814209)));
#4476=IFCINDEXEDPOLYCURVE(#4475,(IFCLINEINDEX((1,2,3,4,1))),$);
#4477=IFCARBITRARYCLOSEDPROFILEDEF(.AREA.,$,#4476);
#4478=IFCCARTESIANPOINT((0.,-0.60000002384185791,0.));
#4479=IFCDIRECTION((0.,-1.,0.));
#4480=IFCDIRECTION((1.,0.,0.));
#4481=IFCAXIS2PLACEMENT3D(#4478,#4479,#4480);
#4482=IFCDIRECTION((0.,0.,-1.));
#4483=IFCEXTRUDEDAREASOLID(#4477,#4481,#4482,1.2);
#4484=IFCSHAPEREPRESENTATION(#11,'Body','SweptSolid',(#4483));
#4490=IFCCARTESIANPOINT((0.77921068668396709,-6.5023847994893913E-07,1.));
#4491=IFCDIRECTION((0.,0.,1.));
#4492=IFCDIRECTION((0.99999999999997158,-2.3841857910149749E-07,0.));
#4493=IFCAXIS2PLACEMENT3D(#4490,#4491,#4492);
#4494=IFCLOCALPLACEMENT(#200,#4493);
#4495=IFCCARTESIANPOINT((-1.1102230246251565E-16,0.,0.));
#4496=IFCDIRECTION((0.,0.,1.));
#4497=IFCDIRECTION((1.,0.,0.));
#4498=IFCAXIS2PLACEMENT3D(#4495,#4496,#4497);
#4499=IFCLOCALPLACEMENT(#4494,#4498);
#5473=IFCCARTESIANPOINT((0.,0.,3.));
#5474=IFCDIRECTION((0.,0.,1.));
#5475=IFCDIRECTION((1.,0.,0.));
#5476=IFCAXIS2PLACEMENT3D(#5473,#5474,#5475);
#5477=IFCLOCALPLACEMENT(#56,#5476);
#5533=IFCWALL('2aYe6d$497VfDn$49hnb7S',$,'Wall',$,$,#6218,#5540,$,$);
#5534=IFCRELCONTAINEDINSPATIALSTRUCTURE('2MLGsTnrjFsQDg$HUqIgxA',$,$,$,(#9950,#10322,#7354,#9776,#5634,#7554,#5964,#8104,#6788,#6723,#10577,#6386,#9099,#10886,#5939,#9377,#8389,#5989,#6256,#5847,#5584,#5609,#6014,#6685,#5533),#39);
#5535=IFCMATERIALLAYERSETUSAGE(#82,.AXIS2.,.POSITIVE.,0.,$);
#5536=IFCRELASSOCIATESMATERIAL('1dWNv7hNz5TRP_A3RsqG_Q',$,$,$,(#5533),#5535);
#5540=IFCPRODUCTDEFINITIONSHAPE($,$,(#7216,#7213));
#5556=IFCPROPERTYSET('2E4heNvT55AOqHPmA1$Kma',$,'EPset_Parametric',$,(#5558));
#5557=IFCRELDEFINESBYPROPERTIES('1jvWX95G57rfb7dMUOXQep',$,$,$,(#5533),#5556);
#5558=IFCPROPERTYSINGLEVALUE('Engine',$,IFCLABEL('Bonsai.DumbLayer2'),$);
#5584=IFCWALL('1GVbZe3XnFwQL289fCU150',$,'Wall',$,$,#7014,#5590,$,$);
#5585=IFCMATERIALLAYERSETUSAGE(#82,.AXIS2.,.POSITIVE.,0.,$);
#5586=IFCRELASSOCIATESMATERIAL('3KqeX9OHn818llhJkxEFPB',$,$,$,(#5584),#5585);
#5590=IFCPRODUCTDEFINITIONSHAPE($,$,(#7122,#7119));
#5606=IFCPROPERTYSET('1M$DEgIf97P9uzvmWmZSDp',$,'EPset_Parametric',$,(#5608));
#5607=IFCRELDEFINESBYPROPERTIES('3fmP5OXpTCceIL2eZ6nBuP',$,$,$,(#5584),#5606);
#5608=IFCPROPERTYSINGLEVALUE('Engine',$,IFCLABEL('Bonsai.DumbLayer2'),$);
#5609=IFCWALL('2oqx5D_xP4KBr6v8nMRtsS',$,'Wall',$,$,#5801,#5615,$,$);
#5610=IFCMATERIALLAYERSETUSAGE(#82,.AXIS2.,.POSITIVE.,0.,$);
#5611=IFCRELASSOCIATESMATERIAL('0v9XATmwT3O9IXqX7q$hj9',$,$,$,(#5609),#5610);
#5615=IFCPRODUCTDEFINITIONSHAPE($,$,(#5846,#5843));
#5631=IFCPROPERTYSET('2ZuDVdviL1zONIGBvFYxE1',$,'EPset_Parametric',$,(#5633));
#5632=IFCRELDEFINESBYPROPERTIES('2XfS2vQ2b3BuIvQH67OG1g',$,$,$,(#5609),#5631);
#5633=IFCPROPERTYSINGLEVALUE('Engine',$,IFCLABEL('Bonsai.DumbLayer2'),$);
#5634=IFCWALL('255ZYJ$iHDke5aQBLpBi8k',$,'Wall',$,$,#5833,#5640,$,$);
#5635=IFCMATERIALLAYERSETUSAGE(#82,.AXIS2.,.POSITIVE.,0.,$);
#5636=IFCRELASSOCIATESMATERIAL('0yt6O6zkj2FQL3ttoJA9tV',$,$,$,(#5634),#5635);
#5640=IFCPRODUCTDEFINITIONSHAPE($,$,(#7353,#7350));
#5656=IFCPROPERTYSET('3jfy2HSWr3hv3QPl2JshQN',$,'EPset_Parametric',$,(#5658));
#5657=IFCRELDEFINESBYPROPERTIES('3aA9k$gnXDkAvyDORs2ri_',$,$,$,(#5634),#5656);
#5658=IFCPROPERTYSINGLEVALUE('Engine',$,IFCLABEL('Bonsai.DumbLayer2'),$);
#5783=IFCRELCONNECTSPATHELEMENTS('1nHjRsaf1F$AvYESAxzMnl',$,$,$,$,#5609,#5584,(),(),.ATEND.,.ATSTART.);
#5797=IFCCARTESIANPOINT((-3.2733948230744074,5.5298957110154037,0.));
#5798=IFCDIRECTION((0.,0.,1.));
#5799=IFCDIRECTION((7.5497901264043123E-08,-0.99999999999999722,0.));
#5800=IFCAXIS2PLACEMENT3D(#5797,#5798,#5799);
#5801=IFCLOCALPLACEMENT(#5477,#5800);
#5815=IFCRELCONNECTSPATHELEMENTS('2aQ8luCwH6YR_htMFAAovP',$,$,$,$,#5634,#5609,(),(),.ATEND.,.ATSTART.);
#5829=IFCCARTESIANPOINT((-3.2733942832643756,-1.6201047897338867,0.));
#5830=IFCDIRECTION((0.,0.,1.));
#5831=IFCDIRECTION((1.,0.,0.));
#5832=IFCAXIS2PLACEMENT3D(#5829,#5830,#5831);
#5833=IFCLOCALPLACEMENT(#5477,#5832);
#5834=IFCCARTESIANPOINTLIST2D(((0.,0.),(0.10000004649123768,0.10000000000000001),(7.0500005082991004,0.10000000000000001),(7.1500005007493108,0.)));
#5835=IFCINDEXEDPOLYCURVE(#5834,(IFCLINEINDEX((1,2,3,4,1))),$);
#5836=IFCARBITRARYCLOSEDPROFILEDEF(.AREA.,$,#5835);
#5837=IFCCARTESIANPOINT((0.,0.,0.));
#5838=IFCDIRECTION((0.,0.,1.));
#5839=IFCDIRECTION((1.,0.,0.));
#5840=IFCAXIS2PLACEMENT3D(#5837,#5838,#5839);
#5841=IFCDIRECTION((0.,0.,1.));
#5842=IFCEXTRUDEDAREASOLID(#5836,#5840,#5841,3.);
#5843=IFCSHAPEREPRESENTATION(#11,'Body','SweptSolid',(#5842));
#5844=IFCCARTESIANPOINTLIST2D(((0.,0.),(7.1500005007493108,0.)));
#5845=IFCINDEXEDPOLYCURVE(#5844,$,$);
#5846=IFCSHAPEREPRESENTATION(#23,'Axis','Curve2D',(#5845));
#5847=IFCWALL('1PFHlhKSr8I9RzaDLWDAQ3',$,'Wall',$,$,#6237,#5853,$,$);
#5848=IFCMATERIALLAYERSETUSAGE(#82,.AXIS2.,.POSITIVE.,0.,$);
#5849=IFCRELASSOCIATESMATERIAL('2ShDpftfLACAQBZOFE9GK0',$,$,$,(#5847),#5848);
#5853=IFCPRODUCTDEFINITIONSHAPE($,$,(#7340,#7337));
#5869=IFCPROPERTYSET('18zRgwEZb8bBogVdcvmoAU',$,'EPset_Parametric',$,(#5871));
#5870=IFCRELDEFINESBYPROPERTIES('1rUqZWsBX1qQCSFnysKv3M',$,$,$,(#5847),#5869);
#5871=IFCPROPERTYSINGLEVALUE('Engine',$,IFCLABEL('Bonsai.DumbLayer2'),$);
#5939=IFCWALL('2lG09GZin9ywcnUxIDAOs9',$,'Wall',$,$,#6255,#5945,$,$);
#5940=IFCMATERIALLAYERSETUSAGE(#82,.AXIS2.,.POSITIVE.,0.,$);
#5941=IFCRELASSOCIATESMATERIAL('2IPAzUlBP0auLy5CGF4dJX',$,$,$,(#5939),#5940);
#5945=IFCPRODUCTDEFINITIONSHAPE($,$,(#6250,#6247));
#5961=IFCPROPERTYSET('2bcFJhwkHETwPLCjRJU_mO',$,'EPset_Parametric',$,(#5963));
#5962=IFCRELDEFINESBYPROPERTIES('1hhmmHl_b8v8qzXyWKsbzz',$,$,$,(#5939),#5961);
#5963=IFCPROPERTYSINGLEVALUE('Engine',$,IFCLABEL('Bonsai.DumbLayer2'),$);
#5964=IFCWALL('0UbfPK$pL1BvI1FaDP4Jvl',$,'Wall',$,$,#6109,#5970,$,$);
#5965=IFCMATERIALLAYERSETUSAGE(#82,.AXIS2.,.POSITIVE.,0.,$);
#5966=IFCRELASSOCIATESMATERIAL('1Eu0F8iQ5A7RnS7Ybw$Q_x',$,$,$,(#5964),#5965);
#5970=IFCPRODUCTDEFINITIONSHAPE($,$,(#6154,#6151));
#5986=IFCPROPERTYSET('239GDE4cP0ueDejjQrm3P6',$,'EPset_Parametric',$,(#5988));
#5987=IFCRELDEFINESBYPROPERTIES('3SJMKYoAzDLwIGnuU79mnX',$,$,$,(#5964),#5986);
#5988=IFCPROPERTYSINGLEVALUE('Engine',$,IFCLABEL('Bonsai.DumbLayer2'),$);
#5989=IFCWALL('2sqPvI6srCB8AuZd09Z2yM',$,'Wall',$,$,#6141,#5995,$,$);
#5990=IFCMATERIALLAYERSETUSAGE(#82,.AXIS2.,.POSITIVE.,0.,$);
#5991=IFCRELASSOCIATESMATERIAL('1B85fpu9PF6e56e_st2Vup',$,$,$,(#5989),#5990);
#5995=IFCPRODUCTDEFINITIONSHAPE($,$,(#6916,#6913));
#6011=IFCPROPERTYSET('2ZGbfJjnr3oOhbNfTDmuts',$,'EPset_Parametric',$,(#6013));
#6012=IFCRELDEFINESBYPROPERTIES('1jdWq6E4P3wu5T2lSHucBl',$,$,$,(#5989),#6011);
#6013=IFCPROPERTYSINGLEVALUE('Engine',$,IFCLABEL('Bonsai.DumbLayer2'),$);
#6014=IFCWALL('2kuuFf$Bz2HwTomzFrRx3Y',$,'Wall',$,$,#6876,#6020,$,$);
#6015=IFCMATERIALLAYERSETUSAGE(#82,.AXIS2.,.POSITIVE.,0.,$);
#6016=IFCRELASSOCIATESMATERIAL('3Yi2yhm0nB9w6V1QSd07YV',$,$,$,(#6014),#6015);
#6020=IFCPRODUCTDEFINITIONSHAPE($,$,(#7418,#7415));
#6036=IFCPROPERTYSET('0ZBEO9yGH9VRWHnteJadiD',$,'EPset_Parametric',$,(#6038));
#6037=IFCRELDEFINESBYPROPERTIES('0sxEGi0TDF0wCU3ym28k2H',$,$,$,(#6014),#6036);
#6038=IFCPROPERTYSINGLEVALUE('Engine',$,IFCLABEL('Bonsai.DumbLayer2'),$);
#6091=IFCRELCONNECTSPATHELEMENTS('2fp6ihjL11zxxilqwtQAE3',$,$,$,$,#5964,#5939,(),(),.ATEND.,.ATSTART.);
#6105=IFCCARTESIANPOINT((1.8347365856169804,-2.2132070907257955,0.));
#6106=IFCDIRECTION((0.,0.,1.));
#6107=IFCDIRECTION((5.5233505236165668E-07,-0.99999999999984746,0.));
#6108=IFCAXIS2PLACEMENT3D(#6105,#6106,#6107);
#6109=IFCLOCALPLACEMENT(#5477,#6108);
#6123=IFCRELCONNECTSPATHELEMENTS('11rjRZyFLAjvpTKs00uNCv',$,$,$,$,#5989,#5964,(),(),.ATEND.,.ATSTART.);
#6137=IFCCARTESIANPOINT((1.8347370827186653,-3.1132073402404785,0.));
#6138=IFCDIRECTION((0.,0.,1.));
#6139=IFCDIRECTION((1.,0.,0.));
#6140=IFCAXIS2PLACEMENT3D(#6137,#6138,#6139);
#6141=IFCLOCALPLACEMENT(#5477,#6140);
#6142=IFCCARTESIANPOINTLIST2D(((0.,0.),(-0.10000001629206982,0.10000000000000001),(0.80000030474831019,0.10000000000000001),(0.90000024951482027,0.)));
#6143=IFCINDEXEDPOLYCURVE(#6142,(IFCLINEINDEX((1,2,3,4,1))),$);
#6144=IFCARBITRARYCLOSEDPROFILEDEF(.AREA.,$,#6143);
#6145=IFCCARTESIANPOINT((0.,0.,0.));
#6146=IFCDIRECTION((0.,0.,1.));
#6147=IFCDIRECTION((1.,0.,0.));
#6148=IFCAXIS2PLACEMENT3D(#6145,#6146,#6147);
#6149=IFCDIRECTION((0.,0.,1.));
#6150=IFCEXTRUDEDAREASOLID(#6144,#6148,#6149,3.);
#6151=IFCSHAPEREPRESENTATION(#11,'Body','SweptSolid',(#6150));
#6152=IFCCARTESIANPOINTLIST2D(((0.,0.),(0.90000024951482027,0.)));
#6153=IFCINDEXEDPOLYCURVE(#6152,$,$);
#6154=IFCSHAPEREPRESENTATION(#23,'Axis','Curve2D',(#6153));
#6187=IFCRELCONNECTSPATHELEMENTS('0sGl53Zkj3Lxdzn9leoEQB',$,$,$,$,#6014,#5533,(),(),.ATSTART.,.ATEND.);
#6214=IFCCARTESIANPOINT((4.2115485513955706,6.5098943723490281,0.));
#6215=IFCDIRECTION((0.,0.,1.));
#6216=IFCDIRECTION((-0.99999999999999623,8.7422776573475527E-08,0.));
#6217=IFCAXIS2PLACEMENT3D(#6214,#6215,#6216);
#6218=IFCLOCALPLACEMENT(#5477,#6217);
#6219=IFCRELCONNECTSPATHELEMENTS('39b9GRD8r3hB_LH4W3QYEN',$,$,$,$,#5847,#5939,(),(),.ATSTART.,.ATSTART.);
#6233=IFCCARTESIANPOINT((0.38588976860046925,-2.2132081270217938,0.));
#6234=IFCDIRECTION((0.,0.,1.));
#6235=IFCDIRECTION((7.5497901264043123E-08,0.99999999999999722,0.));
#6236=IFCAXIS2PLACEMENT3D(#6233,#6234,#6235);
#6237=IFCLOCALPLACEMENT(#5477,#6236);
#6238=IFCCARTESIANPOINTLIST2D(((-0.10000000000003129,0.),(7.9075363854097525E-08,0.10000000000000001),(1.5488468333089518,0.10000000000000001),(1.4488468170168818,0.)));
#6239=IFCINDEXEDPOLYCURVE(#6238,(IFCLINEINDEX((1,2,3,4,1))),$);
#6240=IFCARBITRARYCLOSEDPROFILEDEF(.AREA.,$,#6239);
#6241=IFCCARTESIANPOINT((0.,0.,0.));
#6242=IFCDIRECTION((0.,0.,1.));
#6243=IFCDIRECTION((1.,0.,0.));
#6244=IFCAXIS2PLACEMENT3D(#6241,#6242,#6243);
#6245=IFCDIRECTION((0.,0.,1.));
#6246=IFCEXTRUDEDAREASOLID(#6240,#6244,#6245,3.);
#6247=IFCSHAPEREPRESENTATION(#11,'Body','SweptSolid',(#6246));
#6248=IFCCARTESIANPOINTLIST2D(((0.,0.),(1.4488468170168818,0.)));
#6249=IFCINDEXEDPOLYCURVE(#6248,$,$);
#6250=IFCSHAPEREPRESENTATION(#23,'Axis','Curve2D',(#6249));
#6251=IFCCARTESIANPOINT((0.38588976860046931,-2.2132081270217938,0.));
#6252=IFCDIRECTION((0.,0.,1.));
#6253=IFCDIRECTION((0.9999999999997442,7.1525573730450454E-07,0.));
#6254=IFCAXIS2PLACEMENT3D(#6251,#6252,#6253);
#6255=IFCLOCALPLACEMENT(#5477,#6254);
#6256=IFCSLAB('0$$ClvLDLD$8t41fr2P1zu',$,'Slab',$,$,#6263,#6270,$,$);
#6257=IFCMATERIALLAYERSETUSAGE(#1243,.AXIS3.,.POSITIVE.,-0.10000000149011612,$);
#6258=IFCRELASSOCIATESMATERIAL('06PYOtQo166fpEPKU2Xt3J',$,$,$,(#6256),#6257);
#6259=IFCCARTESIANPOINT((4.2115483283996582,6.5098943710327148,0.));
#6260=IFCDIRECTION((0.,0.,1.));
#6261=IFCDIRECTION((1.,0.,0.));
#6262=IFCAXIS2PLACEMENT3D(#6259,#6260,#6261);
#6263=IFCLOCALPLACEMENT(#5477,#6262);
#6264=IFCCARTESIANPOINTLIST2D(((0.,0.),(-3.9949431419372559,4.76837158203125E-07),(-3.9949431419372559,-0.98000001907348633),(-7.4849433898925781,-0.97999858856201172),(-7.4849452972412109,-9.6299972534179688),(0.0050549507141113281,-9.6299982070922852),(0.,0.)));
#6265=IFCINDEXEDPOLYCURVE(#6264,$,$);
#6266=IFCDIRECTION((0.,0.,1.));
#6267=IFCARBITRARYCLOSEDPROFILEDEF(.AREA.,$,#6265);
#6268=IFCEXTRUDEDAREASOLID(#6267,#6277,#6266,0.10000000000000001);
#6269=IFCSHAPEREPRESENTATION(#11,'Body','SweptSolid',(#6268));
#6270=IFCPRODUCTDEFINITIONSHAPE($,$,(#6269));
#6271=IFCPROPERTYSET('3wNjGlN1r3X9zI6hRuiA9X',$,'EPset_Parametric',$,(#6273));
#6272=IFCRELDEFINESBYPROPERTIES('2AKBBDbC97TgN3L82juKYj',$,$,$,(#6256),#6271);
#6273=IFCPROPERTYSINGLEVALUE('Engine',$,IFCLABEL('Bonsai.DumbLayer3'),$);
#6274=IFCCARTESIANPOINT((-0.,-0.,-0.10000000149011612));
#6275=IFCDIRECTION((0.,0.,1.));
#6276=IFCDIRECTION((1.,0.,0.));
#6277=IFCAXIS2PLACEMENT3D(#6274,#6275,#6276);
#6278=IFCDOORTYPE('3$ql$3K1b8iASSPeKtNWaW',$,'bedroom2-1-2f',$,$,(#6279),(#6281,#6289,#6367),$,$,.DOOR.,.SINGLE_SWING_LEFT.,$,$);
#6279=IFCPROPERTYSET('3XTdvJPlTFdwRvhplEmg69',$,'BBIM_Door',$,(#6280));
#6280=IFCPROPERTYSINGLEVALUE('Data',$,IFCTEXT('{"door_type": "SINGLE_SWING_LEFT", "overall_height": 2.0, "overall_width": 0.8360793590545654, "lining_properties": {"lining_depth": 0.05000000074505806, "lining_thickness": 0.05000000074505806, "lining_offset": 0.0, "lining_to_panel_offset_x": 0.02500000037252903, "lining_to_panel_offset_y": 0.02500000037252903, "transom_thickness": 0.0, "casing_thickness": 0.07500000298023224, "casing_depth": 0.004999999888241291, "threshold_thickness": 0.02500000037252903, "threshold_depth": 0.10000000149011612, "threshold_offset": 0.0}, "panel_properties": {"panel_depth": 0.03500000014901161, "panel_width_ratio": 1.0}}'),$);
#6281=IFCREPRESENTATIONMAP(#6282,#6572);
#6282=IFCAXIS2PLACEMENT3D(#6283,#6284,#6285);
#6283=IFCCARTESIANPOINT((0.,0.,0.));
#6284=IFCDIRECTION((0.,0.,1.));
#6285=IFCDIRECTION((1.,0.,0.));
#6289=IFCREPRESENTATIONMAP(#6290,#6645);
#6290=IFCAXIS2PLACEMENT3D(#6291,#6292,#6293);
#6291=IFCCARTESIANPOINT((0.,0.,0.));
#6292=IFCDIRECTION((0.,0.,1.));
#6293=IFCDIRECTION((1.,0.,0.));
#6367=IFCREPRESENTATIONMAP(#6368,#6659);
#6368=IFCAXIS2PLACEMENT3D(#6369,#6370,#6371);
#6369=IFCCARTESIANPOINT((0.,0.,0.));
#6370=IFCDIRECTION((0.,0.,1.));
#6371=IFCDIRECTION((1.,0.,0.));
#6386=IFCDOOR('0OJL8PT6X0VA2C1rVvTINg',$,'Door',$,$,#6684,#6395,$,2.,0.83607935905456543,$,.SINGLE_SWING_LEFT.,$);
#6387=IFCRELDEFINESBYTYPE('3YX4eqHy982wDR44f8xF5e',$,$,$,(#6386),#6278);
#6388=IFCCARTESIANPOINT((0.,0.,0.));
#6389=IFCDIRECTION((1.,0.,0.));
#6390=IFCDIRECTION((0.,1.,0.));
#6391=IFCDIRECTION((0.,0.,1.));
#6392=IFCCARTESIANTRANSFORMATIONOPERATOR3D(#6389,#6390,#6388,1.,#6391);
#6393=IFCMAPPEDITEM(#6281,#6392);
#6394=IFCSHAPEREPRESENTATION(#18,'Profile','MappedRepresentation',(#6393));
#6395=IFCPRODUCTDEFINITIONSHAPE($,$,(#6394,#6402,#6409));
#6396=IFCCARTESIANPOINT((0.,0.,0.));
#6397=IFCDIRECTION((1.,0.,0.));
#6398=IFCDIRECTION((0.,1.,0.));
#6399=IFCDIRECTION((0.,0.,1.));
#6400=IFCCARTESIANTRANSFORMATIONOPERATOR3D(#6397,#6398,#6396,1.,#6399);
#6401=IFCMAPPEDITEM(#6289,#6400);
#6402=IFCSHAPEREPRESENTATION(#11,'Body','MappedRepresentation',(#6401));
#6403=IFCCARTESIANPOINT((0.,0.,0.));
#6404=IFCDIRECTION((1.,0.,0.));
#6405=IFCDIRECTION((0.,1.,0.));
#6406=IFCDIRECTION((0.,0.,1.));
#6407=IFCCARTESIANTRANSFORMATIONOPERATOR3D(#6404,#6405,#6403,1.,#6406);
#6408=IFCMAPPEDITEM(#6367,#6407);
#6409=IFCSHAPEREPRESENTATION(#24,'Body','MappedRepresentation',(#6408));
#6410=IFCOPENINGELEMENT('2_Qik6O_58mB6tc0eNDvU2',$,'Opening',$,$,#6679,#6438,$,.OPENING.);
#6426=IFCCARTESIANPOINT((0.,0.,0.));
#6427=IFCDIRECTION((1.,0.,0.));
#6428=IFCDIRECTION((0.,0.,1.));
#6429=IFCAXIS2PLACEMENT3D(#6426,#6428,#6427);
#6430=IFCREPRESENTATIONMAP(#6429,#6669);
#6431=IFCCARTESIANPOINT((0.,0.,0.));
#6432=IFCDIRECTION((1.,0.,0.));
#6433=IFCDIRECTION((0.,1.,0.));
#6434=IFCDIRECTION((0.,0.,1.));
#6435=IFCCARTESIANTRANSFORMATIONOPERATOR3D(#6432,#6433,#6431,1.,#6434);
#6436=IFCMAPPEDITEM(#6430,#6435);
#6437=IFCSHAPEREPRESENTATION(#11,'Body','MappedRepresentation',(#6436));
#6438=IFCPRODUCTDEFINITIONSHAPE($,$,(#6437));
#6439=IFCRELVOIDSELEMENT('0OQ8hTUHP0IBsgXny0cBo0',$,$,$,#5939,#6410);
#6445=IFCRELFILLSELEMENT('1Ii7ClrqL8lPP6iDK2ZbYV',$,$,$,#6410,#6386);
#6454=IFCCARTESIANPOINTLIST2D(((0.,0.),(0.,2.),(0.83607935905456543,2.),(0.83607935905456543,0.),(0.8110793586820364,0.),(0.8110793586820364,1.974999999627471),(0.02500000037252903,1.974999999627471),(0.02500000037252903,0.)));
#6455=IFCINDEXEDPOLYCURVE(#6454,(IFCLINEINDEX((1,2,3,4,5,6,7,8,1))),$);
#6456=IFCARBITRARYCLOSEDPROFILEDEF(.AREA.,$,#6455);
#6457=IFCCARTESIANPOINT((0.,0.02500000037252903,0.));
#6458=IFCDIRECTION((0.,-1.,0.));
#6459=IFCDIRECTION((1.,0.,0.));
#6460=IFCAXIS2PLACEMENT3D(#6457,#6458,#6459);
#6461=IFCDIRECTION((0.,0.,-1.));
#6462=IFCEXTRUDEDAREASOLID(#6456,#6460,#6461,0.02500000037252903);
#6463=IFCCARTESIANPOINTLIST2D(((0.,0.),(0.,2.),(0.83607935905456543,2.),(0.83607935905456543,0.),(0.78607935830950737,0.),(0.78607935830950737,1.9499999992549419),(0.05000000074505806,1.9499999992549419),(0.05000000074505806,0.)));
#6464=IFCINDEXEDPOLYCURVE(#6463,(IFCLINEINDEX((1,2,3,4,5,6,7,8,1))),$);
#6465=IFCARBITRARYCLOSEDPROFILEDEF(.AREA.,$,#6464);
#6466=IFCCARTESIANPOINT((0.,0.,0.));
#6467=IFCDIRECTION((0.,-1.,0.));
#6468=IFCDIRECTION((1.,0.,0.));
#6469=IFCAXIS2PLACEMENT3D(#6466,#6467,#6468);
#6470=IFCDIRECTION((0.,0.,-1.));
#6471=IFCEXTRUDEDAREASOLID(#6465,#6469,#6470,0.02500000037252903);
#6472=IFCCARTESIANPOINTLIST2D(((0.,0.),(0.73607935756444931,0.),(0.73607935756444931,0.10000000149011612),(0.,0.10000000149011612)));
#6473=IFCINDEXEDPOLYCURVE(#6472,(IFCLINEINDEX((1,2,3,4,1))),$);
#6474=IFCARBITRARYCLOSEDPROFILEDEF(.AREA.,$,#6473);
#6475=IFCCARTESIANPOINT((0.05000000074505806,0.,0.));
#6476=IFCDIRECTION((0.,0.,1.));
#6477=IFCDIRECTION((1.,0.,0.));
#6478=IFCAXIS2PLACEMENT3D(#6475,#6476,#6477);
#6479=IFCDIRECTION((0.,0.,1.));
#6480=IFCEXTRUDEDAREASOLID(#6474,#6478,#6479,0.02500000037252903);
#6481=IFCCARTESIANPOINTLIST2D(((0.,0.),(0.,2.0250000022351742),(0.88607936352491379,2.0250000022351742),(0.88607936352491379,0.),(0.81107936054468155,0.),(0.81107936054468155,1.9499999992549419),(0.075000002980232239,1.9499999992549419),(0.075000002980232239,0.)));
#6482=IFCINDEXEDPOLYCURVE(#6481,(IFCLINEINDEX((1,2,3,4,5,6,7,8,1))),$);
#6483=IFCARBITRARYCLOSEDPROFILEDEF(.AREA.,$,#6482);
#6484=IFCCARTESIANPOINT((-0.025000002235174179,-0.004999999888241291,0.));
#6485=IFCDIRECTION((0.,-1.,0.));
#6486=IFCDIRECTION((1.,0.,0.));
#6487=IFCAXIS2PLACEMENT3D(#6484,#6485,#6486);
#6488=IFCDIRECTION((0.,0.,-1.));
#6489=IFCEXTRUDEDAREASOLID(#6483,#6487,#6488,0.004999999888241291);
#6490=IFCCARTESIANPOINTLIST2D(((0.,0.),(0.,2.0250000022351742),(0.88607936352491379,2.0250000022351742),(0.88607936352491379,0.),(0.83607936091721058,0.),(0.83607936091721058,1.974999999627471),(0.050000002607703209,1.974999999627471),(0.050000002607703209,0.)));
#6491=IFCINDEXEDPOLYCURVE(#6490,(IFCLINEINDEX((1,2,3,4,5,6,7,8,1))),$);
#6492=IFCARBITRARYCLOSEDPROFILEDEF(.AREA.,$,#6491);
#6493=IFCCARTESIANPOINT((-0.025000002235174179,0.05000000074505806,0.));
#6494=IFCDIRECTION((0.,-1.,0.));
#6495=IFCDIRECTION((1.,0.,0.));
#6496=IFCAXIS2PLACEMENT3D(#6493,#6494,#6495);
#6497=IFCDIRECTION((0.,0.,-1.));
#6498=IFCEXTRUDEDAREASOLID(#6492,#6496,#6497,0.004999999888241291);
#6499=IFCCARTESIANPOINTLIST2D(((0.,0.),(0.78607935830950737,0.),(0.78607935830950737,0.035000000149011612),(0.,0.035000000149011612)));
#6500=IFCINDEXEDPOLYCURVE(#6499,(IFCLINEINDEX((1,2,3,4,1))),$);
#6501=IFCARBITRARYCLOSEDPROFILEDEF(.AREA.,$,#6500);
#6502=IFCCARTESIANPOINT((0.02500000037252903,0.02500000037252903,0.02500000037252903));
#6503=IFCDIRECTION((0.,0.,1.));
#6504=IFCDIRECTION((1.,0.,0.));
#6505=IFCAXIS2PLACEMENT3D(#6502,#6503,#6504);
#6506=IFCDIRECTION((0.,0.,1.));
#6507=IFCEXTRUDEDAREASOLID(#6501,#6505,#6506,1.9499999992549419);
#6508=IFCCARTESIANPOINTLIST2D(((0.,0.),(0.,-0.040000000000000001),(0.12,-0.040000000000000001),(0.12,-0.02),(0.02,-0.02),(0.02,0.)));
#6509=IFCINDEXEDPOLYCURVE(#6508,(IFCLINEINDEX((1,2,3,4,5,6,1))),$);
#6510=IFCARBITRARYCLOSEDPROFILEDEF(.AREA.,$,#6509);
#6511=IFCCARTESIANPOINT((0.075000000372529033,0.02500000037252903,1.015000000372529));
#6512=IFCDIRECTION((0.,0.,1.));
#6513=IFCDIRECTION((1.,0.,0.));
#6514=IFCAXIS2PLACEMENT3D(#6511,#6512,#6513);
#6515=IFCDIRECTION((0.,0.,1.));
#6516=IFCEXTRUDEDAREASOLID(#6510,#6514,#6515,0.02);
#6517=IFCEXTRUDEDAREASOLID(#6518,#6521,#6525,0.02);
#6518=IFCARBITRARYCLOSEDPROFILEDEF(.AREA.,$,#6519);
#6519=IFCINDEXEDPOLYCURVE(#6520,(IFCLINEINDEX((1,2,3,4,5,6,1))),$);
#6520=IFCCARTESIANPOINTLIST2D(((0.,0.),(0.,0.040000000000000008),(0.11999999999999998,0.040000000000000008),(0.11999999999999998,0.020000000000000004),(0.020000000000000004,0.020000000000000004),(0.020000000000000004,0.)));
#6521=IFCAXIS2PLACEMENT3D(#6522,#6523,#6524);
#6522=IFCCARTESIANPOINT((0.075000000372529033,0.060000000521540642,1.015000000372529));
#6523=IFCDIRECTION((0.,0.,1.));
#6524=IFCDIRECTION((1.,0.,0.));
#6525=IFCDIRECTION((0.,0.,1.));
#6527=IFCSHAPEREPRESENTATION(#11,'Body','SweptSolid',(#6599,#6489,#6581,#6480,#6617,#6590,#6471,#6608,#6498,#6462));
#6528=IFCSHAPEASPECT((#6527),'Lining',$,.T.,#6395);
#6529=IFCSHAPEREPRESENTATION(#11,'Body','SweptSolid',(#6517,#6636,#6507,#6626,#6635,#6516));
#6530=IFCSHAPEASPECT((#6529),'Framing',$,.T.,#6395);
#6570=IFCCARTESIANPOINTLIST3D(((0.,0.,0.),(0.83607935905456543,0.,0.),(0.83607935905456543,0.,2.),(0.,0.,2.)));
#6571=IFCINDEXEDPOLYCURVE(#6570,(IFCLINEINDEX((1,2,3,4,1))),$);
#6572=IFCSHAPEREPRESENTATION(#18,'Profile','Curve3D',(#6571));
#6573=IFCCARTESIANPOINTLIST2D(((0.,0.),(0.,2.),(0.83607935905456543,2.),(0.83607935905456543,0.),(0.8110793586820364,0.),(0.8110793586820364,1.974999999627471),(0.02500000037252903,1.974999999627471),(0.02500000037252903,0.)));
#6574=IFCINDEXEDPOLYCURVE(#6573,(IFCLINEINDEX((1,2,3,4,5,6,7,8,1))),$);
#6575=IFCARBITRARYCLOSEDPROFILEDEF(.AREA.,$,#6574);
#6576=IFCCARTESIANPOINT((0.,0.02500000037252903,0.));
#6577=IFCDIRECTION((0.,-1.,0.));
#6578=IFCDIRECTION((1.,0.,0.));
#6579=IFCAXIS2PLACEMENT3D(#6576,#6577,#6578);
#6580=IFCDIRECTION((0.,0.,-1.));
#6581=IFCEXTRUDEDAREASOLID(#6575,#6579,#6580,0.02500000037252903);
#6582=IFCCARTESIANPOINTLIST2D(((0.,0.),(0.,2.),(0.83607935905456543,2.),(0.83607935905456543,0.),(0.78607935830950737,0.),(0.78607935830950737,1.9499999992549419),(0.05000000074505806,1.9499999992549419),(0.05000000074505806,0.)));
#6583=IFCINDEXEDPOLYCURVE(#6582,(IFCLINEINDEX((1,2,3,4,5,6,7,8,1))),$);
#6584=IFCARBITRARYCLOSEDPROFILEDEF(.AREA.,$,#6583);
#6585=IFCCARTESIANPOINT((0.,0.,0.));
#6586=IFCDIRECTION((0.,-1.,0.));
#6587=IFCDIRECTION((1.,0.,0.));
#6588=IFCAXIS2PLACEMENT3D(#6585,#6586,#6587);
#6589=IFCDIRECTION((0.,0.,-1.));
#6590=IFCEXTRUDEDAREASOLID(#6584,#6588,#6589,0.02500000037252903);
#6591=IFCCARTESIANPOINTLIST2D(((0.,0.),(0.73607935756444931,0.),(0.73607935756444931,0.10000000149011612),(0.,0.10000000149011612)));
#6592=IFCINDEXEDPOLYCURVE(#6591,(IFCLINEINDEX((1,2,3,4,1))),$);
#6593=IFCARBITRARYCLOSEDPROFILEDEF(.AREA.,$,#6592);
#6594=IFCCARTESIANPOINT((0.05000000074505806,0.,0.));
#6595=IFCDIRECTION((0.,0.,1.));
#6596=IFCDIRECTION((1.,0.,0.));
#6597=IFCAXIS2PLACEMENT3D(#6594,#6595,#6596);
#6598=IFCDIRECTION((0.,0.,1.));
#6599=IFCEXTRUDEDAREASOLID(#6593,#6597,#6598,0.02500000037252903);
#6600=IFCCARTESIANPOINTLIST2D(((0.,0.),(0.,2.0250000022351742),(0.88607936352491379,2.0250000022351742),(0.88607936352491379,0.),(0.81107936054468155,0.),(0.81107936054468155,1.9499999992549419),(0.075000002980232239,1.9499999992549419),(0.075000002980232239,0.)));
#6601=IFCINDEXEDPOLYCURVE(#6600,(IFCLINEINDEX((1,2,3,4,5,6,7,8,1))),$);
#6602=IFCARBITRARYCLOSEDPROFILEDEF(.AREA.,$,#6601);
#6603=IFCCARTESIANPOINT((-0.025000002235174179,-0.004999999888241291,0.));
#6604=IFCDIRECTION((0.,-1.,0.));
#6605=IFCDIRECTION((1.,0.,0.));
#6606=IFCAXIS2PLACEMENT3D(#6603,#6604,#6605);
#6607=IFCDIRECTION((0.,0.,-1.));
#6608=IFCEXTRUDEDAREASOLID(#6602,#6606,#6607,0.004999999888241291);
#6609=IFCCARTESIANPOINTLIST2D(((0.,0.),(0.,2.0250000022351742),(0.88607936352491379,2.0250000022351742),(0.88607936352491379,0.),(0.83607936091721058,0.),(0.83607936091721058,1.974999999627471),(0.050000002607703209,1.974999999627471),(0.050000002607703209,0.)));
#6610=IFCINDEXEDPOLYCURVE(#6609,(IFCLINEINDEX((1,2,3,4,5,6,7,8,1))),$);
#6611=IFCARBITRARYCLOSEDPROFILEDEF(.AREA.,$,#6610);
#6612=IFCCARTESIANPOINT((-0.025000002235174179,0.05000000074505806,0.));
#6613=IFCDIRECTION((0.,-1.,0.));
#6614=IFCDIRECTION((1.,0.,0.));
#6615=IFCAXIS2PLACEMENT3D(#6612,#6613,#6614);
#6616=IFCDIRECTION((0.,0.,-1.));
#6617=IFCEXTRUDEDAREASOLID(#6611,#6615,#6616,0.004999999888241291);
#6618=IFCCARTESIANPOINTLIST2D(((0.,0.),(0.78607935830950737,0.),(0.78607935830950737,0.035000000149011612),(0.,0.035000000149011612)));
#6619=IFCINDEXEDPOLYCURVE(#6618,(IFCLINEINDEX((1,2,3,4,1))),$);
#6620=IFCARBITRARYCLOSEDPROFILEDEF(.AREA.,$,#6619);
#6621=IFCCARTESIANPOINT((0.02500000037252903,0.02500000037252903,0.02500000037252903));
#6622=IFCDIRECTION((0.,0.,1.));
#6623=IFCDIRECTION((1.,0.,0.));
#6624=IFCAXIS2PLACEMENT3D(#6621,#6622,#6623);
#6625=IFCDIRECTION((0.,0.,1.));
#6626=IFCEXTRUDEDAREASOLID(#6620,#6624,#6625,1.9499999992549419);
#6627=IFCCARTESIANPOINTLIST2D(((0.,0.),(0.,-0.040000000000000001),(-0.11999999999999988,-0.040000000000000001),(-0.11999999999999988,-0.02),(-0.020000000000000018,-0.02),(-0.020000000000000018,0.)));
#6628=IFCINDEXEDPOLYCURVE(#6627,(IFCLINEINDEX((1,2,3,4,5,6,1))),$);
#6629=IFCARBITRARYCLOSEDPROFILEDEF(.AREA.,$,#6628);
#6630=IFCCARTESIANPOINT((0.76107935868203636,0.02500000037252903,1.015000000372529));
#6631=IFCDIRECTION((0.,0.,1.));
#6632=IFCDIRECTION((1.,0.,0.));
#6633=IFCAXIS2PLACEMENT3D(#6630,#6631,#6632);
#6634=IFCDIRECTION((0.,0.,1.));
#6635=IFCEXTRUDEDAREASOLID(#6629,#6633,#6634,0.02);
#6636=IFCEXTRUDEDAREASOLID(#6637,#6640,#6644,0.02);
#6637=IFCARBITRARYCLOSEDPROFILEDEF(.AREA.,$,#6638);
#6638=IFCINDEXEDPOLYCURVE(#6639,(IFCLINEINDEX((1,2,3,4,5,6,1))),$);
#6639=IFCCARTESIANPOINTLIST2D(((0.,0.),(0.,0.040000000000000008),(-0.11999999999999988,0.040000000000000008),(-0.11999999999999988,0.020000000000000004),(-0.020000000000000018,0.020000000000000004),(-0.020000000000000018,0.)));
#6640=IFCAXIS2PLACEMENT3D(#6641,#6642,#6643);
#6641=IFCCARTESIANPOINT((0.76107935868203636,0.060000000521540642,1.015000000372529));
#6642=IFCDIRECTION((0.,0.,1.));
#6643=IFCDIRECTION((1.,0.,0.));
#6644=IFCDIRECTION((0.,0.,1.));
#6645=IFCSHAPEREPRESENTATION(#11,'Body','SweptSolid',(#6581,#6590,#6626,#6635,#6636,#6599,#6608,#6617));
#6646=IFCCARTESIANPOINTLIST2D(((0.,0.),(0.,0.05000000074505806),(0.02500000037252903,0.05000000074505806),(0.02500000037252903,0.02500000037252903),(0.05000000074505806,0.02500000037252903),(0.05000000074505806,0.)));
#6647=IFCINDEXEDPOLYCURVE(#6646,(IFCLINEINDEX((1,2,3,4,5,6,1))),$);
#6648=IFCINDEXEDPOLYCURVE(#6649,(IFCLINEINDEX((1,2,3,4,5,6,1))),$);
#6649=IFCCARTESIANPOINTLIST2D(((0.83607935905456543,0.),(0.83607935905456543,0.05000000074505806),(0.8110793586820364,0.05000000074505806),(0.8110793586820364,0.02500000037252903),(0.78607935830950737,0.02500000037252903),(0.78607935830950737,0.)));
#6650=IFCDIRECTION((1.,0.));
#6651=IFCCARTESIANPOINT((0.060000000521540642,0.05000000074505806));
#6652=IFCAXIS2PLACEMENT2D(#6651,#6650);
#6653=IFCELLIPSE(#6652,0.75107935816049576,0.78607935830950737);
#6654=IFCCARTESIANPOINT((0.8110793586820364,0.05000000074505806));
#6655=IFCCARTESIANPOINT((0.060000000521540642,0.83607935905456543));
#6656=IFCTRIMMEDCURVE(#6653,(#6654),(#6655),.T.,.CARTESIAN.);
#6657=IFCCARTESIANPOINTLIST2D(((0.02500000037252903,0.05000000074505806),(0.060000000521540642,0.05000000074505806),(0.060000000521540642,0.83607935905456543),(0.02500000037252903,0.83607935905456543)));
#6658=IFCINDEXEDPOLYCURVE(#6657,(IFCLINEINDEX((1,2,3,4,1))),$);
#6659=IFCSHAPEREPRESENTATION(#24,'Body','Curve2D',(#6647,#6648,#6656,#6658));
#6660=IFCCARTESIANPOINTLIST2D(((0.,0.),(0.83607935905456543,0.),(0.83607935905456543,2.),(0.,2.)));
#6661=IFCINDEXEDPOLYCURVE(#6660,(IFCLINEINDEX((1,2,3,4,1))),$);
#6662=IFCARBITRARYCLOSEDPROFILEDEF(.AREA.,$,#6661);
#6663=IFCCARTESIANPOINT((0.,-0.60000002384185791,0.));
#6664=IFCDIRECTION((0.,-1.,0.));
#6665=IFCDIRECTION((1.,0.,0.));
#6666=IFCAXIS2PLACEMENT3D(#6663,#6664,#6665);
#6667=IFCDIRECTION((0.,0.,-1.));
#6668=IFCEXTRUDEDAREASOLID(#6662,#6666,#6667,1.2);
#6669=IFCSHAPEREPRESENTATION(#11,'Body','SweptSolid',(#6668));
#6675=IFCCARTESIANPOINT((0.1704753744603657,0.015000149863698464,0.));
#6676=IFCDIRECTION((0.,0.,1.));
#6677=IFCDIRECTION((0.9999999999999849,-1.7484558156859105E-07,0.));
#6678=IFCAXIS2PLACEMENT3D(#6675,#6676,#6677);
#6679=IFCLOCALPLACEMENT(#6255,#6678);
#6680=IFCCARTESIANPOINT((0.,0.,0.));
#6681=IFCDIRECTION((0.,0.,1.));
#6682=IFCDIRECTION((1.0000000000000002,0.,0.));
#6683=IFCAXIS2PLACEMENT3D(#6680,#6681,#6682);
#6684=IFCLOCALPLACEMENT(#6679,#6683);
#6685=IFCWALL('2$ZKjLEXT63gyVgtN02qa8',$,'Wall',$,$,#7326,#6691,$,$);
#6686=IFCMATERIALLAYERSETUSAGE(#82,.AXIS2.,.POSITIVE.,0.,$);
#6687=IFCRELASSOCIATESMATERIAL('375Gr180X7P9OliSwrCLum',$,$,$,(#6685),#6686);
#6691=IFCPRODUCTDEFINITIONSHAPE($,$,(#7321,#7318));
#6707=IFCPROPERTYSET('3q7HxoTDzEOAdvoV3jBu9x',$,'EPset_Parametric',$,(#6709));
#6708=IFCRELDEFINESBYPROPERTIES('1wAmtwlZXA6wCuLx3YDH76',$,$,$,(#6685),#6707);
#6709=IFCPROPERTYSINGLEVALUE('Engine',$,IFCLABEL('Bonsai.DumbLayer2'),$);
#6723=IFCWALL('0htoSIZKH8iQeWe6cIO9YG',$,'Wall',$,$,#6734,#6729,$,$);
#6724=IFCMATERIALLAYERSETUSAGE(#82,.AXIS2.,.POSITIVE.,0.,$);
#6725=IFCRELASSOCIATESMATERIAL('2j4DExcSj3nRY3Wl7$0Qkt',$,$,$,(#6723),#6724);
#6729=IFCPRODUCTDEFINITIONSHAPE($,$,(#7149,#7146));
#6730=IFCCARTESIANPOINT((-3.1733942031860352,2.5340471267700195,0.));
#6731=IFCDIRECTION((0.,0.,1.));
#6732=IFCDIRECTION((1.,0.,0.));
#6733=IFCAXIS2PLACEMENT3D(#6730,#6731,#6732);
#6734=IFCLOCALPLACEMENT(#5477,#6733);
#6745=IFCPROPERTYSET('3i19Am1Yn9WBMwl0fDGb3n',$,'EPset_Parametric',$,(#6747));
#6746=IFCRELDEFINESBYPROPERTIES('2AzgNz7HL6puNoqMPqzi1J',$,$,$,(#6723),#6745);
#6747=IFCPROPERTYSINGLEVALUE('Engine',$,IFCLABEL('Bonsai.DumbLayer2'),$);
#6788=IFCWALL('1VPIQguPDFiQCGmevUga7d',$,'Wall',$,$,#6799,#6794,$,$);
#6789=IFCMATERIALLAYERSETUSAGE(#82,.AXIS2.,.POSITIVE.,0.,$);
#6790=IFCRELASSOCIATESMATERIAL('2Rq46BN5H7uxqsmuL7O00k',$,$,$,(#6788),#6789);
#6794=IFCPRODUCTDEFINITIONSHAPE($,$,(#6839,#6836));
#6795=IFCCARTESIANPOINT((0.35539603233337402,0.3798830509185791,0.));
#6796=IFCDIRECTION((0.,0.,1.));
#6797=IFCDIRECTION((1.,0.,0.));
#6798=IFCAXIS2PLACEMENT3D(#6795,#6796,#6797);
#6799=IFCLOCALPLACEMENT(#5477,#6798);
#6810=IFCPROPERTYSET('2H6L$tco1Anuie$IlIrhRf',$,'EPset_Parametric',$,(#6812));
#6811=IFCRELDEFINESBYPROPERTIES('1J3KhZ8WLCp9VlYTywsz35',$,$,$,(#6788),#6810);
#6812=IFCPROPERTYSINGLEVALUE('Engine',$,IFCLABEL('Bonsai.DumbLayer2'),$);
#6827=IFCCARTESIANPOINTLIST2D(((0.,0.),(0.,0.10000000000000001),(3.7581504152110896,0.10000000000000001),(3.8581835533348836,0.)));
#6828=IFCINDEXEDPOLYCURVE(#6827,(IFCLINEINDEX((1,2,3,4,1))),$);
#6829=IFCARBITRARYCLOSEDPROFILEDEF(.AREA.,$,#6828);
#6830=IFCCARTESIANPOINT((0.,0.,0.));
#6831=IFCDIRECTION((0.,0.,1.));
#6832=IFCDIRECTION((1.,0.,0.));
#6833=IFCAXIS2PLACEMENT3D(#6830,#6831,#6832);
#6834=IFCDIRECTION((0.,0.,1.));
#6835=IFCEXTRUDEDAREASOLID(#6829,#6833,#6834,3.);
#6836=IFCSHAPEREPRESENTATION(#11,'Body','SweptSolid',(#6835));
#6837=IFCCARTESIANPOINTLIST2D(((0.,0.),(3.8581835533348836,0.)));
#6838=IFCINDEXEDPOLYCURVE(#6837,$,$);
#6839=IFCSHAPEREPRESENTATION(#23,'Axis','Curve2D',(#6838));
#6872=IFCCARTESIANPOINT((4.2147369385555571,-3.1132073402404781,0.));
#6873=IFCDIRECTION((0.,0.,1.));
#6874=IFCDIRECTION((-0.00033132633117752681,0.99999994511142964,0.));
#6875=IFCAXIS2PLACEMENT3D(#6872,#6873,#6874);
#6876=IFCLOCALPLACEMENT(#5477,#6875);
#6890=IFCRELCONNECTSPATHELEMENTS('1qwN53fhf1q9gi_xO1cAD6',$,$,$,$,#6014,#5989,(),(),.ATEND.,.ATSTART.);
#6904=IFCCARTESIANPOINTLIST2D(((0.,0.),(0.099999944766510029,0.10000000000000001),(2.2799667177130978,0.10000000000000001),(2.3799998558368918,0.)));
#6905=IFCINDEXEDPOLYCURVE(#6904,(IFCLINEINDEX((1,2,3,4,1))),$);
#6906=IFCARBITRARYCLOSEDPROFILEDEF(.AREA.,$,#6905);
#6907=IFCCARTESIANPOINT((0.,0.,0.));
#6908=IFCDIRECTION((0.,0.,1.));
#6909=IFCDIRECTION((1.,0.,0.));
#6910=IFCAXIS2PLACEMENT3D(#6907,#6908,#6909);
#6911=IFCDIRECTION((0.,0.,1.));
#6912=IFCEXTRUDEDAREASOLID(#6906,#6910,#6911,3.);
#6913=IFCSHAPEREPRESENTATION(#11,'Body','SweptSolid',(#6912));
#6914=IFCCARTESIANPOINTLIST2D(((0.,0.),(2.3799998558368918,0.)));
#6915=IFCINDEXEDPOLYCURVE(#6914,$,$);
#6916=IFCSHAPEREPRESENTATION(#23,'Axis','Curve2D',(#6915));
#7010=IFCCARTESIANPOINT((0.3760840560355353,5.5298942898558945,0.));
#7011=IFCDIRECTION((0.,0.,1.));
#7012=IFCDIRECTION((-0.99999999999992428,3.8941436741876494E-07,0.));
#7013=IFCAXIS2PLACEMENT3D(#7010,#7011,#7012);
#7014=IFCLOCALPLACEMENT(#5477,#7013);
#7110=IFCCARTESIANPOINTLIST2D(((0.,0.),(0.099999968608358317,0.10000000000000001),(3.5494788326189814,0.10000000000000001),(3.6494788791102191,0.)));
#7111=IFCINDEXEDPOLYCURVE(#7110,(IFCLINEINDEX((1,2,3,4,1))),$);
#7112=IFCARBITRARYCLOSEDPROFILEDEF(.AREA.,$,#7111);
#7113=IFCCARTESIANPOINT((0.,0.,0.));
#7114=IFCDIRECTION((0.,0.,1.));
#7115=IFCDIRECTION((1.,0.,0.));
#7116=IFCAXIS2PLACEMENT3D(#7113,#7114,#7115);
#7117=IFCDIRECTION((0.,0.,1.));
#7118=IFCEXTRUDEDAREASOLID(#7112,#7116,#7117,3.);
#7119=IFCSHAPEREPRESENTATION(#11,'Body','SweptSolid',(#7118));
#7120=IFCCARTESIANPOINTLIST2D(((0.,0.),(3.6494788791102191,0.)));
#7121=IFCINDEXEDPOLYCURVE(#7120,$,$);
#7122=IFCSHAPEREPRESENTATION(#23,'Axis','Curve2D',(#7121));
#7136=IFCRELCONNECTSPATHELEMENTS('3dlJqK0cjE2gnihNp7IZCq',$,$,$,$,#6723,#6685,(),(),.ATPATH.,.ATEND.);
#7137=IFCCARTESIANPOINTLIST2D(((0.,0.),(0.,0.10000000000000001),(3.4494780405911869,0.10000000000000001),(3.4494780330413968,0.)));
#7138=IFCINDEXEDPOLYCURVE(#7137,(IFCLINEINDEX((1,2,3,4,1))),$);
#7139=IFCARBITRARYCLOSEDPROFILEDEF(.AREA.,$,#7138);
#7140=IFCCARTESIANPOINT((0.,0.,0.));
#7141=IFCDIRECTION((0.,0.,1.));
#7142=IFCDIRECTION((1.,0.,0.));
#7143=IFCAXIS2PLACEMENT3D(#7140,#7141,#7142);
#7144=IFCDIRECTION((0.,0.,1.));
#7145=IFCEXTRUDEDAREASOLID(#7139,#7143,#7144,3.);
#7146=IFCSHAPEREPRESENTATION(#11,'Body','SweptSolid',(#7145));
#7147=IFCCARTESIANPOINTLIST2D(((0.,0.),(3.5494780330413973,0.)));
#7148=IFCINDEXEDPOLYCURVE(#7147,$,$);
#7149=IFCSHAPEREPRESENTATION(#23,'Axis','Curve2D',(#7148));
#7190=IFCRELCONNECTSPATHELEMENTS('0ZvQbjexX00QVMNYjuZERb',$,$,$,$,#6685,#5533,(),(),.ATEND.,.ATEND.);
#7204=IFCCARTESIANPOINTLIST2D(((0.,0.),(0.099966864114539297,0.10000000000000001),(3.835464420179588,0.10000000000000001),(3.9354644213720755,0.)));
#7205=IFCINDEXEDPOLYCURVE(#7204,(IFCLINEINDEX((1,2,3,4,1))),$);
#7206=IFCARBITRARYCLOSEDPROFILEDEF(.AREA.,$,#7205);
#7207=IFCCARTESIANPOINT((0.,0.,0.));
#7208=IFCDIRECTION((0.,0.,1.));
#7209=IFCDIRECTION((1.,0.,0.));
#7210=IFCAXIS2PLACEMENT3D(#7207,#7208,#7209);
#7211=IFCDIRECTION((0.,0.,1.));
#7212=IFCEXTRUDEDAREASOLID(#7206,#7210,#7211,3.);
#7213=IFCSHAPEREPRESENTATION(#11,'Body','SweptSolid',(#7212));
#7214=IFCCARTESIANPOINTLIST2D(((0.,0.),(3.8354644213720754,0.)));
#7215=IFCINDEXEDPOLYCURVE(#7214,$,$);
#7216=IFCSHAPEREPRESENTATION(#23,'Axis','Curve2D',(#7215));
#7309=IFCCARTESIANPOINTLIST2D(((0.,0.),(0.099999992450210157,0.10000000000000001),(8.1299994985823751,0.10000000000000001),(8.0299994973898876,0.)));
#7310=IFCINDEXEDPOLYCURVE(#7309,(IFCLINEINDEX((1,2,3,4,1))),$);
#7311=IFCARBITRARYCLOSEDPROFILEDEF(.AREA.,$,#7310);
#7312=IFCCARTESIANPOINT((0.,0.,0.));
#7313=IFCDIRECTION((0.,0.,1.));
#7314=IFCDIRECTION((1.,0.,0.));
#7315=IFCAXIS2PLACEMENT3D(#7312,#7313,#7314);
#7316=IFCDIRECTION((0.,0.,1.));
#7317=IFCEXTRUDEDAREASOLID(#7311,#7315,#7316,3.);
#7318=IFCSHAPEREPRESENTATION(#11,'Body','SweptSolid',(#7317));
#7319=IFCCARTESIANPOINTLIST2D(((0.,0.),(8.1299994973898873,0.)));
#7320=IFCINDEXEDPOLYCURVE(#7319,$,$);
#7321=IFCSHAPEREPRESENTATION(#23,'Axis','Curve2D',(#7320));
#7322=IFCCARTESIANPOINT((0.3760835162256107,-1.6201047897338867,0.));
#7323=IFCDIRECTION((0.,0.,1.));
#7324=IFCDIRECTION((7.5497901264043123E-08,0.99999999999999722,0.));
#7325=IFCAXIS2PLACEMENT3D(#7322,#7323,#7324);
#7326=IFCLOCALPLACEMENT(#5477,#7325);
#7327=IFCRELCONNECTSPATHELEMENTS('0Eyqu2ZpHCx9GSFKcw_LjH',$,$,$,$,#5847,#5634,(),(),.ATEND.,.ATEND.);
#7328=IFCCARTESIANPOINTLIST2D(((0.10000000000003127,0.),(-7.9075363856877368E-08,0.10000000000000001),(0.59310332973811863,0.10000000000000001),(0.69310333728790896,0.)));
#7329=IFCINDEXEDPOLYCURVE(#7328,(IFCLINEINDEX((1,2,3,4,1))),$);
#7330=IFCARBITRARYCLOSEDPROFILEDEF(.AREA.,$,#7329);
#7331=IFCCARTESIANPOINT((0.,0.,0.));
#7332=IFCDIRECTION((0.,0.,1.));
#7333=IFCDIRECTION((1.,0.,0.));
#7334=IFCAXIS2PLACEMENT3D(#7331,#7332,#7333);
#7335=IFCDIRECTION((0.,0.,1.));
#7336=IFCEXTRUDEDAREASOLID(#7330,#7334,#7335,3.);
#7337=IFCSHAPEREPRESENTATION(#11,'Body','SweptSolid',(#7336));
#7338=IFCCARTESIANPOINTLIST2D(((0.,0.),(0.59310333728790876,0.)));
#7339=IFCINDEXEDPOLYCURVE(#7338,$,$);
#7340=IFCSHAPEREPRESENTATION(#23,'Axis','Curve2D',(#7339));
#7341=IFCCARTESIANPOINTLIST2D(((0.,0.),(0.099999992450210171,0.10000000000000001),(3.6592841041926922,0.10000000000000001),(3.559284096642902,0.)));
#7342=IFCINDEXEDPOLYCURVE(#7341,(IFCLINEINDEX((1,2,3,4,1))),$);
#7343=IFCARBITRARYCLOSEDPROFILEDEF(.AREA.,$,#7342);
#7344=IFCCARTESIANPOINT((0.,0.,0.));
#7345=IFCDIRECTION((0.,0.,1.));
#7346=IFCDIRECTION((1.,0.,0.));
#7347=IFCAXIS2PLACEMENT3D(#7344,#7345,#7346);
#7348=IFCDIRECTION((0.,0.,1.));
#7349=IFCEXTRUDEDAREASOLID(#7343,#7347,#7348,3.);
#7350=IFCSHAPEREPRESENTATION(#11,'Body','SweptSolid',(#7349));
#7351=IFCCARTESIANPOINTLIST2D(((0.,0.),(3.6592840966429021,0.)));
#7352=IFCINDEXEDPOLYCURVE(#7351,$,$);
#7353=IFCSHAPEREPRESENTATION(#23,'Axis','Curve2D',(#7352));
#7354=IFCWALL('1xwATsHMLBcghgEvdYSBVn',$,'Wall',$,$,#7365,#7360,$,$);
#7355=IFCMATERIALLAYERSETUSAGE(#82,.AXIS2.,.POSITIVE.,0.,$);
#7356=IFCRELASSOCIATESMATERIAL('2L_V8CkrX9x9MOhJ3lMFCG',$,$,$,(#7354),#7355);
#7360=IFCPRODUCTDEFINITIONSHAPE($,$,(#7405,#7402));
#7361=IFCCARTESIANPOINT((0.36939001083374023,4.8961963653564453,0.));
#7362=IFCDIRECTION((0.,0.,1.));
#7363=IFCDIRECTION((1.,0.,0.));
#7364=IFCAXIS2PLACEMENT3D(#7361,#7362,#7363);
#7365=IFCLOCALPLACEMENT(#5477,#7364);
#7376=IFCPROPERTYSET('3OY2FYberC5xNrGgs9w5gW',$,'EPset_Parametric',$,(#7378));
#7377=IFCRELDEFINESBYPROPERTIES('279cELgFn21ewkfvUQoZb3',$,$,$,(#7354),#7376);
#7378=IFCPROPERTYSINGLEVALUE('Engine',$,IFCLABEL('Bonsai.DumbLayer2'),$);
#7392=IFCRELCONNECTSPATHELEMENTS('2vMv2t3PX4uAjSRLqoCtmj',$,$,$,$,#7354,#6014,(),(),.ATPATH.,.ATEND.);
#7393=IFCCARTESIANPOINTLIST2D(((0.,0.),(0.,0.10000000000000001),(3.7426600631076687,0.10000000000000001),(3.7426931957426048,0.)));
#7394=IFCINDEXEDPOLYCURVE(#7393,(IFCLINEINDEX((1,2,3,4,1))),$);
#7395=IFCARBITRARYCLOSEDPROFILEDEF(.AREA.,$,#7394);
#7396=IFCCARTESIANPOINT((0.,0.,0.));
#7397=IFCDIRECTION((0.,0.,1.));
#7398=IFCDIRECTION((1.,0.,0.));
#7399=IFCAXIS2PLACEMENT3D(#7396,#7397,#7398);
#7400=IFCDIRECTION((0.,0.,1.));
#7401=IFCEXTRUDEDAREASOLID(#7395,#7399,#7400,3.);
#7402=IFCSHAPEREPRESENTATION(#11,'Body','SweptSolid',(#7401));
#7403=IFCCARTESIANPOINTLIST2D(((0.,0.),(3.8426932012314623,0.)));
#7404=IFCINDEXEDPOLYCURVE(#7403,$,$);
#7405=IFCSHAPEREPRESENTATION(#23,'Axis','Curve2D',(#7404));
#7406=IFCCARTESIANPOINTLIST2D(((0.,0.),(0.10003313812379371,0.10000000000000001),(9.5231353766732916,0.10000000000000001),(9.6231022407878317,0.)));
#7407=IFCINDEXEDPOLYCURVE(#7406,(IFCLINEINDEX((1,2,3,4,1))),$);
#7408=IFCARBITRARYCLOSEDPROFILEDEF(.AREA.,$,#7407);
#7409=IFCCARTESIANPOINT((0.,0.,0.));
#7410=IFCDIRECTION((0.,0.,1.));
#7411=IFCDIRECTION((1.,0.,0.));
#7412=IFCAXIS2PLACEMENT3D(#7409,#7410,#7411);
#7413=IFCDIRECTION((0.,0.,1.));
#7414=IFCEXTRUDEDAREASOLID(#7408,#7412,#7413,3.);
#7415=IFCSHAPEREPRESENTATION(#11,'Body','SweptSolid',(#7414));
#7416=IFCCARTESIANPOINTLIST2D(((0.,0.),(9.6231022407878317,0.)));
#7417=IFCINDEXEDPOLYCURVE(#7416,$,$);
#7418=IFCSHAPEREPRESENTATION(#23,'Axis','Curve2D',(#7417));
#7446=IFCDOORTYPE('124eme5jbCxww$$noiTW9v',$,'bedroom2-2-2f',$,$,(#7447),(#7449,#7457,#7535),$,$,.DOOR.,.SINGLE_SWING_LEFT.,$,$);
#7447=IFCPROPERTYSET('3oWFNc8sjBbwfI1DpUAtKK',$,'BBIM_Door',$,(#7448));
#7448=IFCPROPERTYSINGLEVALUE('Data',$,IFCTEXT('{"door_type": "DOUBLE_SWING_RIGHT", "overall_height": 2.0, "overall_width": 0.8689777851104736, "lining_properties": {"lining_depth": 0.05000000074505806, "lining_thickness": 0.05000000074505806, "lining_offset": 0.0, "lining_to_panel_offset_x": 0.02500000037252903, "lining_to_panel_offset_y": 0.02500000037252903, "transom_thickness": 0.0, "casing_thickness": 0.07500000298023224, "casing_depth": 0.004999999888241291, "threshold_thickness": 0.02500000037252903, "threshold_depth": 0.10000000149011612, "threshold_offset": 0.0}, "panel_properties": {"panel_depth": 0.03500000014901161, "panel_width_ratio": 1.0}}'),$);
#7449=IFCREPRESENTATIONMAP(#7450,#7841);
#7450=IFCAXIS2PLACEMENT3D(#7451,#7452,#7453);
#7451=IFCCARTESIANPOINT((0.,0.,0.));
#7452=IFCDIRECTION((0.,0.,1.));
#7453=IFCDIRECTION((1.,0.,0.));
#7457=IFCREPRESENTATIONMAP(#7458,#7905);
#7458=IFCAXIS2PLACEMENT3D(#7459,#7460,#7461);
#7459=IFCCARTESIANPOINT((0.,0.,0.));
#7460=IFCDIRECTION((0.,0.,1.));
#7461=IFCDIRECTION((1.,0.,0.));
#7535=IFCREPRESENTATIONMAP(#7536,#7921);
#7536=IFCAXIS2PLACEMENT3D(#7537,#7538,#7539);
#7537=IFCCARTESIANPOINT((0.,0.,0.));
#7538=IFCDIRECTION((0.,0.,1.));
#7539=IFCDIRECTION((1.,0.,0.));
#7554=IFCDOOR('1oCBErSKf9kx5kbS_CukAI',$,'Door',$,$,#7946,#7563,$,2.,0.86897778511047363,$,.DOUBLE_SWING_RIGHT.,$);
#7555=IFCRELDEFINESBYTYPE('0uLI2pa913zBCiG2krN9V4',$,$,$,(#7554),#7446);
#7556=IFCCARTESIANPOINT((0.,0.,0.));
#7557=IFCDIRECTION((1.,0.,0.));
#7558=IFCDIRECTION((0.,1.,0.));
#7559=IFCDIRECTION((0.,0.,1.));
#7560=IFCCARTESIANTRANSFORMATIONOPERATOR3D(#7557,#7558,#7556,1.,#7559);
#7561=IFCMAPPEDITEM(#7449,#7560);
#7562=IFCSHAPEREPRESENTATION(#18,'Profile','MappedRepresentation',(#7561));
#7563=IFCPRODUCTDEFINITIONSHAPE($,$,(#7562,#7570,#7577));
#7564=IFCCARTESIANPOINT((0.,0.,0.));
#7565=IFCDIRECTION((1.,0.,0.));
#7566=IFCDIRECTION((0.,1.,0.));
#7567=IFCDIRECTION((0.,0.,1.));
#7568=IFCCARTESIANTRANSFORMATIONOPERATOR3D(#7565,#7566,#7564,1.,#7567);
#7569=IFCMAPPEDITEM(#7457,#7568);
#7570=IFCSHAPEREPRESENTATION(#11,'Body','MappedRepresentation',(#7569));
#7571=IFCCARTESIANPOINT((0.,0.,0.));
#7572=IFCDIRECTION((1.,0.,0.));
#7573=IFCDIRECTION((0.,1.,0.));
#7574=IFCDIRECTION((0.,0.,1.));
#7575=IFCCARTESIANTRANSFORMATIONOPERATOR3D(#7572,#7573,#7571,1.,#7574);
#7576=IFCMAPPEDITEM(#7535,#7575);
#7577=IFCSHAPEREPRESENTATION(#24,'Body','MappedRepresentation',(#7576));
#7578=IFCOPENINGELEMENT('1rkK2SSOvBwf5Rzv_BH7F0',$,'Opening',$,$,#7941,#7606,$,.OPENING.);
#7594=IFCCARTESIANPOINT((0.,0.,0.));
#7595=IFCDIRECTION((1.,0.,0.));
#7596=IFCDIRECTION((0.,0.,1.));
#7597=IFCAXIS2PLACEMENT3D(#7594,#7596,#7595);
#7598=IFCREPRESENTATIONMAP(#7597,#7931);
#7599=IFCCARTESIANPOINT((0.,0.,0.));
#7600=IFCDIRECTION((1.,0.,0.));
#7601=IFCDIRECTION((0.,1.,0.));
#7602=IFCDIRECTION((0.,0.,1.));
#7603=IFCCARTESIANTRANSFORMATIONOPERATOR3D(#7600,#7601,#7599,1.,#7602);
#7604=IFCMAPPEDITEM(#7598,#7603);
#7605=IFCSHAPEREPRESENTATION(#11,'Body','MappedRepresentation',(#7604));
#7606=IFCPRODUCTDEFINITIONSHAPE($,$,(#7605));
#7607=IFCRELVOIDSELEMENT('2wurOpD3z63xmqYRIMKP2q',$,$,$,#6788,#7578);
#7613=IFCRELFILLSELEMENT('0C37BnmIn5WgDW5$pkP1Dd',$,$,$,#7578,#7554);
#7622=IFCCARTESIANPOINTLIST2D(((0.,0.),(0.,2.),(0.86897778511047363,2.),(0.86897778511047363,0.),(0.8439777847379446,0.),(0.8439777847379446,1.974999999627471),(0.02500000037252903,1.974999999627471),(0.02500000037252903,0.)));
#7623=IFCINDEXEDPOLYCURVE(#7622,(IFCLINEINDEX((1,2,3,4,5,6,7,8,1))),$);
#7624=IFCARBITRARYCLOSEDPROFILEDEF(.AREA.,$,#7623);
#7625=IFCCARTESIANPOINT((0.,0.,0.));
#7626=IFCDIRECTION((0.,-1.,0.));
#7627=IFCDIRECTION((1.,0.,0.));
#7628=IFCAXIS2PLACEMENT3D(#7625,#7626,#7627);
#7629=IFCDIRECTION((0.,0.,-1.));
#7630=IFCEXTRUDEDAREASOLID(#7624,#7628,#7629,0.05000000074505806);
#7631=IFCCARTESIANPOINTLIST2D(((0.,0.),(0.81897778436541557,0.),(0.81897778436541557,0.10000000149011612),(0.,0.10000000149011612)));
#7632=IFCINDEXEDPOLYCURVE(#7631,(IFCLINEINDEX((1,2,3,4,1))),$);
#7633=IFCARBITRARYCLOSEDPROFILEDEF(.AREA.,$,#7632);
#7634=IFCCARTESIANPOINT((0.02500000037252903,0.,0.));
#7635=IFCDIRECTION((0.,0.,1.));
#7636=IFCDIRECTION((1.,0.,0.));
#7637=IFCAXIS2PLACEMENT3D(#7634,#7635,#7636);
#7638=IFCDIRECTION((0.,0.,1.));
#7639=IFCEXTRUDEDAREASOLID(#7633,#7637,#7638,0.02500000037252903);
#7640=IFCCARTESIANPOINTLIST2D(((0.,0.),(0.,2.0250000022351742),(0.91897778958082199,2.0250000022351742),(0.91897778958082199,0.),(0.86897778697311878,0.),(0.86897778697311878,1.974999999627471),(0.050000002607703209,1.974999999627471),(0.050000002607703209,0.)));
#7641=IFCINDEXEDPOLYCURVE(#7640,(IFCLINEINDEX((1,2,3,4,5,6,7,8,1))),$);
#7642=IFCARBITRARYCLOSEDPROFILEDEF(.AREA.,$,#7641);
#7643=IFCCARTESIANPOINT((-0.025000002235174179,-0.004999999888241291,0.));
#7644=IFCDIRECTION((0.,-1.,0.));
#7645=IFCDIRECTION((1.,0.,0.));
#7646=IFCAXIS2PLACEMENT3D(#7643,#7644,#7645);
#7647=IFCDIRECTION((0.,0.,-1.));
#7648=IFCEXTRUDEDAREASOLID(#7642,#7646,#7647,0.004999999888241291);
#7649=IFCCARTESIANPOINTLIST2D(((0.,0.),(0.,2.0250000022351742),(0.91897778958082199,2.0250000022351742),(0.91897778958082199,0.),(0.86897778697311878,0.),(0.86897778697311878,1.974999999627471),(0.050000002607703209,1.974999999627471),(0.050000002607703209,0.)));
#7650=IFCINDEXEDPOLYCURVE(#7649,(IFCLINEINDEX((1,2,3,4,5,6,7,8,1))),$);
#7651=IFCARBITRARYCLOSEDPROFILEDEF(.AREA.,$,#7650);
#7652=IFCCARTESIANPOINT((-0.025000002235174179,0.05000000074505806,0.));
#7653=IFCDIRECTION((0.,-1.,0.));
#7654=IFCDIRECTION((1.,0.,0.));
#7655=IFCAXIS2PLACEMENT3D(#7652,#7653,#7654);
#7656=IFCDIRECTION((0.,0.,-1.));
#7657=IFCEXTRUDEDAREASOLID(#7651,#7655,#7656,0.004999999888241291);
#7658=IFCCARTESIANPOINTLIST2D(((0.,0.),(0.81897778436541557,0.),(0.81897778436541557,0.035000000149011612),(0.,0.035000000149011612)));
#7659=IFCINDEXEDPOLYCURVE(#7658,(IFCLINEINDEX((1,2,3,4,1))),$);
#7660=IFCARBITRARYCLOSEDPROFILEDEF(.AREA.,$,#7659);
#7661=IFCCARTESIANPOINT((0.02500000037252903,0.02500000037252903,0.02500000037252903));
#7662=IFCDIRECTION((0.,0.,1.));
#7663=IFCDIRECTION((1.,0.,0.));
#7664=IFCAXIS2PLACEMENT3D(#7661,#7662,#7663);
#7665=IFCDIRECTION((0.,0.,1.));
#7666=IFCEXTRUDEDAREASOLID(#7660,#7664,#7665,1.9499999992549419);
#7667=IFCCARTESIANPOINTLIST2D(((0.,0.),(0.,-0.040000000000000001),(-0.11999999999999988,-0.040000000000000001),(-0.11999999999999988,-0.02),(-0.020000000000000018,-0.02),(-0.020000000000000018,0.)));
#7668=IFCINDEXEDPOLYCURVE(#7667,(IFCLINEINDEX((1,2,3,4,5,6,1))),$);
#7669=IFCARBITRARYCLOSEDPROFILEDEF(.AREA.,$,#7668);
#7670=IFCCARTESIANPOINT((0.79397778473794456,0.02500000037252903,1.015000000372529));
#7671=IFCDIRECTION((0.,0.,1.));
#7672=IFCDIRECTION((1.,0.,0.));
#7673=IFCAXIS2PLACEMENT3D(#7670,#7671,#7672);
#7674=IFCDIRECTION((0.,0.,1.));
#7675=IFCEXTRUDEDAREASOLID(#7669,#7673,#7674,0.02);
#7676=IFCEXTRUDEDAREASOLID(#7677,#7680,#7684,0.02);
#7677=IFCARBITRARYCLOSEDPROFILEDEF(.AREA.,$,#7678);
#7678=IFCINDEXEDPOLYCURVE(#7679,(IFCLINEINDEX((1,2,3,4,5,6,1))),$);
#7679=IFCCARTESIANPOINTLIST2D(((0.,0.),(0.,0.040000000000000008),(-0.11999999999999988,0.040000000000000008),(-0.11999999999999988,0.020000000000000004),(-0.020000000000000018,0.020000000000000004),(-0.020000000000000018,0.)));
#7680=IFCAXIS2PLACEMENT3D(#7681,#7682,#7683);
#7681=IFCCARTESIANPOINT((0.79397778473794456,0.060000000521540642,1.015000000372529));
#7682=IFCDIRECTION((0.,0.,1.));
#7683=IFCDIRECTION((1.,0.,0.));
#7684=IFCDIRECTION((0.,0.,1.));
#7686=IFCSHAPEREPRESENTATION(#11,'Body','SweptSolid',(#7868,#7742,#7859,#7657,#7630,#7877,#7850,#7751,#7648,#7760,#7769,#7639));
#7687=IFCSHAPEASPECT((#7686),'Lining',$,.T.,#7563);
#7688=IFCSHAPEREPRESENTATION(#11,'Body','SweptSolid',(#7676,#7896,#7666,#7787,#7788,#7778,#7675,#7895,#7886));
#7689=IFCSHAPEASPECT((#7688),'Framing',$,.T.,#7563);
#7734=IFCCARTESIANPOINTLIST2D(((0.,0.),(0.,2.),(0.86897778511047363,2.),(0.86897778511047363,0.),(0.8439777847379446,0.),(0.8439777847379446,1.974999999627471),(0.02500000037252903,1.974999999627471),(0.02500000037252903,0.)));
#7735=IFCINDEXEDPOLYCURVE(#7734,(IFCLINEINDEX((1,2,3,4,5,6,7,8,1))),$);
#7736=IFCARBITRARYCLOSEDPROFILEDEF(.AREA.,$,#7735);
#7737=IFCCARTESIANPOINT((0.,0.,0.));
#7738=IFCDIRECTION((0.,-1.,0.));
#7739=IFCDIRECTION((1.,0.,0.));
#7740=IFCAXIS2PLACEMENT3D(#7737,#7738,#7739);
#7741=IFCDIRECTION((0.,0.,-1.));
#7742=IFCEXTRUDEDAREASOLID(#7736,#7740,#7741,0.05000000074505806);
#7743=IFCCARTESIANPOINTLIST2D(((0.,0.),(0.81897778436541557,0.),(0.81897778436541557,0.10000000149011612),(0.,0.10000000149011612)));
#7744=IFCINDEXEDPOLYCURVE(#7743,(IFCLINEINDEX((1,2,3,4,1))),$);
#7745=IFCARBITRARYCLOSEDPROFILEDEF(.AREA.,$,#7744);
#7746=IFCCARTESIANPOINT((0.02500000037252903,0.,0.));
#7747=IFCDIRECTION((0.,0.,1.));
#7748=IFCDIRECTION((1.,0.,0.));
#7749=IFCAXIS2PLACEMENT3D(#7746,#7747,#7748);
#7750=IFCDIRECTION((0.,0.,1.));
#7751=IFCEXTRUDEDAREASOLID(#7745,#7749,#7750,0.02500000037252903);
#7752=IFCCARTESIANPOINTLIST2D(((0.,0.),(0.,2.0250000022351742),(0.91897778958082199,2.0250000022351742),(0.91897778958082199,0.),(0.86897778697311878,0.),(0.86897778697311878,1.974999999627471),(0.050000002607703209,1.974999999627471),(0.050000002607703209,0.)));
#7753=IFCINDEXEDPOLYCURVE(#7752,(IFCLINEINDEX((1,2,3,4,5,6,7,8,1))),$);
#7754=IFCARBITRARYCLOSEDPROFILEDEF(.AREA.,$,#7753);
#7755=IFCCARTESIANPOINT((-0.025000002235174179,-0.004999999888241291,0.));
#7756=IFCDIRECTION((0.,-1.,0.));
#7757=IFCDIRECTION((1.,0.,0.));
#7758=IFCAXIS2PLACEMENT3D(#7755,#7756,#7757);
#7759=IFCDIRECTION((0.,0.,-1.));
#7760=IFCEXTRUDEDAREASOLID(#7754,#7758,#7759,0.004999999888241291);
#7761=IFCCARTESIANPOINTLIST2D(((0.,0.),(0.,2.0250000022351742),(0.91897778958082199,2.0250000022351742),(0.91897778958082199,0.),(0.86897778697311878,0.),(0.86897778697311878,1.974999999627471),(0.050000002607703209,1.974999999627471),(0.050000002607703209,0.)));
#7762=IFCINDEXEDPOLYCURVE(#7761,(IFCLINEINDEX((1,2,3,4,5,6,7,8,1))),$);
#7763=IFCARBITRARYCLOSEDPROFILEDEF(.AREA.,$,#7762);
#7764=IFCCARTESIANPOINT((-0.025000002235174179,0.05000000074505806,0.));
#7765=IFCDIRECTION((0.,-1.,0.));
#7766=IFCDIRECTION((1.,0.,0.));
#7767=IFCAXIS2PLACEMENT3D(#7764,#7765,#7766);
#7768=IFCDIRECTION((0.,0.,-1.));
#7769=IFCEXTRUDEDAREASOLID(#7763,#7767,#7768,0.004999999888241291);
#7770=IFCCARTESIANPOINTLIST2D(((0.,0.),(0.81897778436541557,0.),(0.81897778436541557,0.035000000149011612),(0.,0.035000000149011612)));
#7771=IFCINDEXEDPOLYCURVE(#7770,(IFCLINEINDEX((1,2,3,4,1))),$);
#7772=IFCARBITRARYCLOSEDPROFILEDEF(.AREA.,$,#7771);
#7773=IFCCARTESIANPOINT((0.02500000037252903,0.02500000037252903,0.02500000037252903));
#7774=IFCDIRECTION((0.,0.,1.));
#7775=IFCDIRECTION((1.,0.,0.));
#7776=IFCAXIS2PLACEMENT3D(#7773,#7774,#7775);
#7777=IFCDIRECTION((0.,0.,1.));
#7778=IFCEXTRUDEDAREASOLID(#7772,#7776,#7777,1.9499999992549419);
#7779=IFCCARTESIANPOINTLIST2D(((0.,0.),(0.,-0.040000000000000001),(-0.11999999999999988,-0.040000000000000001),(-0.11999999999999988,-0.02),(-0.020000000000000018,-0.02),(-0.020000000000000018,0.)));
#7780=IFCINDEXEDPOLYCURVE(#7779,(IFCLINEINDEX((1,2,3,4,5,6,1))),$);
#7781=IFCARBITRARYCLOSEDPROFILEDEF(.AREA.,$,#7780);
#7782=IFCCARTESIANPOINT((0.79397778473794456,0.02500000037252903,1.015000000372529));
#7783=IFCDIRECTION((0.,0.,1.));
#7784=IFCDIRECTION((1.,0.,0.));
#7785=IFCAXIS2PLACEMENT3D(#7782,#7783,#7784);
#7786=IFCDIRECTION((0.,0.,1.));
#7787=IFCEXTRUDEDAREASOLID(#7781,#7785,#7786,0.02);
#7788=IFCEXTRUDEDAREASOLID(#7789,#7792,#7796,0.02);
#7789=IFCARBITRARYCLOSEDPROFILEDEF(.AREA.,$,#7790);
#7790=IFCINDEXEDPOLYCURVE(#7791,(IFCLINEINDEX((1,2,3,4,5,6,1))),$);
#7791=IFCCARTESIANPOINTLIST2D(((0.,0.),(0.,0.040000000000000008),(-0.11999999999999988,0.040000000000000008),(-0.11999999999999988,0.020000000000000004),(-0.020000000000000018,0.020000000000000004),(-0.020000000000000018,0.)));
#7792=IFCAXIS2PLACEMENT3D(#7793,#7794,#7795);
#7793=IFCCARTESIANPOINT((0.79397778473794456,0.060000000521540642,1.015000000372529));
#7794=IFCDIRECTION((0.,0.,1.));
#7795=IFCDIRECTION((1.,0.,0.));
#7796=IFCDIRECTION((0.,0.,1.));
#7839=IFCCARTESIANPOINTLIST3D(((0.,0.,0.),(0.86897778511047363,0.,0.),(0.86897778511047363,0.,2.),(0.,0.,2.)));
#7840=IFCINDEXEDPOLYCURVE(#7839,(IFCLINEINDEX((1,2,3,4,1))),$);
#7841=IFCSHAPEREPRESENTATION(#18,'Profile','Curve3D',(#7840));
#7842=IFCCARTESIANPOINTLIST2D(((0.,0.),(0.,2.),(0.86897778511047363,2.),(0.86897778511047363,0.),(0.8439777847379446,0.),(0.8439777847379446,1.974999999627471),(0.02500000037252903,1.974999999627471),(0.02500000037252903,0.)));
#7843=IFCINDEXEDPOLYCURVE(#7842,(IFCLINEINDEX((1,2,3,4,5,6,7,8,1))),$);
#7844=IFCARBITRARYCLOSEDPROFILEDEF(.AREA.,$,#7843);
#7845=IFCCARTESIANPOINT((0.,0.,0.));
#7846=IFCDIRECTION((0.,-1.,0.));
#7847=IFCDIRECTION((1.,0.,0.));
#7848=IFCAXIS2PLACEMENT3D(#7845,#7846,#7847);
#7849=IFCDIRECTION((0.,0.,-1.));
#7850=IFCEXTRUDEDAREASOLID(#7844,#7848,#7849,0.05000000074505806);
#7851=IFCCARTESIANPOINTLIST2D(((0.,0.),(0.81897778436541557,0.),(0.81897778436541557,0.10000000149011612),(0.,0.10000000149011612)));
#7852=IFCINDEXEDPOLYCURVE(#7851,(IFCLINEINDEX((1,2,3,4,1))),$);
#7853=IFCARBITRARYCLOSEDPROFILEDEF(.AREA.,$,#7852);
#7854=IFCCARTESIANPOINT((0.02500000037252903,0.,0.));
#7855=IFCDIRECTION((0.,0.,1.));
#7856=IFCDIRECTION((1.,0.,0.));
#7857=IFCAXIS2PLACEMENT3D(#7854,#7855,#7856);
#7858=IFCDIRECTION((0.,0.,1.));
#7859=IFCEXTRUDEDAREASOLID(#7853,#7857,#7858,0.02500000037252903);
#7860=IFCCARTESIANPOINTLIST2D(((0.,0.),(0.,2.0250000022351742),(0.91897778958082199,2.0250000022351742),(0.91897778958082199,0.),(0.86897778697311878,0.),(0.86897778697311878,1.974999999627471),(0.050000002607703209,1.974999999627471),(0.050000002607703209,0.)));
#7861=IFCINDEXEDPOLYCURVE(#7860,(IFCLINEINDEX((1,2,3,4,5,6,7,8,1))),$);
#7862=IFCARBITRARYCLOSEDPROFILEDEF(.AREA.,$,#7861);
#7863=IFCCARTESIANPOINT((-0.025000002235174179,-0.004999999888241291,0.));
#7864=IFCDIRECTION((0.,-1.,0.));
#7865=IFCDIRECTION((1.,0.,0.));
#7866=IFCAXIS2PLACEMENT3D(#7863,#7864,#7865);
#7867=IFCDIRECTION((0.,0.,-1.));
#7868=IFCEXTRUDEDAREASOLID(#7862,#7866,#7867,0.004999999888241291);
#7869=IFCCARTESIANPOINTLIST2D(((0.,0.),(0.,2.0250000022351742),(0.91897778958082199,2.0250000022351742),(0.91897778958082199,0.),(0.86897778697311878,0.),(0.86897778697311878,1.974999999627471),(0.050000002607703209,1.974999999627471),(0.050000002607703209,0.)));
#7870=IFCINDEXEDPOLYCURVE(#7869,(IFCLINEINDEX((1,2,3,4,5,6,7,8,1))),$);
#7871=IFCARBITRARYCLOSEDPROFILEDEF(.AREA.,$,#7870);
#7872=IFCCARTESIANPOINT((-0.025000002235174179,0.05000000074505806,0.));
#7873=IFCDIRECTION((0.,-1.,0.));
#7874=IFCDIRECTION((1.,0.,0.));
#7875=IFCAXIS2PLACEMENT3D(#7872,#7873,#7874);
#7876=IFCDIRECTION((0.,0.,-1.));
#7877=IFCEXTRUDEDAREASOLID(#7871,#7875,#7876,0.004999999888241291);
#7878=IFCCARTESIANPOINTLIST2D(((0.,0.),(0.81897778436541557,0.),(0.81897778436541557,0.035000000149011612),(0.,0.035000000149011612)));
#7879=IFCINDEXEDPOLYCURVE(#7878,(IFCLINEINDEX((1,2,3,4,1))),$);
#7880=IFCARBITRARYCLOSEDPROFILEDEF(.AREA.,$,#7879);
#7881=IFCCARTESIANPOINT((0.02500000037252903,0.02500000037252903,0.02500000037252903));
#7882=IFCDIRECTION((0.,0.,1.));
#7883=IFCDIRECTION((1.,0.,0.));
#7884=IFCAXIS2PLACEMENT3D(#7881,#7882,#7883);
#7885=IFCDIRECTION((0.,0.,1.));
#7886=IFCEXTRUDEDAREASOLID(#7880,#7884,#7885,1.9499999992549419);
#7887=IFCCARTESIANPOINTLIST2D(((0.,0.),(0.,-0.040000000000000001),(0.12,-0.040000000000000001),(0.12,-0.02),(0.02,-0.02),(0.02,0.)));
#7888=IFCINDEXEDPOLYCURVE(#7887,(IFCLINEINDEX((1,2,3,4,5,6,1))),$);
#7889=IFCARBITRARYCLOSEDPROFILEDEF(.AREA.,$,#7888);
#7890=IFCCARTESIANPOINT((0.075000000372529033,0.02500000037252903,1.015000000372529));
#7891=IFCDIRECTION((0.,0.,1.));
#7892=IFCDIRECTION((1.,0.,0.));
#7893=IFCAXIS2PLACEMENT3D(#7890,#7891,#7892);
#7894=IFCDIRECTION((0.,0.,1.));
#7895=IFCEXTRUDEDAREASOLID(#7889,#7893,#7894,0.02);
#7896=IFCEXTRUDEDAREASOLID(#7897,#7900,#7904,0.02);
#7897=IFCARBITRARYCLOSEDPROFILEDEF(.AREA.,$,#7898);
#7898=IFCINDEXEDPOLYCURVE(#7899,(IFCLINEINDEX((1,2,3,4,5,6,1))),$);
#7899=IFCCARTESIANPOINTLIST2D(((0.,0.),(0.,0.040000000000000008),(0.11999999999999998,0.040000000000000008),(0.11999999999999998,0.020000000000000004),(0.020000000000000004,0.020000000000000004),(0.020000000000000004,0.)));
#7900=IFCAXIS2PLACEMENT3D(#7901,#7902,#7903);
#7901=IFCCARTESIANPOINT((0.075000000372529033,0.060000000521540642,1.015000000372529));
#7902=IFCDIRECTION((0.,0.,1.));
#7903=IFCDIRECTION((1.,0.,0.));
#7904=IFCDIRECTION((0.,0.,1.));
#7905=IFCSHAPEREPRESENTATION(#11,'Body','SweptSolid',(#7850,#7886,#7895,#7896,#7859,#7868,#7877));
#7906=IFCCARTESIANPOINTLIST2D(((0.,0.),(0.02500000037252903,0.),(0.02500000037252903,0.05000000074505806),(0.,0.05000000074505806)));
#7907=IFCINDEXEDPOLYCURVE(#7906,(IFCLINEINDEX((1,2,3,4,1))),$);
#7908=IFCINDEXEDPOLYCURVE(#7909,(IFCLINEINDEX((1,2,3,4,1))),$);
#7909=IFCCARTESIANPOINTLIST2D(((0.86897778511047363,0.),(0.8439777847379446,0.),(0.8439777847379446,0.05000000074505806),(0.86897778511047363,0.05000000074505806)));
#7910=IFCCARTESIANPOINTLIST2D(((0.8439777847379446,0.05000000074505806),(0.8439777847379446,-0.76897778362035751),(0.80897778458893299,-0.76897778362035751)));
#7911=IFCINDEXEDPOLYCURVE(#7910,$,$);
#7912=IFCDIRECTION((1.,0.));
#7913=IFCCARTESIANPOINT((0.80897778458893299,0.05000000074505806));
#7914=IFCAXIS2PLACEMENT2D(#7913,#7912);
#7915=IFCELLIPSE(#7914,0.78397778421640396,0.81897778436541557);
#7916=IFCCARTESIANPOINT((0.80897778458893299,0.86897778511047363));
#7917=IFCCARTESIANPOINT((0.80897778458893299,-0.76897778362035751));
#7918=IFCTRIMMEDCURVE(#7915,(#7916),(#7917),.T.,.CARTESIAN.);
#7919=IFCCARTESIANPOINTLIST2D(((0.8439777847379446,0.05000000074505806),(0.80897778458893299,0.05000000074505806),(0.80897778458893299,0.86897778511047363),(0.8439777847379446,0.86897778511047363)));
#7920=IFCINDEXEDPOLYCURVE(#7919,(IFCLINEINDEX((1,2,3,4,1))),$);
#7921=IFCSHAPEREPRESENTATION(#24,'Body','Curve2D',(#7907,#7908,#7911,#7918,#7920));
#7922=IFCCARTESIANPOINTLIST2D(((0.,0.),(0.86897778511047363,0.),(0.86897778511047363,2.),(0.,2.)));
#7923=IFCINDEXEDPOLYCURVE(#7922,(IFCLINEINDEX((1,2,3,4,1))),$);
#7924=IFCARBITRARYCLOSEDPROFILEDEF(.AREA.,$,#7923);
#7925=IFCCARTESIANPOINT((0.,-0.60000002384185791,0.));
#7926=IFCDIRECTION((0.,-1.,0.));
#7927=IFCDIRECTION((1.,0.,0.));
#7928=IFCAXIS2PLACEMENT3D(#7925,#7926,#7927);
#7929=IFCDIRECTION((0.,0.,-1.));
#7930=IFCEXTRUDEDAREASOLID(#7924,#7928,#7929,1.2);
#7931=IFCSHAPEREPRESENTATION(#11,'Body','SweptSolid',(#7930));
#7937=IFCCARTESIANPOINT((1.0450102090835571,0.099999785423278809,0.));
#7938=IFCDIRECTION((0.,0.,1.));
#7939=IFCDIRECTION((-0.99999999999980305,6.2783294652023326E-07,0.));
#7940=IFCAXIS2PLACEMENT3D(#7937,#7938,#7939);
#7941=IFCLOCALPLACEMENT(#6799,#7940);
#7942=IFCCARTESIANPOINT((0.,0.,0.));
#7943=IFCDIRECTION((0.,0.,1.));
#7944=IFCDIRECTION((0.99999999999999989,-1.0587911840678754E-22,0.));
#7945=IFCAXIS2PLACEMENT3D(#7942,#7943,#7944);
#7946=IFCLOCALPLACEMENT(#7941,#7945);
#7996=IFCDOORTYPE('0BjlVCTjL2LQulMhPjQBcv',$,'t&b2-2f',$,$,(#7997),(#7999,#8007,#8085),$,$,.DOOR.,.SINGLE_SWING_LEFT.,$,$);
#7997=IFCPROPERTYSET('0qRngXBX16hfkqXW1_BD6f',$,'BBIM_Door',$,(#7998));
#7998=IFCPROPERTYSINGLEVALUE('Data',$,IFCTEXT('{"door_type": "SINGLE_SWING_LEFT", "overall_height": 2.0, "overall_width": 0.693958044052124, "lining_properties": {"lining_depth": 0.05000000074505806, "lining_thickness": 0.05000000074505806, "lining_offset": 0.0, "lining_to_panel_offset_x": 0.02500000037252903, "lining_to_panel_offset_y": 0.02500000037252903, "transom_thickness": 0.0, "casing_thickness": 0.07500000298023224, "casing_depth": 0.004999999888241291, "threshold_thickness": 0.02500000037252903, "threshold_depth": 0.10000000149011612, "threshold_offset": 0.0}, "panel_properties": {"panel_depth": 0.03500000014901161, "panel_width_ratio": 1.0}}'),$);
#7999=IFCREPRESENTATIONMAP(#8000,#8171);
#8000=IFCAXIS2PLACEMENT3D(#8001,#8002,#8003);
#8001=IFCCARTESIANPOINT((0.,0.,0.));
#8002=IFCDIRECTION((0.,0.,1.));
#8003=IFCDIRECTION((1.,0.,0.));
#8007=IFCREPRESENTATIONMAP(#8008,#8244);
#8008=IFCAXIS2PLACEMENT3D(#8009,#8010,#8011);
#8009=IFCCARTESIANPOINT((0.,0.,0.));
#8010=IFCDIRECTION((0.,0.,1.));
#8011=IFCDIRECTION((1.,0.,0.));
#8085=IFCREPRESENTATIONMAP(#8086,#8262);
#8086=IFCAXIS2PLACEMENT3D(#8087,#8088,#8089);
#8087=IFCCARTESIANPOINT((0.,0.,0.));
#8088=IFCDIRECTION((0.,0.,1.));
#8089=IFCDIRECTION((1.,0.,0.));
#8104=IFCDOOR('1ZRDbZvWH9j9beepYiBQPY',$,'Door',$,$,#8287,#8113,$,2.,0.69395804405212402,$,.SINGLE_SWING_LEFT.,$);
#8105=IFCRELDEFINESBYTYPE('3abV$Tnzj7qv1kymMgvFyv',$,$,$,(#8104),#7996);
#8106=IFCCARTESIANPOINT((0.,0.,0.));
#8107=IFCDIRECTION((1.,0.,0.));
#8108=IFCDIRECTION((0.,1.,0.));
#8109=IFCDIRECTION((0.,0.,1.));
#8110=IFCCARTESIANTRANSFORMATIONOPERATOR3D(#8107,#8108,#8106,1.,#8109);
#8111=IFCMAPPEDITEM(#7999,#8110);
#8112=IFCSHAPEREPRESENTATION(#18,'Profile','MappedRepresentation',(#8111));
#8113=IFCPRODUCTDEFINITIONSHAPE($,$,(#8112,#8120,#8127));
#8114=IFCCARTESIANPOINT((0.,0.,0.));
#8115=IFCDIRECTION((1.,0.,0.));
#8116=IFCDIRECTION((0.,1.,0.));
#8117=IFCDIRECTION((0.,0.,1.));
#8118=IFCCARTESIANTRANSFORMATIONOPERATOR3D(#8115,#8116,#8114,1.,#8117);
#8119=IFCMAPPEDITEM(#8007,#8118);
#8120=IFCSHAPEREPRESENTATION(#11,'Body','MappedRepresentation',(#8119));
#8121=IFCCARTESIANPOINT((0.,0.,0.));
#8122=IFCDIRECTION((1.,0.,0.));
#8123=IFCDIRECTION((0.,1.,0.));
#8124=IFCDIRECTION((0.,0.,1.));
#8125=IFCCARTESIANTRANSFORMATIONOPERATOR3D(#8122,#8123,#8121,1.,#8124);
#8126=IFCMAPPEDITEM(#8085,#8125);
#8127=IFCSHAPEREPRESENTATION(#24,'Body','MappedRepresentation',(#8126));
#8128=IFCOPENINGELEMENT('1iOkUxf0LAO8VR7wpsdVqP',$,'Opening',$,$,#8282,#8156,$,.OPENING.);
#8144=IFCCARTESIANPOINT((0.,0.,0.));
#8145=IFCDIRECTION((1.,0.,0.));
#8146=IFCDIRECTION((0.,0.,1.));
#8147=IFCAXIS2PLACEMENT3D(#8144,#8146,#8145);
#8148=IFCREPRESENTATIONMAP(#8147,#8272);
#8149=IFCCARTESIANPOINT((0.,0.,0.));
#8150=IFCDIRECTION((1.,0.,0.));
#8151=IFCDIRECTION((0.,1.,0.));
#8152=IFCDIRECTION((0.,0.,1.));
#8153=IFCCARTESIANTRANSFORMATIONOPERATOR3D(#8150,#8151,#8149,1.,#8152);
#8154=IFCMAPPEDITEM(#8148,#8153);
#8155=IFCSHAPEREPRESENTATION(#11,'Body','MappedRepresentation',(#8154));
#8156=IFCPRODUCTDEFINITIONSHAPE($,$,(#8155));
#8157=IFCRELVOIDSELEMENT('3wS36Pdxf1Df3dD9FPnW7r',$,$,$,#7354,#8128);
#8163=IFCRELFILLSELEMENT('2rQh$Gdqr8WOa7g0eF_mug',$,$,$,#8128,#8104);
#8169=IFCCARTESIANPOINTLIST3D(((0.,0.,0.),(0.69395804405212402,0.,0.),(0.69395804405212402,0.,2.),(0.,0.,2.)));
#8170=IFCINDEXEDPOLYCURVE(#8169,(IFCLINEINDEX((1,2,3,4,1))),$);
#8171=IFCSHAPEREPRESENTATION(#18,'Profile','Curve3D',(#8170));
#8172=IFCCARTESIANPOINTLIST2D(((0.,0.),(0.,2.),(0.69395804405212402,2.),(0.69395804405212402,0.),(0.66895804367959499,0.),(0.66895804367959499,1.974999999627471),(0.02500000037252903,1.974999999627471),(0.02500000037252903,0.)));
#8173=IFCINDEXEDPOLYCURVE(#8172,(IFCLINEINDEX((1,2,3,4,5,6,7,8,1))),$);
#8174=IFCARBITRARYCLOSEDPROFILEDEF(.AREA.,$,#8173);
#8175=IFCCARTESIANPOINT((0.,0.02500000037252903,0.));
#8176=IFCDIRECTION((0.,-1.,0.));
#8177=IFCDIRECTION((1.,0.,0.));
#8178=IFCAXIS2PLACEMENT3D(#8175,#8176,#8177);
#8179=IFCDIRECTION((0.,0.,-1.));
#8180=IFCEXTRUDEDAREASOLID(#8174,#8178,#8179,0.02500000037252903);
#8181=IFCCARTESIANPOINTLIST2D(((0.,0.),(0.,2.),(0.69395804405212402,2.),(0.69395804405212402,0.),(0.64395804330706596,0.),(0.64395804330706596,1.9499999992549419),(0.05000000074505806,1.9499999992549419),(0.05000000074505806,0.)));
#8182=IFCINDEXEDPOLYCURVE(#8181,(IFCLINEINDEX((1,2,3,4,5,6,7,8,1))),$);
#8183=IFCARBITRARYCLOSEDPROFILEDEF(.AREA.,$,#8182);
#8184=IFCCARTESIANPOINT((0.,0.,0.));
#8185=IFCDIRECTION((0.,-1.,0.));
#8186=IFCDIRECTION((1.,0.,0.));
#8187=IFCAXIS2PLACEMENT3D(#8184,#8185,#8186);
#8188=IFCDIRECTION((0.,0.,-1.));
#8189=IFCEXTRUDEDAREASOLID(#8183,#8187,#8188,0.02500000037252903);
#8190=IFCCARTESIANPOINTLIST2D(((0.,0.),(0.5939580425620079,0.),(0.5939580425620079,0.10000000149011612),(0.,0.10000000149011612)));
#8191=IFCINDEXEDPOLYCURVE(#8190,(IFCLINEINDEX((1,2,3,4,1))),$);
#8192=IFCARBITRARYCLOSEDPROFILEDEF(.AREA.,$,#8191);
#8193=IFCCARTESIANPOINT((0.05000000074505806,0.,0.));
#8194=IFCDIRECTION((0.,0.,1.));
#8195=IFCDIRECTION((1.,0.,0.));
#8196=IFCAXIS2PLACEMENT3D(#8193,#8194,#8195);
#8197=IFCDIRECTION((0.,0.,1.));
#8198=IFCEXTRUDEDAREASOLID(#8192,#8196,#8197,0.02500000037252903);
#8199=IFCCARTESIANPOINTLIST2D(((0.,0.),(0.,2.0250000022351742),(0.74395804852247238,2.0250000022351742),(0.74395804852247238,0.),(0.66895804554224014,0.),(0.66895804554224014,1.9499999992549419),(0.075000002980232239,1.9499999992549419),(0.075000002980232239,0.)));
#8200=IFCINDEXEDPOLYCURVE(#8199,(IFCLINEINDEX((1,2,3,4,5,6,7,8,1))),$);
#8201=IFCARBITRARYCLOSEDPROFILEDEF(.AREA.,$,#8200);
#8202=IFCCARTESIANPOINT((-0.025000002235174179,-0.004999999888241291,0.));
#8203=IFCDIRECTION((0.,-1.,0.));
#8204=IFCDIRECTION((1.,0.,0.));
#8205=IFCAXIS2PLACEMENT3D(#8202,#8203,#8204);
#8206=IFCDIRECTION((0.,0.,-1.));
#8207=IFCEXTRUDEDAREASOLID(#8201,#8205,#8206,0.004999999888241291);
#8208=IFCCARTESIANPOINTLIST2D(((0.,0.),(0.,2.0250000022351742),(0.74395804852247238,2.0250000022351742),(0.74395804852247238,0.),(0.69395804591476917,0.),(0.69395804591476917,1.974999999627471),(0.050000002607703209,1.974999999627471),(0.050000002607703209,0.)));
#8209=IFCINDEXEDPOLYCURVE(#8208,(IFCLINEINDEX((1,2,3,4,5,6,7,8,1))),$);
#8210=IFCARBITRARYCLOSEDPROFILEDEF(.AREA.,$,#8209);
#8211=IFCCARTESIANPOINT((-0.025000002235174179,0.05000000074505806,0.));
#8212=IFCDIRECTION((0.,-1.,0.));
#8213=IFCDIRECTION((1.,0.,0.));
#8214=IFCAXIS2PLACEMENT3D(#8211,#8212,#8213);
#8215=IFCDIRECTION((0.,0.,-1.));
#8216=IFCEXTRUDEDAREASOLID(#8210,#8214,#8215,0.004999999888241291);
#8217=IFCCARTESIANPOINTLIST2D(((0.,0.),(0.64395804330706596,0.),(0.64395804330706596,0.035000000149011612),(0.,0.035000000149011612)));
#8218=IFCINDEXEDPOLYCURVE(#8217,(IFCLINEINDEX((1,2,3,4,1))),$);
#8219=IFCARBITRARYCLOSEDPROFILEDEF(.AREA.,$,#8218);
#8220=IFCCARTESIANPOINT((0.02500000037252903,0.02500000037252903,0.02500000037252903));
#8221=IFCDIRECTION((0.,0.,1.));
#8222=IFCDIRECTION((1.,0.,0.));
#8223=IFCAXIS2PLACEMENT3D(#8220,#8221,#8222);
#8224=IFCDIRECTION((0.,0.,1.));
#8225=IFCEXTRUDEDAREASOLID(#8219,#8223,#8224,1.9499999992549419);
#8226=IFCCARTESIANPOINTLIST2D(((0.,0.),(0.,-0.040000000000000001),(-0.11999999999999994,-0.040000000000000001),(-0.11999999999999994,-0.02),(-0.020000000000000018,-0.02),(-0.020000000000000018,0.)));
#8227=IFCINDEXEDPOLYCURVE(#8226,(IFCLINEINDEX((1,2,3,4,5,6,1))),$);
#8228=IFCARBITRARYCLOSEDPROFILEDEF(.AREA.,$,#8227);
#8229=IFCCARTESIANPOINT((0.61895804367959495,0.02500000037252903,1.015000000372529));
#8230=IFCDIRECTION((0.,0.,1.));
#8231=IFCDIRECTION((1.,0.,0.));
#8232=IFCAXIS2PLACEMENT3D(#8229,#8230,#8231);
#8233=IFCDIRECTION((0.,0.,1.));
#8234=IFCEXTRUDEDAREASOLID(#8228,#8232,#8233,0.02);
#8235=IFCEXTRUDEDAREASOLID(#8236,#8239,#8243,0.02);
#8236=IFCARBITRARYCLOSEDPROFILEDEF(.AREA.,$,#8237);
#8237=IFCINDEXEDPOLYCURVE(#8238,(IFCLINEINDEX((1,2,3,4,5,6,1))),$);
#8238=IFCCARTESIANPOINTLIST2D(((0.,0.),(0.,0.040000000000000008),(-0.11999999999999994,0.040000000000000008),(-0.11999999999999994,0.020000000000000004),(-0.020000000000000018,0.020000000000000004),(-0.020000000000000018,0.)));
#8239=IFCAXIS2PLACEMENT3D(#8240,#8241,#8242);
#8240=IFCCARTESIANPOINT((0.61895804367959495,0.060000000521540642,1.015000000372529));
#8241=IFCDIRECTION((0.,0.,1.));
#8242=IFCDIRECTION((1.,0.,0.));
#8243=IFCDIRECTION((0.,0.,1.));
#8244=IFCSHAPEREPRESENTATION(#11,'Body','SweptSolid',(#8180,#8189,#8225,#8234,#8235,#8198,#8207,#8216));
#8245=IFCSHAPEREPRESENTATION(#11,'Body','SweptSolid',(#8180,#8189,#8198,#8207,#8216));
#8246=IFCSHAPEASPECT((#8245),'Lining',$,.T.,#8113);
#8247=IFCSHAPEREPRESENTATION(#11,'Body','SweptSolid',(#8225,#8234,#8235));
#8248=IFCSHAPEASPECT((#8247),'Framing',$,.T.,#8113);
#8249=IFCCARTESIANPOINTLIST2D(((0.,0.),(0.,0.05000000074505806),(0.02500000037252903,0.05000000074505806),(0.02500000037252903,0.02500000037252903),(0.05000000074505806,0.02500000037252903),(0.05000000074505806,0.)));
#8250=IFCINDEXEDPOLYCURVE(#8249,(IFCLINEINDEX((1,2,3,4,5,6,1))),$);
#8251=IFCINDEXEDPOLYCURVE(#8252,(IFCLINEINDEX((1,2,3,4,5,6,1))),$);
#8252=IFCCARTESIANPOINTLIST2D(((0.69395804405212402,0.),(0.69395804405212402,0.05000000074505806),(0.66895804367959499,0.05000000074505806),(0.66895804367959499,0.02500000037252903),(0.64395804330706596,0.02500000037252903),(0.64395804330706596,0.)));
#8253=IFCDIRECTION((1.,0.));
#8254=IFCCARTESIANPOINT((0.060000000521540642,0.05000000074505806));
#8255=IFCAXIS2PLACEMENT2D(#8254,#8253);
#8256=IFCELLIPSE(#8255,0.60895804315805435,0.64395804330706596);
#8257=IFCCARTESIANPOINT((0.66895804367959499,0.05000000074505806));
#8258=IFCCARTESIANPOINT((0.060000000521540642,0.69395804405212402));
#8259=IFCTRIMMEDCURVE(#8256,(#8257),(#8258),.T.,.CARTESIAN.);
#8260=IFCCARTESIANPOINTLIST2D(((0.02500000037252903,0.05000000074505806),(0.060000000521540642,0.05000000074505806),(0.060000000521540642,0.69395804405212402),(0.02500000037252903,0.69395804405212402)));
#8261=IFCINDEXEDPOLYCURVE(#8260,(IFCLINEINDEX((1,2,3,4,1))),$);
#8262=IFCSHAPEREPRESENTATION(#24,'Body','Curve2D',(#8250,#8251,#8259,#8261));
#8263=IFCCARTESIANPOINTLIST2D(((0.,0.),(0.69395804405212402,0.),(0.69395804405212402,2.),(0.,2.)));
#8264=IFCINDEXEDPOLYCURVE(#8263,(IFCLINEINDEX((1,2,3,4,1))),$);
#8265=IFCARBITRARYCLOSEDPROFILEDEF(.AREA.,$,#8264);
#8266=IFCCARTESIANPOINT((0.,-0.60000002384185791,0.));
#8267=IFCDIRECTION((0.,-1.,0.));
#8268=IFCDIRECTION((1.,0.,0.));
#8269=IFCAXIS2PLACEMENT3D(#8266,#8267,#8268);
#8270=IFCDIRECTION((0.,0.,-1.));
#8271=IFCEXTRUDEDAREASOLID(#8265,#8269,#8270,1.2);
#8272=IFCSHAPEREPRESENTATION(#11,'Body','SweptSolid',(#8271));
#8278=IFCCARTESIANPOINT((0.30413401126861572,0.014999866485595703,0.));
#8279=IFCDIRECTION((0.,0.,1.));
#8280=IFCDIRECTION((0.99999999999997158,-2.3841857910155572E-07,0.));
#8281=IFCAXIS2PLACEMENT3D(#8278,#8279,#8280);
#8282=IFCLOCALPLACEMENT(#7365,#8281);
#8283=IFCCARTESIANPOINT((2.2204460492503131E-16,0.,0.));
#8284=IFCDIRECTION((0.,0.,1.));
#8285=IFCDIRECTION((1.,2.6469779601696886E-23,0.));
#8286=IFCAXIS2PLACEMENT3D(#8283,#8284,#8285);
#8287=IFCLOCALPLACEMENT(#8282,#8286);
#8288=IFCDOORTYPE('1qXlm_bnL2YPOC9Yk38_Hr',$,'bedroom1-2f',$,$,(#8289),(#8291,#8299,#8368),$,$,.DOOR.,.SINGLE_SWING_LEFT.,$,$);
#8289=IFCPROPERTYSET('3hqxgUcWf0jhVnTgdgWUX5',$,'BBIM_Door',$,(#8290));
#8290=IFCPROPERTYSINGLEVALUE('Data',$,IFCTEXT('{"door_type": "DOUBLE_SWING_LEFT", "overall_height": 2.0, "overall_width": 0.863292932510376, "lining_properties": {"lining_depth": 0.05000000074505806, "lining_thickness": 0.05000000074505806, "lining_offset": 0.0, "lining_to_panel_offset_x": 0.02500000037252903, "lining_to_panel_offset_y": 0.02500000037252903, "transom_thickness": 0.0, "casing_thickness": 0.07500000298023224, "casing_depth": 0.004999999888241291, "threshold_thickness": 0.02500000037252903, "threshold_depth": 0.10000000149011612, "threshold_offset": 0.0}, "panel_properties": {"panel_depth": 0.03500000014901161, "panel_width_ratio": 1.0}}'),$);
#8291=IFCREPRESENTATIONMAP(#8292,#8892);
#8292=IFCAXIS2PLACEMENT3D(#8293,#8294,#8295);
#8293=IFCCARTESIANPOINT((0.,0.,0.));
#8294=IFCDIRECTION((0.,0.,1.));
#8295=IFCDIRECTION((1.,0.,0.));
#8299=IFCREPRESENTATIONMAP(#8300,#8956);
#8300=IFCAXIS2PLACEMENT3D(#8301,#8302,#8303);
#8301=IFCCARTESIANPOINT((0.,0.,0.));
#8302=IFCDIRECTION((0.,0.,1.));
#8303=IFCDIRECTION((1.,0.,0.));
#8368=IFCREPRESENTATIONMAP(#8369,#8972);
#8369=IFCAXIS2PLACEMENT3D(#8370,#8371,#8372);
#8370=IFCCARTESIANPOINT((0.,0.,0.));
#8371=IFCDIRECTION((0.,0.,1.));
#8372=IFCDIRECTION((1.,0.,0.));
#8389=IFCDOOR('3DKsuUlUD4QgE$AGMdMpr1',$,'Door',$,$,#8997,#8398,$,2.,0.86329293251037598,$,.DOUBLE_SWING_LEFT.,$);
#8390=IFCRELDEFINESBYTYPE('0zMjsOcNX37e31MUurV6J1',$,$,$,(#8389),#8288);
#8391=IFCCARTESIANPOINT((0.,0.,0.));
#8392=IFCDIRECTION((1.,0.,0.));
#8393=IFCDIRECTION((0.,1.,0.));
#8394=IFCDIRECTION((0.,0.,1.));
#8395=IFCCARTESIANTRANSFORMATIONOPERATOR3D(#8392,#8393,#8391,1.,#8394);
#8396=IFCMAPPEDITEM(#8291,#8395);
#8397=IFCSHAPEREPRESENTATION(#18,'Profile','MappedRepresentation',(#8396));
#8398=IFCPRODUCTDEFINITIONSHAPE($,$,(#8397,#8405,#8412));
#8399=IFCCARTESIANPOINT((0.,0.,0.));
#8400=IFCDIRECTION((1.,0.,0.));
#8401=IFCDIRECTION((0.,1.,0.));
#8402=IFCDIRECTION((0.,0.,1.));
#8403=IFCCARTESIANTRANSFORMATIONOPERATOR3D(#8400,#8401,#8399,1.,#8402);
#8404=IFCMAPPEDITEM(#8299,#8403);
#8405=IFCSHAPEREPRESENTATION(#11,'Body','MappedRepresentation',(#8404));
#8406=IFCCARTESIANPOINT((0.,0.,0.));
#8407=IFCDIRECTION((1.,0.,0.));
#8408=IFCDIRECTION((0.,1.,0.));
#8409=IFCDIRECTION((0.,0.,1.));
#8410=IFCCARTESIANTRANSFORMATIONOPERATOR3D(#8407,#8408,#8406,1.,#8409);
#8411=IFCMAPPEDITEM(#8368,#8410);
#8412=IFCSHAPEREPRESENTATION(#24,'Body','MappedRepresentation',(#8411));
#8413=IFCOPENINGELEMENT('2$LoIY2RH9iAsCiWyq4B7G',$,'Opening',$,$,#8992,#8441,$,.OPENING.);
#8429=IFCCARTESIANPOINT((0.,0.,0.));
#8430=IFCDIRECTION((1.,0.,0.));
#8431=IFCDIRECTION((0.,0.,1.));
#8432=IFCAXIS2PLACEMENT3D(#8429,#8431,#8430);
#8433=IFCREPRESENTATIONMAP(#8432,#8982);
#8434=IFCCARTESIANPOINT((0.,0.,0.));
#8435=IFCDIRECTION((1.,0.,0.));
#8436=IFCDIRECTION((0.,1.,0.));
#8437=IFCDIRECTION((0.,0.,1.));
#8438=IFCCARTESIANTRANSFORMATIONOPERATOR3D(#8435,#8436,#8434,1.,#8437);
#8439=IFCMAPPEDITEM(#8433,#8438);
#8440=IFCSHAPEREPRESENTATION(#11,'Body','MappedRepresentation',(#8439));
#8441=IFCPRODUCTDEFINITIONSHAPE($,$,(#8440));
#8442=IFCRELVOIDSELEMENT('3oeTVvQ_L2pxj1crlLGNkK',$,$,$,#6685,#8413);
#8448=IFCRELFILLSELEMENT('1WCRLXWtv1PPqarKS0CJaX',$,$,$,#8413,#8389);
#8457=IFCCARTESIANPOINTLIST2D(((0.,0.),(0.,2.),(0.90877175331115723,2.),(0.90877175331115723,0.),(0.8837717529386282,0.),(0.8837717529386282,1.974999999627471),(0.02500000037252903,1.974999999627471),(0.02500000037252903,0.)));
#8458=IFCINDEXEDPOLYCURVE(#8457,(IFCLINEINDEX((1,2,3,4,5,6,7,8,1))),$);
#8459=IFCARBITRARYCLOSEDPROFILEDEF(.AREA.,$,#8458);
#8460=IFCCARTESIANPOINT((0.,0.,0.));
#8461=IFCDIRECTION((0.,-1.,0.));
#8462=IFCDIRECTION((1.,0.,0.));
#8463=IFCAXIS2PLACEMENT3D(#8460,#8461,#8462);
#8464=IFCDIRECTION((0.,0.,-1.));
#8465=IFCEXTRUDEDAREASOLID(#8459,#8463,#8464,0.05000000074505806);
#8466=IFCCARTESIANPOINTLIST2D(((0.,0.),(0.85877175256609917,0.),(0.85877175256609917,0.10000000149011612),(0.,0.10000000149011612)));
#8467=IFCINDEXEDPOLYCURVE(#8466,(IFCLINEINDEX((1,2,3,4,1))),$);
#8468=IFCARBITRARYCLOSEDPROFILEDEF(.AREA.,$,#8467);
#8469=IFCCARTESIANPOINT((0.02500000037252903,0.,0.));
#8470=IFCDIRECTION((0.,0.,1.));
#8471=IFCDIRECTION((1.,0.,0.));
#8472=IFCAXIS2PLACEMENT3D(#8469,#8470,#8471);
#8473=IFCDIRECTION((0.,0.,1.));
#8474=IFCEXTRUDEDAREASOLID(#8468,#8472,#8473,0.02500000037252903);
#8475=IFCCARTESIANPOINTLIST2D(((0.,0.),(0.,2.0250000022351742),(0.95877175778150558,2.0250000022351742),(0.95877175778150558,0.),(0.90877175517380238,0.),(0.90877175517380238,1.974999999627471),(0.050000002607703209,1.974999999627471),(0.050000002607703209,0.)));
#8476=IFCINDEXEDPOLYCURVE(#8475,(IFCLINEINDEX((1,2,3,4,5,6,7,8,1))),$);
#8477=IFCARBITRARYCLOSEDPROFILEDEF(.AREA.,$,#8476);
#8478=IFCCARTESIANPOINT((-0.025000002235174179,-0.004999999888241291,0.));
#8479=IFCDIRECTION((0.,-1.,0.));
#8480=IFCDIRECTION((1.,0.,0.));
#8481=IFCAXIS2PLACEMENT3D(#8478,#8479,#8480);
#8482=IFCDIRECTION((0.,0.,-1.));
#8483=IFCEXTRUDEDAREASOLID(#8477,#8481,#8482,0.004999999888241291);
#8484=IFCCARTESIANPOINTLIST2D(((0.,0.),(0.,2.0250000022351742),(0.95877175778150558,2.0250000022351742),(0.95877175778150558,0.),(0.90877175517380238,0.),(0.90877175517380238,1.974999999627471),(0.050000002607703209,1.974999999627471),(0.050000002607703209,0.)));
#8485=IFCINDEXEDPOLYCURVE(#8484,(IFCLINEINDEX((1,2,3,4,5,6,7,8,1))),$);
#8486=IFCARBITRARYCLOSEDPROFILEDEF(.AREA.,$,#8485);
#8487=IFCCARTESIANPOINT((-0.025000002235174179,0.05000000074505806,0.));
#8488=IFCDIRECTION((0.,-1.,0.));
#8489=IFCDIRECTION((1.,0.,0.));
#8490=IFCAXIS2PLACEMENT3D(#8487,#8488,#8489);
#8491=IFCDIRECTION((0.,0.,-1.));
#8492=IFCEXTRUDEDAREASOLID(#8486,#8490,#8491,0.004999999888241291);
#8493=IFCCARTESIANPOINTLIST2D(((0.,0.),(0.85877175256609917,0.),(0.85877175256609917,0.035000000149011612),(0.,0.035000000149011612)));
#8494=IFCINDEXEDPOLYCURVE(#8493,(IFCLINEINDEX((1,2,3,4,1))),$);
#8495=IFCARBITRARYCLOSEDPROFILEDEF(.AREA.,$,#8494);
#8496=IFCCARTESIANPOINT((0.02500000037252903,0.02500000037252903,0.02500000037252903));
#8497=IFCDIRECTION((0.,0.,1.));
#8498=IFCDIRECTION((1.,0.,0.));
#8499=IFCAXIS2PLACEMENT3D(#8496,#8497,#8498);
#8500=IFCDIRECTION((0.,0.,1.));
#8501=IFCEXTRUDEDAREASOLID(#8495,#8499,#8500,1.9499999992549419);
#8502=IFCCARTESIANPOINTLIST2D(((0.,0.),(0.,-0.040000000000000001),(-0.11999999999999988,-0.040000000000000001),(-0.11999999999999988,-0.02),(-0.020000000000000018,-0.02),(-0.020000000000000018,0.)));
#8503=IFCINDEXEDPOLYCURVE(#8502,(IFCLINEINDEX((1,2,3,4,5,6,1))),$);
#8504=IFCARBITRARYCLOSEDPROFILEDEF(.AREA.,$,#8503);
#8505=IFCCARTESIANPOINT((0.83377175293862815,0.02500000037252903,1.015000000372529));
#8506=IFCDIRECTION((0.,0.,1.));
#8507=IFCDIRECTION((1.,0.,0.));
#8508=IFCAXIS2PLACEMENT3D(#8505,#8506,#8507);
#8509=IFCDIRECTION((0.,0.,1.));
#8510=IFCEXTRUDEDAREASOLID(#8504,#8508,#8509,0.02);
#8511=IFCEXTRUDEDAREASOLID(#8512,#8515,#8519,0.02);
#8512=IFCARBITRARYCLOSEDPROFILEDEF(.AREA.,$,#8513);
#8513=IFCINDEXEDPOLYCURVE(#8514,(IFCLINEINDEX((1,2,3,4,5,6,1))),$);
#8514=IFCCARTESIANPOINTLIST2D(((0.,0.),(0.,0.040000000000000008),(-0.11999999999999988,0.040000000000000008),(-0.11999999999999988,0.020000000000000004),(-0.020000000000000018,0.020000000000000004),(-0.020000000000000018,0.)));
#8515=IFCAXIS2PLACEMENT3D(#8516,#8517,#8518);
#8516=IFCCARTESIANPOINT((0.83377175293862815,0.060000000521540642,1.015000000372529));
#8517=IFCDIRECTION((0.,0.,1.));
#8518=IFCDIRECTION((1.,0.,0.));
#8519=IFCDIRECTION((0.,0.,1.));
#8521=IFCSHAPEREPRESENTATION(#11,'Body','SweptSolid',(#8820,#8919,#8811,#8483,#8703,#8910,#8604,#8474,#8802,#8901,#8595,#8793,#8465,#8685,#8694,#8586,#8577,#8928,#8492,#8712));
#8522=IFCSHAPEASPECT((#8521),'Lining',$,.T.,#8398);
#8523=IFCSHAPEREPRESENTATION(#11,'Body','SweptSolid',(#8623,#8510,#8730,#8839,#8731,#8511,#8501,#8721,#8829,#8947,#8622,#8937,#8946,#8838,#8613));
#8524=IFCSHAPEASPECT((#8523),'Framing',$,.T.,#8398);
#8569=IFCCARTESIANPOINTLIST2D(((0.,0.),(0.,2.),(0.90877175331115723,2.),(0.90877175331115723,0.),(0.8837717529386282,0.),(0.8837717529386282,1.974999999627471),(0.02500000037252903,1.974999999627471),(0.02500000037252903,0.)));
#8570=IFCINDEXEDPOLYCURVE(#8569,(IFCLINEINDEX((1,2,3,4,5,6,7,8,1))),$);
#8571=IFCARBITRARYCLOSEDPROFILEDEF(.AREA.,$,#8570);
#8572=IFCCARTESIANPOINT((0.,0.,0.));
#8573=IFCDIRECTION((0.,-1.,0.));
#8574=IFCDIRECTION((1.,0.,0.));
#8575=IFCAXIS2PLACEMENT3D(#8572,#8573,#8574);
#8576=IFCDIRECTION((0.,0.,-1.));
#8577=IFCEXTRUDEDAREASOLID(#8571,#8575,#8576,0.05000000074505806);
#8578=IFCCARTESIANPOINTLIST2D(((0.,0.),(0.85877175256609917,0.),(0.85877175256609917,0.10000000149011612),(0.,0.10000000149011612)));
#8579=IFCINDEXEDPOLYCURVE(#8578,(IFCLINEINDEX((1,2,3,4,1))),$);
#8580=IFCARBITRARYCLOSEDPROFILEDEF(.AREA.,$,#8579);
#8581=IFCCARTESIANPOINT((0.02500000037252903,0.,0.));
#8582=IFCDIRECTION((0.,0.,1.));
#8583=IFCDIRECTION((1.,0.,0.));
#8584=IFCAXIS2PLACEMENT3D(#8581,#8582,#8583);
#8585=IFCDIRECTION((0.,0.,1.));
#8586=IFCEXTRUDEDAREASOLID(#8580,#8584,#8585,0.02500000037252903);
#8587=IFCCARTESIANPOINTLIST2D(((0.,0.),(0.,2.0250000022351742),(0.95877175778150558,2.0250000022351742),(0.95877175778150558,0.),(0.90877175517380238,0.),(0.90877175517380238,1.974999999627471),(0.050000002607703209,1.974999999627471),(0.050000002607703209,0.)));
#8588=IFCINDEXEDPOLYCURVE(#8587,(IFCLINEINDEX((1,2,3,4,5,6,7,8,1))),$);
#8589=IFCARBITRARYCLOSEDPROFILEDEF(.AREA.,$,#8588);
#8590=IFCCARTESIANPOINT((-0.025000002235174179,-0.004999999888241291,0.));
#8591=IFCDIRECTION((0.,-1.,0.));
#8592=IFCDIRECTION((1.,0.,0.));
#8593=IFCAXIS2PLACEMENT3D(#8590,#8591,#8592);
#8594=IFCDIRECTION((0.,0.,-1.));
#8595=IFCEXTRUDEDAREASOLID(#8589,#8593,#8594,0.004999999888241291);
#8596=IFCCARTESIANPOINTLIST2D(((0.,0.),(0.,2.0250000022351742),(0.95877175778150558,2.0250000022351742),(0.95877175778150558,0.),(0.90877175517380238,0.),(0.90877175517380238,1.974999999627471),(0.050000002607703209,1.974999999627471),(0.050000002607703209,0.)));
#8597=IFCINDEXEDPOLYCURVE(#8596,(IFCLINEINDEX((1,2,3,4,5,6,7,8,1))),$);
#8598=IFCARBITRARYCLOSEDPROFILEDEF(.AREA.,$,#8597);
#8599=IFCCARTESIANPOINT((-0.025000002235174179,0.05000000074505806,0.));
#8600=IFCDIRECTION((0.,-1.,0.));
#8601=IFCDIRECTION((1.,0.,0.));
#8602=IFCAXIS2PLACEMENT3D(#8599,#8600,#8601);
#8603=IFCDIRECTION((0.,0.,-1.));
#8604=IFCEXTRUDEDAREASOLID(#8598,#8602,#8603,0.004999999888241291);
#8605=IFCCARTESIANPOINTLIST2D(((0.,0.),(0.85877175256609917,0.),(0.85877175256609917,0.035000000149011612),(0.,0.035000000149011612)));
#8606=IFCINDEXEDPOLYCURVE(#8605,(IFCLINEINDEX((1,2,3,4,1))),$);
#8607=IFCARBITRARYCLOSEDPROFILEDEF(.AREA.,$,#8606);
#8608=IFCCARTESIANPOINT((0.02500000037252903,0.02500000037252903,0.02500000037252903));
#8609=IFCDIRECTION((0.,0.,1.));
#8610=IFCDIRECTION((1.,0.,0.));
#8611=IFCAXIS2PLACEMENT3D(#8608,#8609,#8610);
#8612=IFCDIRECTION((0.,0.,1.));
#8613=IFCEXTRUDEDAREASOLID(#8607,#8611,#8612,1.9499999992549419);
#8614=IFCCARTESIANPOINTLIST2D(((0.,0.),(0.,-0.040000000000000001),(-0.11999999999999988,-0.040000000000000001),(-0.11999999999999988,-0.02),(-0.020000000000000018,-0.02),(-0.020000000000000018,0.)));
#8615=IFCINDEXEDPOLYCURVE(#8614,(IFCLINEINDEX((1,2,3,4,5,6,1))),$);
#8616=IFCARBITRARYCLOSEDPROFILEDEF(.AREA.,$,#8615);
#8617=IFCCARTESIANPOINT((0.83377175293862815,0.02500000037252903,1.015000000372529));
#8618=IFCDIRECTION((0.,0.,1.));
#8619=IFCDIRECTION((1.,0.,0.));
#8620=IFCAXIS2PLACEMENT3D(#8617,#8618,#8619);
#8621=IFCDIRECTION((0.,0.,1.));
#8622=IFCEXTRUDEDAREASOLID(#8616,#8620,#8621,0.02);
#8623=IFCEXTRUDEDAREASOLID(#8624,#8627,#8631,0.02);
#8624=IFCARBITRARYCLOSEDPROFILEDEF(.AREA.,$,#8625);
#8625=IFCINDEXEDPOLYCURVE(#8626,(IFCLINEINDEX((1,2,3,4,5,6,1))),$);
#8626=IFCCARTESIANPOINTLIST2D(((0.,0.),(0.,0.040000000000000008),(-0.11999999999999988,0.040000000000000008),(-0.11999999999999988,0.020000000000000004),(-0.020000000000000018,0.020000000000000004),(-0.020000000000000018,0.)));
#8627=IFCAXIS2PLACEMENT3D(#8628,#8629,#8630);
#8628=IFCCARTESIANPOINT((0.83377175293862815,0.060000000521540642,1.015000000372529));
#8629=IFCDIRECTION((0.,0.,1.));
#8630=IFCDIRECTION((1.,0.,0.));
#8631=IFCDIRECTION((0.,0.,1.));
#8677=IFCCARTESIANPOINTLIST2D(((0.,0.),(0.,2.),(0.86329293251037598,2.),(0.86329293251037598,0.),(0.83829293213784695,0.),(0.83829293213784695,1.974999999627471),(0.02500000037252903,1.974999999627471),(0.02500000037252903,0.)));
#8678=IFCINDEXEDPOLYCURVE(#8677,(IFCLINEINDEX((1,2,3,4,5,6,7,8,1))),$);
#8679=IFCARBITRARYCLOSEDPROFILEDEF(.AREA.,$,#8678);
#8680=IFCCARTESIANPOINT((0.,0.,0.));
#8681=IFCDIRECTION((0.,-1.,0.));
#8682=IFCDIRECTION((1.,0.,0.));
#8683=IFCAXIS2PLACEMENT3D(#8680,#8681,#8682);
#8684=IFCDIRECTION((0.,0.,-1.));
#8685=IFCEXTRUDEDAREASOLID(#8679,#8683,#8684,0.05000000074505806);
#8686=IFCCARTESIANPOINTLIST2D(((0.,0.),(0.81329293176531792,0.),(0.81329293176531792,0.10000000149011612),(0.,0.10000000149011612)));
#8687=IFCINDEXEDPOLYCURVE(#8686,(IFCLINEINDEX((1,2,3,4,1))),$);
#8688=IFCARBITRARYCLOSEDPROFILEDEF(.AREA.,$,#8687);
#8689=IFCCARTESIANPOINT((0.02500000037252903,0.,0.));
#8690=IFCDIRECTION((0.,0.,1.));
#8691=IFCDIRECTION((1.,0.,0.));
#8692=IFCAXIS2PLACEMENT3D(#8689,#8690,#8691);
#8693=IFCDIRECTION((0.,0.,1.));
#8694=IFCEXTRUDEDAREASOLID(#8688,#8692,#8693,0.02500000037252903);
#8695=IFCCARTESIANPOINTLIST2D(((0.,0.),(0.,2.0250000022351742),(0.91329293698072433,2.0250000022351742),(0.91329293698072433,0.),(0.86329293437302113,0.),(0.86329293437302113,1.974999999627471),(0.050000002607703209,1.974999999627471),(0.050000002607703209,0.)));
#8696=IFCINDEXEDPOLYCURVE(#8695,(IFCLINEINDEX((1,2,3,4,5,6,7,8,1))),$);
#8697=IFCARBITRARYCLOSEDPROFILEDEF(.AREA.,$,#8696);
#8698=IFCCARTESIANPOINT((-0.025000002235174179,-0.004999999888241291,0.));
#8699=IFCDIRECTION((0.,-1.,0.));
#8700=IFCDIRECTION((1.,0.,0.));
#8701=IFCAXIS2PLACEMENT3D(#8698,#8699,#8700);
#8702=IFCDIRECTION((0.,0.,-1.));
#8703=IFCEXTRUDEDAREASOLID(#8697,#8701,#8702,0.004999999888241291);
#8704=IFCCARTESIANPOINTLIST2D(((0.,0.),(0.,2.0250000022351742),(0.91329293698072433,2.0250000022351742),(0.91329293698072433,0.),(0.86329293437302113,0.),(0.86329293437302113,1.974999999627471),(0.050000002607703209,1.974999999627471),(0.050000002607703209,0.)));
#8705=IFCINDEXEDPOLYCURVE(#8704,(IFCLINEINDEX((1,2,3,4,5,6,7,8,1))),$);
#8706=IFCARBITRARYCLOSEDPROFILEDEF(.AREA.,$,#8705);
#8707=IFCCARTESIANPOINT((-0.025000002235174179,0.05000000074505806,0.));
#8708=IFCDIRECTION((0.,-1.,0.));
#8709=IFCDIRECTION((1.,0.,0.));
#8710=IFCAXIS2PLACEMENT3D(#8707,#8708,#8709);
#8711=IFCDIRECTION((0.,0.,-1.));
#8712=IFCEXTRUDEDAREASOLID(#8706,#8710,#8711,0.004999999888241291);
#8713=IFCCARTESIANPOINTLIST2D(((0.,0.),(0.81329293176531792,0.),(0.81329293176531792,0.035000000149011612),(0.,0.035000000149011612)));
#8714=IFCINDEXEDPOLYCURVE(#8713,(IFCLINEINDEX((1,2,3,4,1))),$);
#8715=IFCARBITRARYCLOSEDPROFILEDEF(.AREA.,$,#8714);
#8716=IFCCARTESIANPOINT((0.02500000037252903,0.02500000037252903,0.02500000037252903));
#8717=IFCDIRECTION((0.,0.,1.));
#8718=IFCDIRECTION((1.,0.,0.));
#8719=IFCAXIS2PLACEMENT3D(#8716,#8717,#8718);
#8720=IFCDIRECTION((0.,0.,1.));
#8721=IFCEXTRUDEDAREASOLID(#8715,#8719,#8720,1.9499999992549419);
#8722=IFCCARTESIANPOINTLIST2D(((0.,0.),(0.,-0.040000000000000001),(0.12,-0.040000000000000001),(0.12,-0.02),(0.02,-0.02),(0.02,0.)));
#8723=IFCINDEXEDPOLYCURVE(#8722,(IFCLINEINDEX((1,2,3,4,5,6,1))),$);
#8724=IFCARBITRARYCLOSEDPROFILEDEF(.AREA.,$,#8723);
#8725=IFCCARTESIANPOINT((0.075000000372529033,0.02500000037252903,1.015000000372529));
#8726=IFCDIRECTION((0.,0.,1.));
#8727=IFCDIRECTION((1.,0.,0.));
#8728=IFCAXIS2PLACEMENT3D(#8725,#8726,#8727);
#8729=IFCDIRECTION((0.,0.,1.));
#8730=IFCEXTRUDEDAREASOLID(#8724,#8728,#8729,0.02);
#8731=IFCEXTRUDEDAREASOLID(#8732,#8735,#8739,0.02);
#8732=IFCARBITRARYCLOSEDPROFILEDEF(.AREA.,$,#8733);
#8733=IFCINDEXEDPOLYCURVE(#8734,(IFCLINEINDEX((1,2,3,4,5,6,1))),$);
#8734=IFCCARTESIANPOINTLIST2D(((0.,0.),(0.,0.040000000000000008),(0.11999999999999998,0.040000000000000008),(0.11999999999999998,0.020000000000000004),(0.020000000000000004,0.020000000000000004),(0.020000000000000004,0.)));
#8735=IFCAXIS2PLACEMENT3D(#8736,#8737,#8738);
#8736=IFCCARTESIANPOINT((0.075000000372529033,0.060000000521540642,1.015000000372529));
#8737=IFCDIRECTION((0.,0.,1.));
#8738=IFCDIRECTION((1.,0.,0.));
#8739=IFCDIRECTION((0.,0.,1.));
#8785=IFCCARTESIANPOINTLIST2D(((0.,0.),(0.,2.),(0.86329293251037598,2.),(0.86329293251037598,0.),(0.83829293213784695,0.),(0.83829293213784695,1.974999999627471),(0.02500000037252903,1.974999999627471),(0.02500000037252903,0.)));
#8786=IFCINDEXEDPOLYCURVE(#8785,(IFCLINEINDEX((1,2,3,4,5,6,7,8,1))),$);
#8787=IFCARBITRARYCLOSEDPROFILEDEF(.AREA.,$,#8786);
#8788=IFCCARTESIANPOINT((0.,0.,0.));
#8789=IFCDIRECTION((0.,-1.,0.));
#8790=IFCDIRECTION((1.,0.,0.));
#8791=IFCAXIS2PLACEMENT3D(#8788,#8789,#8790);
#8792=IFCDIRECTION((0.,0.,-1.));
#8793=IFCEXTRUDEDAREASOLID(#8787,#8791,#8792,0.05000000074505806);
#8794=IFCCARTESIANPOINTLIST2D(((0.,0.),(0.81329293176531792,0.),(0.81329293176531792,0.10000000149011612),(0.,0.10000000149011612)));
#8795=IFCINDEXEDPOLYCURVE(#8794,(IFCLINEINDEX((1,2,3,4,1))),$);
#8796=IFCARBITRARYCLOSEDPROFILEDEF(.AREA.,$,#8795);
#8797=IFCCARTESIANPOINT((0.02500000037252903,0.,0.));
#8798=IFCDIRECTION((0.,0.,1.));
#8799=IFCDIRECTION((1.,0.,0.));
#8800=IFCAXIS2PLACEMENT3D(#8797,#8798,#8799);
#8801=IFCDIRECTION((0.,0.,1.));
#8802=IFCEXTRUDEDAREASOLID(#8796,#8800,#8801,0.02500000037252903);
#8803=IFCCARTESIANPOINTLIST2D(((0.,0.),(0.,2.0250000022351742),(0.91329293698072433,2.0250000022351742),(0.91329293698072433,0.),(0.86329293437302113,0.),(0.86329293437302113,1.974999999627471),(0.050000002607703209,1.974999999627471),(0.050000002607703209,0.)));
#8804=IFCINDEXEDPOLYCURVE(#8803,(IFCLINEINDEX((1,2,3,4,5,6,7,8,1))),$);
#8805=IFCARBITRARYCLOSEDPROFILEDEF(.AREA.,$,#8804);
#8806=IFCCARTESIANPOINT((-0.025000002235174179,-0.004999999888241291,0.));
#8807=IFCDIRECTION((0.,-1.,0.));
#8808=IFCDIRECTION((1.,0.,0.));
#8809=IFCAXIS2PLACEMENT3D(#8806,#8807,#8808);
#8810=IFCDIRECTION((0.,0.,-1.));
#8811=IFCEXTRUDEDAREASOLID(#8805,#8809,#8810,0.004999999888241291);
#8812=IFCCARTESIANPOINTLIST2D(((0.,0.),(0.,2.0250000022351742),(0.91329293698072433,2.0250000022351742),(0.91329293698072433,0.),(0.86329293437302113,0.),(0.86329293437302113,1.974999999627471),(0.050000002607703209,1.974999999627471),(0.050000002607703209,0.)));
#8813=IFCINDEXEDPOLYCURVE(#8812,(IFCLINEINDEX((1,2,3,4,5,6,7,8,1))),$);
#8814=IFCARBITRARYCLOSEDPROFILEDEF(.AREA.,$,#8813);
#8815=IFCCARTESIANPOINT((-0.025000002235174179,0.05000000074505806,0.));
#8816=IFCDIRECTION((0.,-1.,0.));
#8817=IFCDIRECTION((1.,0.,0.));
#8818=IFCAXIS2PLACEMENT3D(#8815,#8816,#8817);
#8819=IFCDIRECTION((0.,0.,-1.));
#8820=IFCEXTRUDEDAREASOLID(#8814,#8818,#8819,0.004999999888241291);
#8821=IFCCARTESIANPOINTLIST2D(((0.,0.),(0.81329293176531792,0.),(0.81329293176531792,0.035000000149011612),(0.,0.035000000149011612)));
#8822=IFCINDEXEDPOLYCURVE(#8821,(IFCLINEINDEX((1,2,3,4,1))),$);
#8823=IFCARBITRARYCLOSEDPROFILEDEF(.AREA.,$,#8822);
#8824=IFCCARTESIANPOINT((0.02500000037252903,0.02500000037252903,0.02500000037252903));
#8825=IFCDIRECTION((0.,0.,1.));
#8826=IFCDIRECTION((1.,0.,0.));
#8827=IFCAXIS2PLACEMENT3D(#8824,#8825,#8826);
#8828=IFCDIRECTION((0.,0.,1.));
#8829=IFCEXTRUDEDAREASOLID(#8823,#8827,#8828,1.9499999992549419);
#8830=IFCCARTESIANPOINTLIST2D(((0.,0.),(0.,-0.040000000000000001),(-0.11999999999999988,-0.040000000000000001),(-0.11999999999999988,-0.02),(-0.020000000000000018,-0.02),(-0.020000000000000018,0.)));
#8831=IFCINDEXEDPOLYCURVE(#8830,(IFCLINEINDEX((1,2,3,4,5,6,1))),$);
#8832=IFCARBITRARYCLOSEDPROFILEDEF(.AREA.,$,#8831);
#8833=IFCCARTESIANPOINT((0.7882929321378469,0.02500000037252903,1.015000000372529));
#8834=IFCDIRECTION((0.,0.,1.));
#8835=IFCDIRECTION((1.,0.,0.));
#8836=IFCAXIS2PLACEMENT3D(#8833,#8834,#8835);
#8837=IFCDIRECTION((0.,0.,1.));
#8838=IFCEXTRUDEDAREASOLID(#8832,#8836,#8837,0.02);
#8839=IFCEXTRUDEDAREASOLID(#8840,#8843,#8847,0.02);
#8840=IFCARBITRARYCLOSEDPROFILEDEF(.AREA.,$,#8841);
#8841=IFCINDEXEDPOLYCURVE(#8842,(IFCLINEINDEX((1,2,3,4,5,6,1))),$);
#8842=IFCCARTESIANPOINTLIST2D(((0.,0.),(0.,0.040000000000000008),(-0.11999999999999988,0.040000000000000008),(-0.11999999999999988,0.020000000000000004),(-0.020000000000000018,0.020000000000000004),(-0.020000000000000018,0.)));
#8843=IFCAXIS2PLACEMENT3D(#8844,#8845,#8846);
#8844=IFCCARTESIANPOINT((0.7882929321378469,0.060000000521540642,1.015000000372529));
#8845=IFCDIRECTION((0.,0.,1.));
#8846=IFCDIRECTION((1.,0.,0.));
#8847=IFCDIRECTION((0.,0.,1.));
#8890=IFCCARTESIANPOINTLIST3D(((0.,0.,0.),(0.86329293251037598,0.,0.),(0.86329293251037598,0.,2.),(0.,0.,2.)));
#8891=IFCINDEXEDPOLYCURVE(#8890,(IFCLINEINDEX((1,2,3,4,1))),$);
#8892=IFCSHAPEREPRESENTATION(#18,'Profile','Curve3D',(#8891));
#8893=IFCCARTESIANPOINTLIST2D(((0.,0.),(0.,2.),(0.86329293251037598,2.),(0.86329293251037598,0.),(0.83829293213784695,0.),(0.83829293213784695,1.974999999627471),(0.02500000037252903,1.974999999627471),(0.02500000037252903,0.)));
#8894=IFCINDEXEDPOLYCURVE(#8893,(IFCLINEINDEX((1,2,3,4,5,6,7,8,1))),$);
#8895=IFCARBITRARYCLOSEDPROFILEDEF(.AREA.,$,#8894);
#8896=IFCCARTESIANPOINT((0.,0.,0.));
#8897=IFCDIRECTION((0.,-1.,0.));
#8898=IFCDIRECTION((1.,0.,0.));
#8899=IFCAXIS2PLACEMENT3D(#8896,#8897,#8898);
#8900=IFCDIRECTION((0.,0.,-1.));
#8901=IFCEXTRUDEDAREASOLID(#8895,#8899,#8900,0.05000000074505806);
#8902=IFCCARTESIANPOINTLIST2D(((0.,0.),(0.81329293176531792,0.),(0.81329293176531792,0.10000000149011612),(0.,0.10000000149011612)));
#8903=IFCINDEXEDPOLYCURVE(#8902,(IFCLINEINDEX((1,2,3,4,1))),$);
#8904=IFCARBITRARYCLOSEDPROFILEDEF(.AREA.,$,#8903);
#8905=IFCCARTESIANPOINT((0.02500000037252903,0.,0.));
#8906=IFCDIRECTION((0.,0.,1.));
#8907=IFCDIRECTION((1.,0.,0.));
#8908=IFCAXIS2PLACEMENT3D(#8905,#8906,#8907);
#8909=IFCDIRECTION((0.,0.,1.));
#8910=IFCEXTRUDEDAREASOLID(#8904,#8908,#8909,0.02500000037252903);
#8911=IFCCARTESIANPOINTLIST2D(((0.,0.),(0.,2.0250000022351742),(0.91329293698072433,2.0250000022351742),(0.91329293698072433,0.),(0.86329293437302113,0.),(0.86329293437302113,1.974999999627471),(0.050000002607703209,1.974999999627471),(0.050000002607703209,0.)));
#8912=IFCINDEXEDPOLYCURVE(#8911,(IFCLINEINDEX((1,2,3,4,5,6,7,8,1))),$);
#8913=IFCARBITRARYCLOSEDPROFILEDEF(.AREA.,$,#8912);
#8914=IFCCARTESIANPOINT((-0.025000002235174179,-0.004999999888241291,0.));
#8915=IFCDIRECTION((0.,-1.,0.));
#8916=IFCDIRECTION((1.,0.,0.));
#8917=IFCAXIS2PLACEMENT3D(#8914,#8915,#8916);
#8918=IFCDIRECTION((0.,0.,-1.));
#8919=IFCEXTRUDEDAREASOLID(#8913,#8917,#8918,0.004999999888241291);
#8920=IFCCARTESIANPOINTLIST2D(((0.,0.),(0.,2.0250000022351742),(0.91329293698072433,2.0250000022351742),(0.91329293698072433,0.),(0.86329293437302113,0.),(0.86329293437302113,1.974999999627471),(0.050000002607703209,1.974999999627471),(0.050000002607703209,0.)));
#8921=IFCINDEXEDPOLYCURVE(#8920,(IFCLINEINDEX((1,2,3,4,5,6,7,8,1))),$);
#8922=IFCARBITRARYCLOSEDPROFILEDEF(.AREA.,$,#8921);
#8923=IFCCARTESIANPOINT((-0.025000002235174179,0.05000000074505806,0.));
#8924=IFCDIRECTION((0.,-1.,0.));
#8925=IFCDIRECTION((1.,0.,0.));
#8926=IFCAXIS2PLACEMENT3D(#8923,#8924,#8925);
#8927=IFCDIRECTION((0.,0.,-1.));
#8928=IFCEXTRUDEDAREASOLID(#8922,#8926,#8927,0.004999999888241291);
#8929=IFCCARTESIANPOINTLIST2D(((0.,0.),(0.81329293176531792,0.),(0.81329293176531792,0.035000000149011612),(0.,0.035000000149011612)));
#8930=IFCINDEXEDPOLYCURVE(#8929,(IFCLINEINDEX((1,2,3,4,1))),$);
#8931=IFCARBITRARYCLOSEDPROFILEDEF(.AREA.,$,#8930);
#8932=IFCCARTESIANPOINT((0.02500000037252903,0.02500000037252903,0.02500000037252903));
#8933=IFCDIRECTION((0.,0.,1.));
#8934=IFCDIRECTION((1.,0.,0.));
#8935=IFCAXIS2PLACEMENT3D(#8932,#8933,#8934);
#8936=IFCDIRECTION((0.,0.,1.));
#8937=IFCEXTRUDEDAREASOLID(#8931,#8935,#8936,1.9499999992549419);
#8938=IFCCARTESIANPOINTLIST2D(((0.,0.),(0.,-0.040000000000000001),(-0.11999999999999988,-0.040000000000000001),(-0.11999999999999988,-0.02),(-0.020000000000000018,-0.02),(-0.020000000000000018,0.)));
#8939=IFCINDEXEDPOLYCURVE(#8938,(IFCLINEINDEX((1,2,3,4,5,6,1))),$);
#8940=IFCARBITRARYCLOSEDPROFILEDEF(.AREA.,$,#8939);
#8941=IFCCARTESIANPOINT((0.7882929321378469,0.02500000037252903,1.015000000372529));
#8942=IFCDIRECTION((0.,0.,1.));
#8943=IFCDIRECTION((1.,0.,0.));
#8944=IFCAXIS2PLACEMENT3D(#8941,#8942,#8943);
#8945=IFCDIRECTION((0.,0.,1.));
#8946=IFCEXTRUDEDAREASOLID(#8940,#8944,#8945,0.02);
#8947=IFCEXTRUDEDAREASOLID(#8948,#8951,#8955,0.02);
#8948=IFCARBITRARYCLOSEDPROFILEDEF(.AREA.,$,#8949);
#8949=IFCINDEXEDPOLYCURVE(#8950,(IFCLINEINDEX((1,2,3,4,5,6,1))),$);
#8950=IFCCARTESIANPOINTLIST2D(((0.,0.),(0.,0.040000000000000008),(-0.11999999999999988,0.040000000000000008),(-0.11999999999999988,0.020000000000000004),(-0.020000000000000018,0.020000000000000004),(-0.020000000000000018,0.)));
#8951=IFCAXIS2PLACEMENT3D(#8952,#8953,#8954);
#8952=IFCCARTESIANPOINT((0.7882929321378469,0.060000000521540642,1.015000000372529));
#8953=IFCDIRECTION((0.,0.,1.));
#8954=IFCDIRECTION((1.,0.,0.));
#8955=IFCDIRECTION((0.,0.,1.));
#8956=IFCSHAPEREPRESENTATION(#11,'Body','SweptSolid',(#8901,#8937,#8946,#8947,#8910,#8919,#8928));
#8957=IFCCARTESIANPOINTLIST2D(((0.,0.),(0.02500000037252903,0.),(0.02500000037252903,0.05000000074505806),(0.,0.05000000074505806)));
#8958=IFCINDEXEDPOLYCURVE(#8957,(IFCLINEINDEX((1,2,3,4,1))),$);
#8959=IFCINDEXEDPOLYCURVE(#8960,(IFCLINEINDEX((1,2,3,4,1))),$);
#8960=IFCCARTESIANPOINTLIST2D(((0.86329293251037598,0.),(0.83829293213784695,0.),(0.83829293213784695,0.05000000074505806),(0.86329293251037598,0.05000000074505806)));
#8961=IFCCARTESIANPOINTLIST2D(((0.02500000037252903,0.05000000074505806),(0.02500000037252903,-0.76329293102025986),(0.060000000521540642,-0.76329293102025986)));
#8962=IFCINDEXEDPOLYCURVE(#8961,$,$);
#8963=IFCDIRECTION((1.,0.));
#8964=IFCCARTESIANPOINT((0.060000000521540642,0.05000000074505806));
#8965=IFCAXIS2PLACEMENT2D(#8964,#8963);
#8966=IFCELLIPSE(#8965,0.7782929316163063,0.81329293176531792);
#8967=IFCCARTESIANPOINT((0.060000000521540642,-0.76329293102025986));
#8968=IFCCARTESIANPOINT((0.060000000521540642,0.86329293251037598));
#8969=IFCTRIMMEDCURVE(#8966,(#8967),(#8968),.T.,.CARTESIAN.);
#8970=IFCCARTESIANPOINTLIST2D(((0.02500000037252903,0.05000000074505806),(0.060000000521540642,0.05000000074505806),(0.060000000521540642,0.86329293251037598),(0.02500000037252903,0.86329293251037598)));
#8971=IFCINDEXEDPOLYCURVE(#8970,(IFCLINEINDEX((1,2,3,4,1))),$);
#8972=IFCSHAPEREPRESENTATION(#24,'Body','Curve2D',(#8958,#8959,#8962,#8969,#8971));
#8973=IFCCARTESIANPOINTLIST2D(((0.,0.),(0.86329293251037598,0.),(0.86329293251037598,2.),(0.,2.)));
#8974=IFCINDEXEDPOLYCURVE(#8973,(IFCLINEINDEX((1,2,3,4,1))),$);
#8975=IFCARBITRARYCLOSEDPROFILEDEF(.AREA.,$,#8974);
#8976=IFCCARTESIANPOINT((0.,-0.60000002384185791,0.));
#8977=IFCDIRECTION((0.,-1.,0.));
#8978=IFCDIRECTION((1.,0.,0.));
#8979=IFCAXIS2PLACEMENT3D(#8976,#8977,#8978);
#8980=IFCDIRECTION((0.,0.,-1.));
#8981=IFCEXTRUDEDAREASOLID(#8975,#8979,#8980,1.2);
#8982=IFCSHAPEREPRESENTATION(#11,'Body','SweptSolid',(#8981));
#8988=IFCCARTESIANPOINT((4.4122829425931602,0.014999596747811206,0.));
#8989=IFCDIRECTION((0.,0.,1.));
#8990=IFCDIRECTION((0.99999999999997147,-2.384185719961227E-07,0.));
#8991=IFCAXIS2PLACEMENT3D(#8988,#8989,#8990);
#8992=IFCLOCALPLACEMENT(#7326,#8991);
#8993=IFCCARTESIANPOINT((-8.8817841970012523E-16,0.,0.));
#8994=IFCDIRECTION((0.,0.,1.));
#8995=IFCDIRECTION((1.,5.2939559203393771E-23,0.));
#8996=IFCAXIS2PLACEMENT3D(#8993,#8994,#8995);
#8997=IFCLOCALPLACEMENT(#8992,#8996);
#8998=IFCDOORTYPE('0BeH6Tl8D428tnBsgzTiOp',$,'masters-2f',$,$,(#8999),(#9001,#9009,#9078),$,$,.DOOR.,.SINGLE_SWING_LEFT.,$,$);
#8999=IFCPROPERTYSET('1XQCZxERDBAQoQNJD$pE$u',$,'BBIM_Door',$,(#9000));
#9000=IFCPROPERTYSINGLEVALUE('Data',$,IFCTEXT('{"door_type": "DOUBLE_SWING_RIGHT", "overall_height": 2.0, "overall_width": 0.8119713068008423, "lining_properties": {"lining_depth": 0.05000000074505806, "lining_thickness": 0.05000000074505806, "lining_offset": 0.0, "lining_to_panel_offset_x": 0.02500000037252903, "lining_to_panel_offset_y": 0.02500000037252903, "transom_thickness": 0.0, "casing_thickness": 0.07500000298023224, "casing_depth": 0.004999999888241291, "threshold_thickness": 0.02500000037252903, "threshold_depth": 0.10000000149011612, "threshold_offset": 0.0}, "panel_properties": {"panel_depth": 0.03500000014901161, "panel_width_ratio": 1.0}}'),$);
#9001=IFCREPRESENTATIONMAP(#9002,#9166);
#9002=IFCAXIS2PLACEMENT3D(#9003,#9004,#9005);
#9003=IFCCARTESIANPOINT((0.,0.,0.));
#9004=IFCDIRECTION((0.,0.,1.));
#9005=IFCDIRECTION((1.,0.,0.));
#9009=IFCREPRESENTATIONMAP(#9010,#9230);
#9010=IFCAXIS2PLACEMENT3D(#9011,#9012,#9013);
#9011=IFCCARTESIANPOINT((0.,0.,0.));
#9012=IFCDIRECTION((0.,0.,1.));
#9013=IFCDIRECTION((1.,0.,0.));
#9078=IFCREPRESENTATIONMAP(#9079,#9250);
#9079=IFCAXIS2PLACEMENT3D(#9080,#9081,#9082);
#9080=IFCCARTESIANPOINT((0.,0.,0.));
#9081=IFCDIRECTION((0.,0.,1.));
#9082=IFCDIRECTION((1.,0.,0.));
#9099=IFCDOOR('0JSjrE4DbD3OImpXWevwA5',$,'Door',$,$,#9275,#9108,$,2.,0.81197130680084229,$,.DOUBLE_SWING_RIGHT.,$);
#9100=IFCRELDEFINESBYTYPE('1gsYzUCCn00RsXtC7CMFog',$,$,$,(#9099),#8998);
#9101=IFCCARTESIANPOINT((0.,0.,0.));
#9102=IFCDIRECTION((1.,0.,0.));
#9103=IFCDIRECTION((0.,1.,0.));
#9104=IFCDIRECTION((0.,0.,1.));
#9105=IFCCARTESIANTRANSFORMATIONOPERATOR3D(#9102,#9103,#9101,1.,#9104);
#9106=IFCMAPPEDITEM(#9001,#9105);
#9107=IFCSHAPEREPRESENTATION(#18,'Profile','MappedRepresentation',(#9106));
#9108=IFCPRODUCTDEFINITIONSHAPE($,$,(#9107,#9115,#9122));
#9109=IFCCARTESIANPOINT((0.,0.,0.));
#9110=IFCDIRECTION((1.,0.,0.));
#9111=IFCDIRECTION((0.,1.,0.));
#9112=IFCDIRECTION((0.,0.,1.));
#9113=IFCCARTESIANTRANSFORMATIONOPERATOR3D(#9110,#9111,#9109,1.,#9112);
#9114=IFCMAPPEDITEM(#9009,#9113);
#9115=IFCSHAPEREPRESENTATION(#11,'Body','MappedRepresentation',(#9114));
#9116=IFCCARTESIANPOINT((0.,0.,0.));
#9117=IFCDIRECTION((1.,0.,0.));
#9118=IFCDIRECTION((0.,1.,0.));
#9119=IFCDIRECTION((0.,0.,1.));
#9120=IFCCARTESIANTRANSFORMATIONOPERATOR3D(#9117,#9118,#9116,1.,#9119);
#9121=IFCMAPPEDITEM(#9078,#9120);
#9122=IFCSHAPEREPRESENTATION(#24,'Body','MappedRepresentation',(#9121));
#9123=IFCOPENINGELEMENT('3nJZtQ5KX7qQZSljt3gWxR',$,'Opening',$,$,#9270,#9151,$,.OPENING.);
#9139=IFCCARTESIANPOINT((0.,0.,0.));
#9140=IFCDIRECTION((1.,0.,0.));
#9141=IFCDIRECTION((0.,0.,1.));
#9142=IFCAXIS2PLACEMENT3D(#9139,#9141,#9140);
#9143=IFCREPRESENTATIONMAP(#9142,#9260);
#9144=IFCCARTESIANPOINT((0.,0.,0.));
#9145=IFCDIRECTION((1.,0.,0.));
#9146=IFCDIRECTION((0.,1.,0.));
#9147=IFCDIRECTION((0.,0.,1.));
#9148=IFCCARTESIANTRANSFORMATIONOPERATOR3D(#9145,#9146,#9144,1.,#9147);
#9149=IFCMAPPEDITEM(#9143,#9148);
#9150=IFCSHAPEREPRESENTATION(#11,'Body','MappedRepresentation',(#9149));
#9151=IFCPRODUCTDEFINITIONSHAPE($,$,(#9150));
#9152=IFCRELVOIDSELEMENT('2GkLJxg794yegtF7PKrTyj',$,$,$,#6685,#9123);
#9158=IFCRELFILLSELEMENT('0PqBkgJObFtxE0_MhxrOvz',$,$,$,#9123,#9099);
#9164=IFCCARTESIANPOINTLIST3D(((0.,0.,0.),(0.81197130680084229,0.,0.),(0.81197130680084229,0.,2.),(0.,0.,2.)));
#9165=IFCINDEXEDPOLYCURVE(#9164,(IFCLINEINDEX((1,2,3,4,1))),$);
#9166=IFCSHAPEREPRESENTATION(#18,'Profile','Curve3D',(#9165));
#9167=IFCCARTESIANPOINTLIST2D(((0.,0.),(0.,2.),(0.81197130680084229,2.),(0.81197130680084229,0.),(0.78697130642831326,0.),(0.78697130642831326,1.974999999627471),(0.02500000037252903,1.974999999627471),(0.02500000037252903,0.)));
#9168=IFCINDEXEDPOLYCURVE(#9167,(IFCLINEINDEX((1,2,3,4,5,6,7,8,1))),$);
#9169=IFCARBITRARYCLOSEDPROFILEDEF(.AREA.,$,#9168);
#9170=IFCCARTESIANPOINT((0.,0.,0.));
#9171=IFCDIRECTION((0.,-1.,0.));
#9172=IFCDIRECTION((1.,0.,0.));
#9173=IFCAXIS2PLACEMENT3D(#9170,#9171,#9172);
#9174=IFCDIRECTION((0.,0.,-1.));
#9175=IFCEXTRUDEDAREASOLID(#9169,#9173,#9174,0.05000000074505806);
#9176=IFCCARTESIANPOINTLIST2D(((0.,0.),(0.76197130605578423,0.),(0.76197130605578423,0.10000000149011612),(0.,0.10000000149011612)));
#9177=IFCINDEXEDPOLYCURVE(#9176,(IFCLINEINDEX((1,2,3,4,1))),$);
#9178=IFCARBITRARYCLOSEDPROFILEDEF(.AREA.,$,#9177);
#9179=IFCCARTESIANPOINT((0.02500000037252903,0.,0.));
#9180=IFCDIRECTION((0.,0.,1.));
#9181=IFCDIRECTION((1.,0.,0.));
#9182=IFCAXIS2PLACEMENT3D(#9179,#9180,#9181);
#9183=IFCDIRECTION((0.,0.,1.));
#9184=IFCEXTRUDEDAREASOLID(#9178,#9182,#9183,0.02500000037252903);
#9185=IFCCARTESIANPOINTLIST2D(((0.,0.),(0.,2.0250000022351742),(0.86197131127119064,2.0250000022351742),(0.86197131127119064,0.),(0.81197130866348743,0.),(0.81197130866348743,1.974999999627471),(0.050000002607703209,1.974999999627471),(0.050000002607703209,0.)));
#9186=IFCINDEXEDPOLYCURVE(#9185,(IFCLINEINDEX((1,2,3,4,5,6,7,8,1))),$);
#9187=IFCARBITRARYCLOSEDPROFILEDEF(.AREA.,$,#9186);
#9188=IFCCARTESIANPOINT((-0.025000002235174179,-0.004999999888241291,0.));
#9189=IFCDIRECTION((0.,-1.,0.));
#9190=IFCDIRECTION((1.,0.,0.));
#9191=IFCAXIS2PLACEMENT3D(#9188,#9189,#9190);
#9192=IFCDIRECTION((0.,0.,-1.));
#9193=IFCEXTRUDEDAREASOLID(#9187,#9191,#9192,0.004999999888241291);
#9194=IFCCARTESIANPOINTLIST2D(((0.,0.),(0.,2.0250000022351742),(0.86197131127119064,2.0250000022351742),(0.86197131127119064,0.),(0.81197130866348743,0.),(0.81197130866348743,1.974999999627471),(0.050000002607703209,1.974999999627471),(0.050000002607703209,0.)));
#9195=IFCINDEXEDPOLYCURVE(#9194,(IFCLINEINDEX((1,2,3,4,5,6,7,8,1))),$);
#9196=IFCARBITRARYCLOSEDPROFILEDEF(.AREA.,$,#9195);
#9197=IFCCARTESIANPOINT((-0.025000002235174179,0.05000000074505806,0.));
#9198=IFCDIRECTION((0.,-1.,0.));
#9199=IFCDIRECTION((1.,0.,0.));
#9200=IFCAXIS2PLACEMENT3D(#9197,#9198,#9199);
#9201=IFCDIRECTION((0.,0.,-1.));
#9202=IFCEXTRUDEDAREASOLID(#9196,#9200,#9201,0.004999999888241291);
#9203=IFCCARTESIANPOINTLIST2D(((0.,0.),(0.76197130605578423,0.),(0.76197130605578423,0.035000000149011612),(0.,0.035000000149011612)));
#9204=IFCINDEXEDPOLYCURVE(#9203,(IFCLINEINDEX((1,2,3,4,1))),$);
#9205=IFCARBITRARYCLOSEDPROFILEDEF(.AREA.,$,#9204);
#9206=IFCCARTESIANPOINT((0.02500000037252903,0.02500000037252903,0.02500000037252903));
#9207=IFCDIRECTION((0.,0.,1.));
#9208=IFCDIRECTION((1.,0.,0.));
#9209=IFCAXIS2PLACEMENT3D(#9206,#9207,#9208);
#9210=IFCDIRECTION((0.,0.,1.));
#9211=IFCEXTRUDEDAREASOLID(#9205,#9209,#9210,1.9499999992549419);
#9212=IFCCARTESIANPOINTLIST2D(((0.,0.),(0.,-0.040000000000000001),(0.12,-0.040000000000000001),(0.12,-0.02),(0.02,-0.02),(0.02,0.)));
#9213=IFCINDEXEDPOLYCURVE(#9212,(IFCLINEINDEX((1,2,3,4,5,6,1))),$);
#9214=IFCARBITRARYCLOSEDPROFILEDEF(.AREA.,$,#9213);
#9215=IFCCARTESIANPOINT((0.075000000372529033,0.02500000037252903,1.015000000372529));
#9216=IFCDIRECTION((0.,0.,1.));
#9217=IFCDIRECTION((1.,0.,0.));
#9218=IFCAXIS2PLACEMENT3D(#9215,#9216,#9217);
#9219=IFCDIRECTION((0.,0.,1.));
#9220=IFCEXTRUDEDAREASOLID(#9214,#9218,#9219,0.02);
#9221=IFCEXTRUDEDAREASOLID(#9222,#9225,#9229,0.02);
#9222=IFCARBITRARYCLOSEDPROFILEDEF(.AREA.,$,#9223);
#9223=IFCINDEXEDPOLYCURVE(#9224,(IFCLINEINDEX((1,2,3,4,5,6,1))),$);
#9224=IFCCARTESIANPOINTLIST2D(((0.,0.),(0.,0.040000000000000008),(0.11999999999999998,0.040000000000000008),(0.11999999999999998,0.020000000000000004),(0.020000000000000004,0.020000000000000004),(0.020000000000000004,0.)));
#9225=IFCAXIS2PLACEMENT3D(#9226,#9227,#9228);
#9226=IFCCARTESIANPOINT((0.075000000372529033,0.060000000521540642,1.015000000372529));
#9227=IFCDIRECTION((0.,0.,1.));
#9228=IFCDIRECTION((1.,0.,0.));
#9229=IFCDIRECTION((0.,0.,1.));
#9230=IFCSHAPEREPRESENTATION(#11,'Body','SweptSolid',(#9175,#9211,#9220,#9221,#9184,#9193,#9202));
#9231=IFCSHAPEREPRESENTATION(#11,'Body','SweptSolid',(#9175,#9184,#9193,#9202));
#9232=IFCSHAPEASPECT((#9231),'Lining',$,.T.,#9108);
#9233=IFCSHAPEREPRESENTATION(#11,'Body','SweptSolid',(#9211,#9220,#9221));
#9234=IFCSHAPEASPECT((#9233),'Framing',$,.T.,#9108);
#9235=IFCCARTESIANPOINTLIST2D(((0.,0.),(0.02500000037252903,0.),(0.02500000037252903,0.05000000074505806),(0.,0.05000000074505806)));
#9236=IFCINDEXEDPOLYCURVE(#9235,(IFCLINEINDEX((1,2,3,4,1))),$);
#9237=IFCINDEXEDPOLYCURVE(#9238,(IFCLINEINDEX((1,2,3,4,1))),$);
#9238=IFCCARTESIANPOINTLIST2D(((0.81197130680084229,0.),(0.78697130642831326,0.),(0.78697130642831326,0.05000000074505806),(0.81197130680084229,0.05000000074505806)));
#9239=IFCCARTESIANPOINTLIST2D(((0.78697130642831326,0.05000000074505806),(0.78697130642831326,-0.71197130531072617),(0.75197130627930164,-0.71197130531072617)));
#9240=IFCINDEXEDPOLYCURVE(#9239,$,$);
#9241=IFCDIRECTION((1.,0.));
#9242=IFCCARTESIANPOINT((0.75197130627930164,0.05000000074505806));
#9243=IFCAXIS2PLACEMENT2D(#9242,#9241);
#9244=IFCELLIPSE(#9243,0.72697130590677261,0.76197130605578423);
#9245=IFCCARTESIANPOINT((0.75197130627930164,0.81197130680084229));
#9246=IFCCARTESIANPOINT((0.75197130627930164,-0.71197130531072617));
#9247=IFCTRIMMEDCURVE(#9244,(#9245),(#9246),.T.,.CARTESIAN.);
#9248=IFCCARTESIANPOINTLIST2D(((0.78697130642831326,0.05000000074505806),(0.75197130627930164,0.05000000074505806),(0.75197130627930164,0.81197130680084229),(0.78697130642831326,0.81197130680084229)));
#9249=IFCINDEXEDPOLYCURVE(#9248,(IFCLINEINDEX((1,2,3,4,1))),$);
#9250=IFCSHAPEREPRESENTATION(#24,'Body','Curve2D',(#9236,#9237,#9240,#9247,#9249));
#9251=IFCCARTESIANPOINTLIST2D(((0.,0.),(0.81197130680084229,0.),(0.81197130680084229,2.),(0.,2.)));
#9252=IFCINDEXEDPOLYCURVE(#9251,(IFCLINEINDEX((1,2,3,4,1))),$);
#9253=IFCARBITRARYCLOSEDPROFILEDEF(.AREA.,$,#9252);
#9254=IFCCARTESIANPOINT((0.,-0.60000002384185791,0.));
#9255=IFCDIRECTION((0.,-1.,0.));
#9256=IFCDIRECTION((1.,0.,0.));
#9257=IFCAXIS2PLACEMENT3D(#9254,#9255,#9256);
#9258=IFCDIRECTION((0.,0.,-1.));
#9259=IFCEXTRUDEDAREASOLID(#9253,#9257,#9258,1.2);
#9260=IFCSHAPEREPRESENTATION(#11,'Body','SweptSolid',(#9259));
#9266=IFCCARTESIANPOINT((3.2197263229489828,0.014999715328545993,0.));
#9267=IFCDIRECTION((0.,0.,1.));
#9268=IFCDIRECTION((0.99999999999997147,-2.384185719961227E-07,0.));
#9269=IFCAXIS2PLACEMENT3D(#9266,#9267,#9268);
#9270=IFCLOCALPLACEMENT(#7326,#9269);
#9271=IFCCARTESIANPOINT((2.2204460492503131E-16,0.,0.));
#9272=IFCDIRECTION((0.,0.,1.));
#9273=IFCDIRECTION((1.,0.,0.));
#9274=IFCAXIS2PLACEMENT3D(#9271,#9272,#9273);
#9275=IFCLOCALPLACEMENT(#9270,#9274);
#9276=IFCDOORTYPE('0H2OuJ25v5CxaqfeDTgLWa',$,'balcony-2f',$,$,(#9277),(#9279,#9287,#9356,#9558),$,$,.DOOR.,.SINGLE_SWING_LEFT.,$,$);
#9277=IFCPROPERTYSET('0gbSG8QdrBa9Aw1d5AFFue',$,'BBIM_Door',$,(#9278));
#9278=IFCPROPERTYSINGLEVALUE('Data',$,IFCTEXT('{"door_type": "SLIDING_TO_LEFT", "overall_height": 2.0, "overall_width": 1.9963154792785645, "lining_properties": {"lining_depth": 0.05000000074505806, "lining_thickness": 0.05000000074505806, "lining_offset": 0.0, "transom_thickness": 0.0, "casing_thickness": 0.07500000298023224, "casing_depth": 0.004999999888241291, "threshold_thickness": 0.02500000037252903, "threshold_depth": 0.10000000149011612, "threshold_offset": 0.0}, "panel_properties": {"panel_depth": 0.03500000014901161, "panel_width_ratio": 1.0}}'),$);
#9279=IFCREPRESENTATIONMAP(#9280,#11487);
#9280=IFCAXIS2PLACEMENT3D(#9281,#9282,#9283);
#9281=IFCCARTESIANPOINT((0.,0.,0.));
#9282=IFCDIRECTION((0.,0.,1.));
#9283=IFCDIRECTION((1.,0.,0.));
#9287=IFCREPRESENTATIONMAP(#9288,#11551);
#9288=IFCAXIS2PLACEMENT3D(#9289,#9290,#9291);
#9289=IFCCARTESIANPOINT((0.,0.,0.));
#9290=IFCDIRECTION((0.,0.,1.));
#9291=IFCDIRECTION((1.,0.,0.));
#9356=IFCREPRESENTATIONMAP(#9357,#11558);
#9357=IFCAXIS2PLACEMENT3D(#9358,#9359,#9360);
#9358=IFCCARTESIANPOINT((0.,0.,0.));
#9359=IFCDIRECTION((0.,0.,1.));
#9360=IFCDIRECTION((1.,0.,0.));
#9377=IFCDOOR('2A76F5Bsf0ZQ6DFe3NZfER',$,'Door',$,$,#11588,#9386,$,2.,1.9963154792785645,$,.SLIDING_TO_LEFT.,$);
#9378=IFCRELDEFINESBYTYPE('3gBSHkX218KukPdz5lGrJo',$,$,$,(#9377),#9276);
#9379=IFCCARTESIANPOINT((0.,0.,0.));
#9380=IFCDIRECTION((1.,0.,0.));
#9381=IFCDIRECTION((0.,1.,0.));
#9382=IFCDIRECTION((0.,0.,1.));
#9383=IFCCARTESIANTRANSFORMATIONOPERATOR3D(#9380,#9381,#9379,1.,#9382);
#9384=IFCMAPPEDITEM(#9279,#9383);
#9385=IFCSHAPEREPRESENTATION(#18,'Profile','MappedRepresentation',(#9384));
#9386=IFCPRODUCTDEFINITIONSHAPE($,$,(#9385,#9393,#9400,#9565));
#9387=IFCCARTESIANPOINT((0.,0.,0.));
#9388=IFCDIRECTION((1.,0.,0.));
#9389=IFCDIRECTION((0.,1.,0.));
#9390=IFCDIRECTION((0.,0.,1.));
#9391=IFCCARTESIANTRANSFORMATIONOPERATOR3D(#9388,#9389,#9387,1.,#9390);
#9392=IFCMAPPEDITEM(#9287,#9391);
#9393=IFCSHAPEREPRESENTATION(#11,'Body','MappedRepresentation',(#9392));
#9394=IFCCARTESIANPOINT((0.,0.,0.));
#9395=IFCDIRECTION((1.,0.,0.));
#9396=IFCDIRECTION((0.,1.,0.));
#9397=IFCDIRECTION((0.,0.,1.));
#9398=IFCCARTESIANTRANSFORMATIONOPERATOR3D(#9395,#9396,#9394,1.,#9397);
#9399=IFCMAPPEDITEM(#9356,#9398);
#9400=IFCSHAPEREPRESENTATION(#24,'Body','MappedRepresentation',(#9399));
#9401=IFCOPENINGELEMENT('1z4R1zU2f1eR__6WRyBcdu',$,'Opening',$,$,#11583,#9429,$,.OPENING.);
#9417=IFCCARTESIANPOINT((0.,0.,0.));
#9418=IFCDIRECTION((1.,0.,0.));
#9419=IFCDIRECTION((0.,0.,1.));
#9420=IFCAXIS2PLACEMENT3D(#9417,#9419,#9418);
#9421=IFCREPRESENTATIONMAP(#9420,#11573);
#9422=IFCCARTESIANPOINT((0.,0.,0.));
#9423=IFCDIRECTION((1.,0.,0.));
#9424=IFCDIRECTION((0.,1.,0.));
#9425=IFCDIRECTION((0.,0.,1.));
#9426=IFCCARTESIANTRANSFORMATIONOPERATOR3D(#9423,#9424,#9422,1.,#9425);
#9427=IFCMAPPEDITEM(#9421,#9426);
#9428=IFCSHAPEREPRESENTATION(#11,'Body','MappedRepresentation',(#9427));
#9429=IFCPRODUCTDEFINITIONSHAPE($,$,(#9428));
#9430=IFCRELVOIDSELEMENT('2kBpwsoTz6bOJdwjCN0b$G',$,$,$,#5634,#9401);
#9436=IFCRELFILLSELEMENT('1PJ1JhCiTDEhDZTRDaYyYR',$,$,$,#9401,#9377);
#9445=IFCCARTESIANPOINTLIST2D(((0.,0.),(0.,2.),(1.9963154792785645,2.),(1.9963154792785645,0.),(1.9463154785335064,0.),(1.9463154785335064,1.9499999992549419),(0.05000000074505806,1.9499999992549419),(0.05000000074505806,0.)));
#9446=IFCINDEXEDPOLYCURVE(#9445,(IFCLINEINDEX((1,2,3,4,5,6,7,8,1))),$);
#9447=IFCARBITRARYCLOSEDPROFILEDEF(.AREA.,$,#9446);
#9448=IFCCARTESIANPOINT((0.,0.,0.));
#9449=IFCDIRECTION((0.,-1.,0.));
#9450=IFCDIRECTION((1.,0.,0.));
#9451=IFCAXIS2PLACEMENT3D(#9448,#9449,#9450);
#9452=IFCDIRECTION((0.,0.,-1.));
#9453=IFCEXTRUDEDAREASOLID(#9447,#9451,#9452,0.05000000074505806);
#9454=IFCCARTESIANPOINTLIST2D(((0.,0.),(1.8963154777884483,0.),(1.8963154777884483,0.10000000149011612),(0.,0.10000000149011612)));
#9455=IFCINDEXEDPOLYCURVE(#9454,(IFCLINEINDEX((1,2,3,4,1))),$);
#9456=IFCARBITRARYCLOSEDPROFILEDEF(.AREA.,$,#9455);
#9457=IFCCARTESIANPOINT((0.05000000074505806,0.,0.));
#9458=IFCDIRECTION((0.,0.,1.));
#9459=IFCDIRECTION((1.,0.,0.));
#9460=IFCAXIS2PLACEMENT3D(#9457,#9458,#9459);
#9461=IFCDIRECTION((0.,0.,1.));
#9462=IFCEXTRUDEDAREASOLID(#9456,#9460,#9461,0.02500000037252903);
#9463=IFCCARTESIANPOINTLIST2D(((0.,0.),(0.,2.0250000022351742),(2.0463154837489128,2.0250000022351742),(2.0463154837489128,0.),(1.9713154807686806,0.),(1.9713154807686806,1.9499999992549419),(0.075000002980232239,1.9499999992549419),(0.075000002980232239,0.)));
#9464=IFCINDEXEDPOLYCURVE(#9463,(IFCLINEINDEX((1,2,3,4,5,6,7,8,1))),$);
#9465=IFCARBITRARYCLOSEDPROFILEDEF(.AREA.,$,#9464);
#9466=IFCCARTESIANPOINT((-0.025000002235174179,-0.004999999888241291,0.));
#9467=IFCDIRECTION((0.,-1.,0.));
#9468=IFCDIRECTION((1.,0.,0.));
#9469=IFCAXIS2PLACEMENT3D(#9466,#9467,#9468);
#9470=IFCDIRECTION((0.,0.,-1.));
#9471=IFCEXTRUDEDAREASOLID(#9465,#9469,#9470,0.004999999888241291);
#9472=IFCCARTESIANPOINTLIST2D(((0.,0.),(0.,2.0250000022351742),(2.0463154837489128,2.0250000022351742),(2.0463154837489128,0.),(1.9713154807686806,0.),(1.9713154807686806,1.9499999992549419),(0.075000002980232239,1.9499999992549419),(0.075000002980232239,0.)));
#9473=IFCINDEXEDPOLYCURVE(#9472,(IFCLINEINDEX((1,2,3,4,5,6,7,8,1))),$);
#9474=IFCARBITRARYCLOSEDPROFILEDEF(.AREA.,$,#9473);
#9475=IFCCARTESIANPOINT((-0.025000002235174179,0.05000000074505806,0.));
#9476=IFCDIRECTION((0.,-1.,0.));
#9477=IFCDIRECTION((1.,0.,0.));
#9478=IFCAXIS2PLACEMENT3D(#9475,#9476,#9477);
#9479=IFCDIRECTION((0.,0.,-1.));
#9480=IFCEXTRUDEDAREASOLID(#9474,#9478,#9479,0.004999999888241291);
#9481=IFCCARTESIANPOINTLIST2D(((0.,0.),(0.94715773889422417,0.),(0.94715773889422417,0.035000000149011612),(0.,0.035000000149011612)));
#9482=IFCINDEXEDPOLYCURVE(#9481,(IFCLINEINDEX((1,2,3,4,1))),$);
#9483=IFCARBITRARYCLOSEDPROFILEDEF(.AREA.,$,#9482);
#9484=IFCCARTESIANPOINT((0.05000000074505806,-0.035000000149011612,0.02500000037252903));
#9485=IFCDIRECTION((0.,0.,1.));
#9486=IFCDIRECTION((1.,0.,0.));
#9487=IFCAXIS2PLACEMENT3D(#9484,#9485,#9486);
#9488=IFCDIRECTION((0.,0.,1.));
#9489=IFCEXTRUDEDAREASOLID(#9483,#9487,#9488,1.9249999988824129);
#9490=IFCCARTESIANPOINTLIST2D(((0.,0.),(0.,-0.040000000000000008),(-0.11999999999999988,-0.040000000000000008),(-0.11999999999999988,-0.020000000000000004),(-0.020000000000000018,-0.020000000000000004),(-0.020000000000000018,0.)));
#9491=IFCINDEXEDPOLYCURVE(#9490,(IFCLINEINDEX((1,2,3,4,5,6,1))),$);
#9492=IFCARBITRARYCLOSEDPROFILEDEF(.AREA.,$,#9491);
#9493=IFCCARTESIANPOINT((0.94715773963928229,-0.035000000149011612,1.015000000372529));
#9494=IFCDIRECTION((0.,0.,1.));
#9495=IFCDIRECTION((1.,0.,0.));
#9496=IFCAXIS2PLACEMENT3D(#9493,#9494,#9495);
#9497=IFCDIRECTION((0.,0.,1.));
#9498=IFCEXTRUDEDAREASOLID(#9492,#9496,#9497,0.02);
#9499=IFCEXTRUDEDAREASOLID(#9500,#9503,#9507,0.02);
#9500=IFCARBITRARYCLOSEDPROFILEDEF(.AREA.,$,#9501);
#9501=IFCINDEXEDPOLYCURVE(#9502,(IFCLINEINDEX((1,2,3,4,5,6,1))),$);
#9502=IFCCARTESIANPOINTLIST2D(((0.,0.),(0.,0.040000000000000008),(-0.11999999999999988,0.040000000000000008),(-0.11999999999999988,0.020000000000000004),(-0.020000000000000018,0.020000000000000004),(-0.020000000000000018,0.)));
#9503=IFCAXIS2PLACEMENT3D(#9504,#9505,#9506);
#9504=IFCCARTESIANPOINT((0.94715773963928229,0.,1.015000000372529));
#9505=IFCDIRECTION((0.,0.,1.));
#9506=IFCDIRECTION((1.,0.,0.));
#9507=IFCDIRECTION((0.,0.,1.));
#9508=IFCEXTRUDEDAREASOLID(#9509,#9512,#9516,1.9249999988824129);
#9509=IFCARBITRARYCLOSEDPROFILEDEF(.AREA.,$,#9510);
#9510=IFCINDEXEDPOLYCURVE(#9511,(IFCLINEINDEX((1,2,3,4,1))),$);
#9511=IFCCARTESIANPOINTLIST2D(((0.,0.),(-0.94715773889422417,0.),(-0.94715773889422417,0.035000000149011612),(0.,0.035000000149011612)));
#9512=IFCAXIS2PLACEMENT3D(#9513,#9514,#9515);
#9513=IFCCARTESIANPOINT((1.9463154785335064,-0.035000000149011612,0.02500000037252903));
#9514=IFCDIRECTION((0.,0.,1.));
#9515=IFCDIRECTION((1.,0.,0.));
#9516=IFCDIRECTION((0.,0.,1.));
#9517=IFCEXTRUDEDAREASOLID(#9518,#9521,#9525,0.02);
#9518=IFCARBITRARYCLOSEDPROFILEDEF(.AREA.,$,#9519);
#9519=IFCINDEXEDPOLYCURVE(#9520,(IFCLINEINDEX((1,2,3,4,5,6,1))),$);
#9520=IFCCARTESIANPOINTLIST2D(((0.,0.),(0.,-0.040000000000000008),(0.11999999999999988,-0.040000000000000008),(0.11999999999999988,-0.020000000000000004),(0.020000000000000018,-0.020000000000000004),(0.020000000000000018,0.)));
#9521=IFCAXIS2PLACEMENT3D(#9522,#9523,#9524);
#9522=IFCCARTESIANPOINT((1.0491577396392822,-0.035000000149011612,1.015000000372529));
#9523=IFCDIRECTION((0.,0.,1.));
#9524=IFCDIRECTION((1.,0.,0.));
#9525=IFCDIRECTION((0.,0.,1.));
#9526=IFCEXTRUDEDAREASOLID(#9527,#9530,#9534,0.02);
#9527=IFCARBITRARYCLOSEDPROFILEDEF(.AREA.,$,#9528);
#9528=IFCINDEXEDPOLYCURVE(#9529,(IFCLINEINDEX((1,2,3,4,5,6,1))),$);
#9529=IFCCARTESIANPOINTLIST2D(((0.,0.),(0.,0.040000000000000008),(0.11999999999999988,0.040000000000000008),(0.11999999999999988,0.020000000000000004),(0.020000000000000018,0.020000000000000004),(0.020000000000000018,0.)));
#9530=IFCAXIS2PLACEMENT3D(#9531,#9532,#9533);
#9531=IFCCARTESIANPOINT((1.0491577396392822,0.,1.015000000372529));
#9532=IFCDIRECTION((0.,0.,1.));
#9533=IFCDIRECTION((1.,0.,0.));
#9534=IFCDIRECTION((0.,0.,1.));
#9536=IFCSHAPEREPRESENTATION(#11,'Body','SweptSolid',(#11523,#9620,#9471,#11505,#9611,#9462,#9602,#9453,#9480,#9629,#11496,#11514));
#9537=IFCSHAPEASPECT((#9536),'Lining',$,.T.,#9386);
#9538=IFCSHAPEREPRESENTATION(#11,'Body','SweptSolid',(#9647,#9526,#9638,#9508,#9517,#9498,#9499,#9489,#9648,#11541,#11542,#11532));
#9539=IFCSHAPEASPECT((#9538),'Framing',$,.T.,#9386);
#9554=IFCCARTESIANPOINT((0.,0.,0.));
#9555=IFCDIRECTION((1.,0.,0.));
#9556=IFCDIRECTION((0.,0.,1.));
#9557=IFCAXIS2PLACEMENT3D(#9554,#9556,#9555);
#9558=IFCREPRESENTATIONMAP(#9557,#11563);
#9559=IFCCARTESIANPOINT((0.,0.,0.));
#9560=IFCDIRECTION((1.,0.,0.));
#9561=IFCDIRECTION((0.,1.,0.));
#9562=IFCDIRECTION((0.,0.,1.));
#9563=IFCCARTESIANTRANSFORMATIONOPERATOR3D(#9560,#9561,#9559,1.,#9562);
#9564=IFCMAPPEDITEM(#9558,#9563);
#9565=IFCSHAPEREPRESENTATION(#25,'Annotation','MappedRepresentation',(#9564));
#9594=IFCCARTESIANPOINTLIST2D(((0.,0.),(0.,2.),(1.9963154792785645,2.),(1.9963154792785645,0.),(1.9463154785335064,0.),(1.9463154785335064,1.9499999992549419),(0.05000000074505806,1.9499999992549419),(0.05000000074505806,0.)));
#9595=IFCINDEXEDPOLYCURVE(#9594,(IFCLINEINDEX((1,2,3,4,5,6,7,8,1))),$);
#9596=IFCARBITRARYCLOSEDPROFILEDEF(.AREA.,$,#9595);
#9597=IFCCARTESIANPOINT((0.,0.,0.));
#9598=IFCDIRECTION((0.,-1.,0.));
#9599=IFCDIRECTION((1.,0.,0.));
#9600=IFCAXIS2PLACEMENT3D(#9597,#9598,#9599);
#9601=IFCDIRECTION((0.,0.,-1.));
#9602=IFCEXTRUDEDAREASOLID(#9596,#9600,#9601,0.05000000074505806);
#9603=IFCCARTESIANPOINTLIST2D(((0.,0.),(1.8963154777884483,0.),(1.8963154777884483,0.10000000149011612),(0.,0.10000000149011612)));
#9604=IFCINDEXEDPOLYCURVE(#9603,(IFCLINEINDEX((1,2,3,4,1))),$);
#9605=IFCARBITRARYCLOSEDPROFILEDEF(.AREA.,$,#9604);
#9606=IFCCARTESIANPOINT((0.05000000074505806,0.,0.));
#9607=IFCDIRECTION((0.,0.,1.));
#9608=IFCDIRECTION((1.,0.,0.));
#9609=IFCAXIS2PLACEMENT3D(#9606,#9607,#9608);
#9610=IFCDIRECTION((0.,0.,1.));
#9611=IFCEXTRUDEDAREASOLID(#9605,#9609,#9610,0.02500000037252903);
#9612=IFCCARTESIANPOINTLIST2D(((0.,0.),(0.,2.0250000022351742),(2.0463154837489128,2.0250000022351742),(2.0463154837489128,0.),(1.9713154807686806,0.),(1.9713154807686806,1.9499999992549419),(0.075000002980232239,1.9499999992549419),(0.075000002980232239,0.)));
#9613=IFCINDEXEDPOLYCURVE(#9612,(IFCLINEINDEX((1,2,3,4,5,6,7,8,1))),$);
#9614=IFCARBITRARYCLOSEDPROFILEDEF(.AREA.,$,#9613);
#9615=IFCCARTESIANPOINT((-0.025000002235174179,-0.004999999888241291,0.));
#9616=IFCDIRECTION((0.,-1.,0.));
#9617=IFCDIRECTION((1.,0.,0.));
#9618=IFCAXIS2PLACEMENT3D(#9615,#9616,#9617);
#9619=IFCDIRECTION((0.,0.,-1.));
#9620=IFCEXTRUDEDAREASOLID(#9614,#9618,#9619,0.004999999888241291);
#9621=IFCCARTESIANPOINTLIST2D(((0.,0.),(0.,2.0250000022351742),(2.0463154837489128,2.0250000022351742),(2.0463154837489128,0.),(1.9713154807686806,0.),(1.9713154807686806,1.9499999992549419),(0.075000002980232239,1.9499999992549419),(0.075000002980232239,0.)));
#9622=IFCINDEXEDPOLYCURVE(#9621,(IFCLINEINDEX((1,2,3,4,5,6,7,8,1))),$);
#9623=IFCARBITRARYCLOSEDPROFILEDEF(.AREA.,$,#9622);
#9624=IFCCARTESIANPOINT((-0.025000002235174179,0.05000000074505806,0.));
#9625=IFCDIRECTION((0.,-1.,0.));
#9626=IFCDIRECTION((1.,0.,0.));
#9627=IFCAXIS2PLACEMENT3D(#9624,#9625,#9626);
#9628=IFCDIRECTION((0.,0.,-1.));
#9629=IFCEXTRUDEDAREASOLID(#9623,#9627,#9628,0.004999999888241291);
#9630=IFCCARTESIANPOINTLIST2D(((0.,0.),(1.8963154777884483,0.),(1.8963154777884483,0.035000000149011612),(0.,0.035000000149011612)));
#9631=IFCINDEXEDPOLYCURVE(#9630,(IFCLINEINDEX((1,2,3,4,1))),$);
#9632=IFCARBITRARYCLOSEDPROFILEDEF(.AREA.,$,#9631);
#9633=IFCCARTESIANPOINT((0.05000000074505806,-0.035000000149011612,0.02500000037252903));
#9634=IFCDIRECTION((0.,0.,1.));
#9635=IFCDIRECTION((1.,0.,0.));
#9636=IFCAXIS2PLACEMENT3D(#9633,#9634,#9635);
#9637=IFCDIRECTION((0.,0.,1.));
#9638=IFCEXTRUDEDAREASOLID(#9632,#9636,#9637,1.9249999988824129);
#9639=IFCCARTESIANPOINTLIST2D(((0.,0.),(0.,-0.040000000000000008),(-0.11999999999999988,-0.040000000000000008),(-0.11999999999999988,-0.020000000000000004),(-0.020000000000000018,-0.020000000000000004),(-0.020000000000000018,0.)));
#9640=IFCINDEXEDPOLYCURVE(#9639,(IFCLINEINDEX((1,2,3,4,5,6,1))),$);
#9641=IFCARBITRARYCLOSEDPROFILEDEF(.AREA.,$,#9640);
#9642=IFCCARTESIANPOINT((1.8963154785335063,-0.035000000149011612,1.015000000372529));
#9643=IFCDIRECTION((0.,0.,1.));
#9644=IFCDIRECTION((1.,0.,0.));
#9645=IFCAXIS2PLACEMENT3D(#9642,#9643,#9644);
#9646=IFCDIRECTION((0.,0.,1.));
#9647=IFCEXTRUDEDAREASOLID(#9641,#9645,#9646,0.02);
#9648=IFCEXTRUDEDAREASOLID(#9649,#9652,#9656,0.02);
#9649=IFCARBITRARYCLOSEDPROFILEDEF(.AREA.,$,#9650);
#9650=IFCINDEXEDPOLYCURVE(#9651,(IFCLINEINDEX((1,2,3,4,5,6,1))),$);
#9651=IFCCARTESIANPOINTLIST2D(((0.,0.),(0.,0.040000000000000008),(-0.11999999999999988,0.040000000000000008),(-0.11999999999999988,0.020000000000000004),(-0.020000000000000018,0.020000000000000004),(-0.020000000000000018,0.)));
#9652=IFCAXIS2PLACEMENT3D(#9653,#9654,#9655);
#9653=IFCCARTESIANPOINT((1.8963154785335063,0.,1.015000000372529));
#9654=IFCDIRECTION((0.,0.,1.));
#9655=IFCDIRECTION((1.,0.,0.));
#9656=IFCDIRECTION((0.,0.,1.));
#9695=IFCWINDOWTYPE('2yE3enRXf80vaOhVfdy0Ke',$,'masters-gf',$,$,(#9696),(#9698,#9706,#9754),$,$,.WINDOW.,.SINGLE_PANEL.,$,$);
#9696=IFCPROPERTYSET('03iiUbZOX6XxhAf_ALARPn',$,'BBIM_Window',$,(#9697));
#9697=IFCPROPERTYSINGLEVALUE('Data',$,IFCTEXT('{"window_type": "SINGLE_PANEL", "overall_height": 0.8999999761581421, "overall_width": 0.800000011920929, "lining_properties": {"lining_depth": 0.05000000074505806, "lining_thickness": 0.05000000074505806, "lining_offset": 0.05000000074505806, "lining_to_panel_offset_x": 0.02500000037252903, "lining_to_panel_offset_y": 0.02500000037252903}, "panel_properties": {"frame_depth": [0.03500000014901161, 0.03500000014901161, 0.03500000014901161], "frame_thickness": [0.03500000014901161, 0.03500000014901161, 0.03500000014901161]}}'),$);
#9698=IFCREPRESENTATIONMAP(#9699,#10140);
#9699=IFCAXIS2PLACEMENT3D(#9700,#9701,#9702);
#9700=IFCCARTESIANPOINT((0.,0.,0.));
#9701=IFCDIRECTION((0.,0.,1.));
#9702=IFCDIRECTION((1.,0.,0.));
#9706=IFCREPRESENTATIONMAP(#9707,#10183);
#9707=IFCAXIS2PLACEMENT3D(#9708,#9709,#9710);
#9708=IFCCARTESIANPOINT((0.,0.,0.));
#9709=IFCDIRECTION((0.,0.,1.));
#9710=IFCDIRECTION((1.,0.,0.));
#9754=IFCREPRESENTATIONMAP(#9755,#10200);
#9755=IFCAXIS2PLACEMENT3D(#9756,#9757,#9758);
#9756=IFCCARTESIANPOINT((0.,0.,0.));
#9757=IFCDIRECTION((0.,0.,1.));
#9758=IFCDIRECTION((1.,0.,0.));
#9776=IFCWINDOW('2zACnOkjn61g$ceKGedUZ$',$,'Window',$,$,#10225,#9785,$,0.89999997615814209,0.80000001192092896,$,.SINGLE_PANEL.,$);
#9777=IFCRELDEFINESBYTYPE('2OE77gykj2mPT1y2CG9IeB',$,$,$,(#9776,#9950),#9695);
#9778=IFCCARTESIANPOINT((0.,0.,0.));
#9779=IFCDIRECTION((1.,0.,0.));
#9780=IFCDIRECTION((0.,1.,0.));
#9781=IFCDIRECTION((0.,0.,1.));
#9782=IFCCARTESIANTRANSFORMATIONOPERATOR3D(#9779,#9780,#9778,1.,#9781);
#9783=IFCMAPPEDITEM(#9698,#9782);
#9784=IFCSHAPEREPRESENTATION(#18,'Profile','MappedRepresentation',(#9783));
#9785=IFCPRODUCTDEFINITIONSHAPE($,$,(#9784,#9792,#9799));
#9786=IFCCARTESIANPOINT((0.,0.,0.));
#9787=IFCDIRECTION((1.,0.,0.));
#9788=IFCDIRECTION((0.,1.,0.));
#9789=IFCDIRECTION((0.,0.,1.));
#9790=IFCCARTESIANTRANSFORMATIONOPERATOR3D(#9787,#9788,#9786,1.,#9789);
#9791=IFCMAPPEDITEM(#9706,#9790);
#9792=IFCSHAPEREPRESENTATION(#11,'Body','MappedRepresentation',(#9791));
#9793=IFCCARTESIANPOINT((0.,0.,0.));
#9794=IFCDIRECTION((1.,0.,0.));
#9795=IFCDIRECTION((0.,1.,0.));
#9796=IFCDIRECTION((0.,0.,1.));
#9797=IFCCARTESIANTRANSFORMATIONOPERATOR3D(#9794,#9795,#9793,1.,#9796);
#9798=IFCMAPPEDITEM(#9754,#9797);
#9799=IFCSHAPEREPRESENTATION(#24,'Body','MappedRepresentation',(#9798));
#9800=IFCOPENINGELEMENT('3hhX8jRWLF_BC_dsjGn_nx',$,'Opening',$,$,#10220,#9828,$,.OPENING.);
#9816=IFCCARTESIANPOINT((0.,0.,0.));
#9817=IFCDIRECTION((1.,0.,0.));
#9818=IFCDIRECTION((0.,0.,1.));
#9819=IFCAXIS2PLACEMENT3D(#9816,#9818,#9817);
#9820=IFCREPRESENTATIONMAP(#9819,#10210);
#9821=IFCCARTESIANPOINT((0.,0.,0.));
#9822=IFCDIRECTION((1.,0.,0.));
#9823=IFCDIRECTION((0.,1.,0.));
#9824=IFCDIRECTION((0.,0.,1.));
#9825=IFCCARTESIANTRANSFORMATIONOPERATOR3D(#9822,#9823,#9821,1.,#9824);
#9826=IFCMAPPEDITEM(#9820,#9825);
#9827=IFCSHAPEREPRESENTATION(#11,'Body','MappedRepresentation',(#9826));
#9828=IFCPRODUCTDEFINITIONSHAPE($,$,(#9827));
#9829=IFCRELVOIDSELEMENT('2wa6eg7fb11uE9HTsKfeZV',$,$,$,#5609,#9800);
#9835=IFCRELFILLSELEMENT('1p5KswYU9AKfZyR1uvN6Ra',$,$,$,#9800,#9776);
#9859=IFCCARTESIANPOINTLIST2D(((0.,0.),(0.80000013113021851,0.),(0.80000013113021851,0.89999997615814209),(0.,0.89999997615814209)));
#9860=IFCINDEXEDPOLYCURVE(#9859,(IFCLINEINDEX((1,2,3,4,1))),$);
#9861=IFCCARTESIANPOINTLIST2D(((0.02500000037252903,0.02500000037252903),(0.77500013075768948,0.02500000037252903),(0.77500013075768948,0.87499997578561306),(0.02500000037252903,0.87499997578561306)));
#9862=IFCINDEXEDPOLYCURVE(#9861,(IFCLINEINDEX((1,2,3,4,1))),$);
#9863=IFCARBITRARYPROFILEDEFWITHVOIDS(.AREA.,$,#9860,(#9862));
#9864=IFCCARTESIANPOINT((0.,0.090000001713633537,0.));
#9865=IFCDIRECTION((0.,-1.,0.));
#9866=IFCDIRECTION((1.,0.,0.));
#9867=IFCAXIS2PLACEMENT3D(#9864,#9865,#9866);
#9868=IFCDIRECTION((0.,0.,-1.));
#9869=IFCEXTRUDEDAREASOLID(#9863,#9867,#9868,0.0099999997764825821);
#9870=IFCCARTESIANPOINTLIST2D(((0.,0.),(0.80000013113021851,0.),(0.80000013113021851,0.89999997615814209),(0.,0.89999997615814209)));
#9871=IFCINDEXEDPOLYCURVE(#9870,(IFCLINEINDEX((1,2,3,4,1))),$);
#9872=IFCCARTESIANPOINTLIST2D(((0.05000000074505806,0.05000000074505806),(0.75000013038516045,0.05000000074505806),(0.75000013038516045,0.84999997541308403),(0.05000000074505806,0.84999997541308403)));
#9873=IFCINDEXEDPOLYCURVE(#9872,(IFCLINEINDEX((1,2,3,4,1))),$);
#9874=IFCARBITRARYPROFILEDEFWITHVOIDS(.AREA.,$,#9871,(#9873));
#9875=IFCCARTESIANPOINT((0.,0.05000000074505806,0.));
#9876=IFCDIRECTION((0.,-1.,0.));
#9877=IFCDIRECTION((1.,0.,0.));
#9878=IFCAXIS2PLACEMENT3D(#9875,#9876,#9877);
#9879=IFCDIRECTION((0.,0.,-1.));
#9880=IFCEXTRUDEDAREASOLID(#9874,#9878,#9879,0.040000000968575478);
#9881=IFCCARTESIANPOINTLIST2D(((0.,0.),(0.75000013038516045,0.),(0.75000013038516045,0.84999997541308403),(0.,0.84999997541308403)));
#9882=IFCINDEXEDPOLYCURVE(#9881,(IFCLINEINDEX((1,2,3,4,1))),$);
#9883=IFCCARTESIANPOINTLIST2D(((0.035000000149011612,0.035000000149011612),(0.71500013023614883,0.035000000149011612),(0.71500013023614883,0.81499997526407242),(0.035000000149011612,0.81499997526407242)));
#9884=IFCINDEXEDPOLYCURVE(#9883,(IFCLINEINDEX((1,2,3,4,1))),$);
#9885=IFCARBITRARYPROFILEDEFWITHVOIDS(.AREA.,$,#9882,(#9884));
#9886=IFCCARTESIANPOINT((0.02500000037252903,0.090000001713633537,0.02500000037252903));
#9887=IFCDIRECTION((0.,-1.,0.));
#9888=IFCDIRECTION((1.,0.,0.));
#9889=IFCAXIS2PLACEMENT3D(#9886,#9887,#9888);
#9890=IFCDIRECTION((0.,0.,-1.));
#9891=IFCEXTRUDEDAREASOLID(#9885,#9889,#9890,0.035000000149011612);
#9892=IFCINDEXEDPOLYCURVE(#9893,(IFCLINEINDEX((1,2,3,4,1))),$);
#9893=IFCCARTESIANPOINTLIST2D(((0.035000000149011612,0.035000000149011612),(0.71500013023614883,0.035000000149011612),(0.71500013023614883,0.81499997526407242),(0.035000000149011612,0.81499997526407242)));
#9894=IFCARBITRARYCLOSEDPROFILEDEF(.AREA.,$,#9892);
#9895=IFCCARTESIANPOINT((0.02500000037252903,0.10250000178813934,0.02500000037252903));
#9896=IFCDIRECTION((0.,-1.,0.));
#9897=IFCDIRECTION((1.,0.,0.));
#9898=IFCAXIS2PLACEMENT3D(#9895,#9896,#9897);
#9899=IFCDIRECTION((0.,0.,-1.));
#9900=IFCEXTRUDEDAREASOLID(#9894,#9898,#9899,0.01);
#9902=IFCSHAPEREPRESENTATION(#11,'Body','SweptSolid',(#9869,#9880));
#9903=IFCSHAPEASPECT((#9902),'Lining',$,.T.,#9785);
#9904=IFCSHAPEREPRESENTATION(#11,'Body','SweptSolid',(#9891));
#9905=IFCSHAPEASPECT((#9904),'Framing',$,.T.,#9785);
#9906=IFCSHAPEREPRESENTATION(#11,'Body','SweptSolid',(#9900));
#9907=IFCSHAPEASPECT((#9906),'Glazing',$,.T.,#9785);
#9950=IFCWINDOW('2XqlzmaG513wRjQkUwvH2r',$,'Window',$,$,#10240,#9958,$,0.89999997615814209,0.80000001192092896,$,.SINGLE_PANEL.,$);
#9951=IFCCARTESIANPOINT((0.,0.,0.));
#9952=IFCDIRECTION((1.,0.,0.));
#9953=IFCDIRECTION((0.,1.,0.));
#9954=IFCDIRECTION((0.,0.,1.));
#9955=IFCCARTESIANTRANSFORMATIONOPERATOR3D(#9952,#9953,#9951,1.,#9954);
#9956=IFCMAPPEDITEM(#9698,#9955);
#9957=IFCSHAPEREPRESENTATION(#18,'Profile','MappedRepresentation',(#9956));
#9958=IFCPRODUCTDEFINITIONSHAPE($,$,(#9957,#9965,#9972));
#9959=IFCCARTESIANPOINT((0.,0.,0.));
#9960=IFCDIRECTION((1.,0.,0.));
#9961=IFCDIRECTION((0.,1.,0.));
#9962=IFCDIRECTION((0.,0.,1.));
#9963=IFCCARTESIANTRANSFORMATIONOPERATOR3D(#9960,#9961,#9959,1.,#9962);
#9964=IFCMAPPEDITEM(#9706,#9963);
#9965=IFCSHAPEREPRESENTATION(#11,'Body','MappedRepresentation',(#9964));
#9966=IFCCARTESIANPOINT((0.,0.,0.));
#9967=IFCDIRECTION((1.,0.,0.));
#9968=IFCDIRECTION((0.,1.,0.));
#9969=IFCDIRECTION((0.,0.,1.));
#9970=IFCCARTESIANTRANSFORMATIONOPERATOR3D(#9967,#9968,#9966,1.,#9969);
#9971=IFCMAPPEDITEM(#9754,#9970);
#9972=IFCSHAPEREPRESENTATION(#24,'Body','MappedRepresentation',(#9971));
#9973=IFCOPENINGELEMENT('2pA3d4KEj2ZOWc_Zd$aex6',$,'Opening',$,$,#10235,#9986,$,.OPENING.);
#9979=IFCCARTESIANPOINT((0.,0.,0.));
#9980=IFCDIRECTION((1.,0.,0.));
#9981=IFCDIRECTION((0.,1.,0.));
#9982=IFCDIRECTION((0.,0.,1.));
#9983=IFCCARTESIANTRANSFORMATIONOPERATOR3D(#9980,#9981,#9979,1.,#9982);
#9984=IFCMAPPEDITEM(#9820,#9983);
#9985=IFCSHAPEREPRESENTATION(#11,'Body','MappedRepresentation',(#9984));
#9986=IFCPRODUCTDEFINITIONSHAPE($,$,(#9985));
#9987=IFCRELVOIDSELEMENT('1AcIS8r4n8QwParXHatS6b',$,$,$,#5609,#9973);
#9993=IFCRELFILLSELEMENT('0mre4Jrhr4jQS6sEwDqvDj',$,$,$,#9973,#9950);
#10032=IFCCARTESIANPOINTLIST2D(((0.,0.),(0.80000001192092896,0.),(0.80000001192092896,0.89999997615814209),(0.,0.89999997615814209)));
#10033=IFCINDEXEDPOLYCURVE(#10032,(IFCLINEINDEX((1,2,3,4,1))),$);
#10034=IFCCARTESIANPOINTLIST2D(((0.02500000037252903,0.02500000037252903),(0.77500001154839993,0.02500000037252903),(0.77500001154839993,0.87499997578561306),(0.02500000037252903,0.87499997578561306)));
#10035=IFCINDEXEDPOLYCURVE(#10034,(IFCLINEINDEX((1,2,3,4,1))),$);
#10036=IFCARBITRARYPROFILEDEFWITHVOIDS(.AREA.,$,#10033,(#10035));
#10037=IFCCARTESIANPOINT((0.,0.090000001713633537,0.));
#10038=IFCDIRECTION((0.,-1.,0.));
#10039=IFCDIRECTION((1.,0.,0.));
#10040=IFCAXIS2PLACEMENT3D(#10037,#10038,#10039);
#10041=IFCDIRECTION((0.,0.,-1.));
#10042=IFCEXTRUDEDAREASOLID(#10036,#10040,#10041,0.0099999997764825821);
#10043=IFCCARTESIANPOINTLIST2D(((0.,0.),(0.80000001192092896,0.),(0.80000001192092896,0.89999997615814209),(0.,0.89999997615814209)));
#10044=IFCINDEXEDPOLYCURVE(#10043,(IFCLINEINDEX((1,2,3,4,1))),$);
#10045=IFCCARTESIANPOINTLIST2D(((0.05000000074505806,0.05000000074505806),(0.7500000111758709,0.05000000074505806),(0.7500000111758709,0.84999997541308403),(0.05000000074505806,0.84999997541308403)));
#10046=IFCINDEXEDPOLYCURVE(#10045,(IFCLINEINDEX((1,2,3,4,1))),$);
#10047=IFCARBITRARYPROFILEDEFWITHVOIDS(.AREA.,$,#10044,(#10046));
#10048=IFCCARTESIANPOINT((0.,0.05000000074505806,0.));
#10049=IFCDIRECTION((0.,-1.,0.));
#10050=IFCDIRECTION((1.,0.,0.));
#10051=IFCAXIS2PLACEMENT3D(#10048,#10049,#10050);
#10052=IFCDIRECTION((0.,0.,-1.));
#10053=IFCEXTRUDEDAREASOLID(#10047,#10051,#10052,0.040000000968575478);
#10054=IFCCARTESIANPOINTLIST2D(((0.,0.),(0.7500000111758709,0.),(0.7500000111758709,0.84999997541308403),(0.,0.84999997541308403)));
#10055=IFCINDEXEDPOLYCURVE(#10054,(IFCLINEINDEX((1,2,3,4,1))),$);
#10056=IFCCARTESIANPOINTLIST2D(((0.035000000149011612,0.035000000149011612),(0.71500001102685928,0.035000000149011612),(0.71500001102685928,0.81499997526407242),(0.035000000149011612,0.81499997526407242)));
#10057=IFCINDEXEDPOLYCURVE(#10056,(IFCLINEINDEX((1,2,3,4,1))),$);
#10058=IFCARBITRARYPROFILEDEFWITHVOIDS(.AREA.,$,#10055,(#10057));
#10059=IFCCARTESIANPOINT((0.02500000037252903,0.090000001713633537,0.02500000037252903));
#10060=IFCDIRECTION((0.,-1.,0.));
#10061=IFCDIRECTION((1.,0.,0.));
#10062=IFCAXIS2PLACEMENT3D(#10059,#10060,#10061);
#10063=IFCDIRECTION((0.,0.,-1.));
#10064=IFCEXTRUDEDAREASOLID(#10058,#10062,#10063,0.035000000149011612);
#10065=IFCINDEXEDPOLYCURVE(#10066,(IFCLINEINDEX((1,2,3,4,1))),$);
#10066=IFCCARTESIANPOINTLIST2D(((0.035000000149011612,0.035000000149011612),(0.71500001102685928,0.035000000149011612),(0.71500001102685928,0.81499997526407242),(0.035000000149011612,0.81499997526407242)));
#10067=IFCARBITRARYCLOSEDPROFILEDEF(.AREA.,$,#10065);
#10068=IFCCARTESIANPOINT((0.02500000037252903,0.10250000178813934,0.02500000037252903));
#10069=IFCDIRECTION((0.,-1.,0.));
#10070=IFCDIRECTION((1.,0.,0.));
#10071=IFCAXIS2PLACEMENT3D(#10068,#10069,#10070);
#10072=IFCDIRECTION((0.,0.,-1.));
#10073=IFCEXTRUDEDAREASOLID(#10067,#10071,#10072,0.01);
#10075=IFCSHAPEREPRESENTATION(#11,'Body','SweptSolid',(#10053,#10042,#10162,#10151));
#10076=IFCSHAPEASPECT((#10075),'Lining',$,.T.,#9958);
#10077=IFCSHAPEREPRESENTATION(#11,'Body','SweptSolid',(#10173,#10064));
#10078=IFCSHAPEASPECT((#10077),'Framing',$,.T.,#9958);
#10079=IFCSHAPEREPRESENTATION(#11,'Body','SweptSolid',(#10073,#10182));
#10080=IFCSHAPEASPECT((#10079),'Glazing',$,.T.,#9958);
#10138=IFCCARTESIANPOINTLIST3D(((0.,0.,0.),(0.80000001192092896,0.,0.),(0.80000001192092896,0.,0.89999997615814209),(0.,0.,0.89999997615814209)));
#10139=IFCINDEXEDPOLYCURVE(#10138,(IFCLINEINDEX((1,2,3,4,1))),$);
#10140=IFCSHAPEREPRESENTATION(#18,'Profile','Curve3D',(#10139));
#10141=IFCCARTESIANPOINTLIST2D(((0.,0.),(0.80000001192092896,0.),(0.80000001192092896,0.89999997615814209),(0.,0.89999997615814209)));
#10142=IFCINDEXEDPOLYCURVE(#10141,(IFCLINEINDEX((1,2,3,4,1))),$);
#10143=IFCCARTESIANPOINTLIST2D(((0.02500000037252903,0.02500000037252903),(0.77500001154839993,0.02500000037252903),(0.77500001154839993,0.87499997578561306),(0.02500000037252903,0.87499997578561306)));
#10144=IFCINDEXEDPOLYCURVE(#10143,(IFCLINEINDEX((1,2,3,4,1))),$);
#10145=IFCARBITRARYPROFILEDEFWITHVOIDS(.AREA.,$,#10142,(#10144));
#10146=IFCCARTESIANPOINT((0.,0.090000001713633537,0.));
#10147=IFCDIRECTION((0.,-1.,0.));
#10148=IFCDIRECTION((1.,0.,0.));
#10149=IFCAXIS2PLACEMENT3D(#10146,#10147,#10148);
#10150=IFCDIRECTION((0.,0.,-1.));
#10151=IFCEXTRUDEDAREASOLID(#10145,#10149,#10150,0.0099999997764825821);
#10152=IFCCARTESIANPOINTLIST2D(((0.,0.),(0.80000001192092896,0.),(0.80000001192092896,0.89999997615814209),(0.,0.89999997615814209)));
#10153=IFCINDEXEDPOLYCURVE(#10152,(IFCLINEINDEX((1,2,3,4,1))),$);
#10154=IFCCARTESIANPOINTLIST2D(((0.05000000074505806,0.05000000074505806),(0.7500000111758709,0.05000000074505806),(0.7500000111758709,0.84999997541308403),(0.05000000074505806,0.84999997541308403)));
#10155=IFCINDEXEDPOLYCURVE(#10154,(IFCLINEINDEX((1,2,3,4,1))),$);
#10156=IFCARBITRARYPROFILEDEFWITHVOIDS(.AREA.,$,#10153,(#10155));
#10157=IFCCARTESIANPOINT((0.,0.05000000074505806,0.));
#10158=IFCDIRECTION((0.,-1.,0.));
#10159=IFCDIRECTION((1.,0.,0.));
#10160=IFCAXIS2PLACEMENT3D(#10157,#10158,#10159);
#10161=IFCDIRECTION((0.,0.,-1.));
#10162=IFCEXTRUDEDAREASOLID(#10156,#10160,#10161,0.040000000968575478);
#10163=IFCCARTESIANPOINTLIST2D(((0.,0.),(0.7500000111758709,0.),(0.7500000111758709,0.84999997541308403),(0.,0.84999997541308403)));
#10164=IFCINDEXEDPOLYCURVE(#10163,(IFCLINEINDEX((1,2,3,4,1))),$);
#10165=IFCCARTESIANPOINTLIST2D(((0.035000000149011612,0.035000000149011612),(0.71500001102685928,0.035000000149011612),(0.71500001102685928,0.81499997526407242),(0.035000000149011612,0.81499997526407242)));
#10166=IFCINDEXEDPOLYCURVE(#10165,(IFCLINEINDEX((1,2,3,4,1))),$);
#10167=IFCARBITRARYPROFILEDEFWITHVOIDS(.AREA.,$,#10164,(#10166));
#10168=IFCCARTESIANPOINT((0.02500000037252903,0.090000001713633537,0.02500000037252903));
#10169=IFCDIRECTION((0.,-1.,0.));
#10170=IFCDIRECTION((1.,0.,0.));
#10171=IFCAXIS2PLACEMENT3D(#10168,#10169,#10170);
#10172=IFCDIRECTION((0.,0.,-1.));
#10173=IFCEXTRUDEDAREASOLID(#10167,#10171,#10172,0.035000000149011612);
#10174=IFCINDEXEDPOLYCURVE(#10175,(IFCLINEINDEX((1,2,3,4,1))),$);
#10175=IFCCARTESIANPOINTLIST2D(((0.035000000149011612,0.035000000149011612),(0.71500001102685928,0.035000000149011612),(0.71500001102685928,0.81499997526407242),(0.035000000149011612,0.81499997526407242)));
#10176=IFCARBITRARYCLOSEDPROFILEDEF(.AREA.,$,#10174);
#10177=IFCCARTESIANPOINT((0.02500000037252903,0.10250000178813934,0.02500000037252903));
#10178=IFCDIRECTION((0.,-1.,0.));
#10179=IFCDIRECTION((1.,0.,0.));
#10180=IFCAXIS2PLACEMENT3D(#10177,#10178,#10179);
#10181=IFCDIRECTION((0.,0.,-1.));
#10182=IFCEXTRUDEDAREASOLID(#10176,#10180,#10181,0.01);
#10183=IFCSHAPEREPRESENTATION(#11,'Body','SweptSolid',(#10151,#10162,#10173,#10182));
#10184=IFCCARTESIANPOINTLIST2D(((0.05000000074505806,0.05000000074505806),(0.7500000111758709,0.05000000074505806)));
#10185=IFCINDEXEDPOLYCURVE(#10184,$,$);
#10186=IFCCARTESIANPOINTLIST2D(((0.,0.10000000149011612),(0.02500000037252903,0.10000000149011612),(0.02500000037252903,0.090000001713633537),(0.05000000074505806,0.090000001713633537),(0.05000000074505806,0.05000000074505806),(0.,0.05000000074505806)));
#10187=IFCINDEXEDPOLYCURVE(#10186,(IFCLINEINDEX((1,2,3,4,5,6,1))),$);
#10188=IFCCARTESIANPOINTLIST2D(((0.80000001192092896,0.10000000149011612),(0.77500001154839993,0.10000000149011612),(0.77500001154839993,0.090000001713633537),(0.7500000111758709,0.090000001713633537),(0.7500000111758709,0.05000000074505806),(0.80000001192092896,0.05000000074505806)));
#10189=IFCINDEXEDPOLYCURVE(#10188,(IFCLINEINDEX((1,2,3,4,5,6,1))),$);
#10190=IFCCARTESIANPOINTLIST2D(((0.02500000037252903,0.090000001713633537),(0.060000000521540642,0.090000001713633537),(0.060000000521540642,0.12500000186264515),(0.02500000037252903,0.12500000186264515)));
#10191=IFCINDEXEDPOLYCURVE(#10190,(IFCLINEINDEX((1,2,3,4,1))),$);
#10192=IFCINDEXEDPOLYCURVE(#10193,(IFCLINEINDEX((1,2,3,4,1))),$);
#10193=IFCCARTESIANPOINTLIST2D(((0.77500001154839993,0.090000001713633537),(0.74000001139938831,0.090000001713633537),(0.74000001139938831,0.12500000186264515),(0.77500001154839993,0.12500000186264515)));
#10194=IFCCARTESIANPOINTLIST2D(((0.060000000521540642,0.090000001713633537),(0.74000001139938831,0.090000001713633537)));
#10195=IFCINDEXEDPOLYCURVE(#10194,$,$);
#10196=IFCINDEXEDPOLYCURVE(#10197,$,$);
#10197=IFCCARTESIANPOINTLIST2D(((0.060000000521540642,0.12500000186264515),(0.74000001139938831,0.12500000186264515)));
#10198=IFCINDEXEDPOLYCURVE(#10199,$,$);
#10199=IFCCARTESIANPOINTLIST2D(((0.060000000521540642,0.10750000178813934),(0.74000001139938831,0.10750000178813934)));
#10200=IFCSHAPEREPRESENTATION(#24,'Body','Curve2D',(#10185,#10187,#10189,#10191,#10192,#10195,#10196,#10198));
#10201=IFCCARTESIANPOINTLIST2D(((0.,0.),(0.80000001192092896,0.),(0.80000001192092896,0.89999997615814209),(0.,0.89999997615814209)));
#10202=IFCINDEXEDPOLYCURVE(#10201,(IFCLINEINDEX((1,2,3,4,1))),$);
#10203=IFCARBITRARYCLOSEDPROFILEDEF(.AREA.,$,#10202);
#10204=IFCCARTESIANPOINT((0.,-0.60000002384185791,0.));
#10205=IFCDIRECTION((0.,-1.,0.));
#10206=IFCDIRECTION((1.,0.,0.));
#10207=IFCAXIS2PLACEMENT3D(#10204,#10205,#10206);
#10208=IFCDIRECTION((0.,0.,-1.));
#10209=IFCEXTRUDEDAREASOLID(#10203,#10207,#10208,1.2);
#10210=IFCSHAPEREPRESENTATION(#11,'Body','SweptSolid',(#10209));
#10216=IFCCARTESIANPOINT((6.134809899400504,9.6734626930938816E-07,1.));
#10217=IFCDIRECTION((0.,0.,1.));
#10218=IFCDIRECTION((0.99999999999999289,1.1920928244535129E-07,0.));
#10219=IFCAXIS2PLACEMENT3D(#10216,#10217,#10218);
#10220=IFCLOCALPLACEMENT(#5801,#10219);
#10221=IFCCARTESIANPOINT((-8.8817841970012523E-16,0.,0.));
#10222=IFCDIRECTION((0.,0.,1.));
#10223=IFCDIRECTION((1.,0.,0.));
#10224=IFCAXIS2PLACEMENT3D(#10221,#10222,#10223);
#10225=IFCLOCALPLACEMENT(#10220,#10224);
#10231=IFCCARTESIANPOINT((3.584599185060247,4.4462608839168638E-07,1.));
#10232=IFCDIRECTION((0.,0.,1.));
#10233=IFCDIRECTION((0.99999999999997147,2.384185719961227E-07,0.));
#10234=IFCAXIS2PLACEMENT3D(#10231,#10232,#10233);
#10235=IFCLOCALPLACEMENT(#5801,#10234);
#10236=IFCCARTESIANPOINT((4.4408920985006262E-16,0.,0.));
#10237=IFCDIRECTION((0.,0.,1.));
#10238=IFCDIRECTION((1.,-5.2939559203393771E-23,0.));
#10239=IFCAXIS2PLACEMENT3D(#10236,#10237,#10238);
#10240=IFCLOCALPLACEMENT(#10235,#10239);
#10241=IFCWINDOWTYPE('1A_nslzwX0ZOM_cppBoZva',$,'bedroom1-1-2f',$,$,(#10242),(#10244,#10252,#10300),$,$,.WINDOW.,.SINGLE_PANEL.,$,$);
#10242=IFCPROPERTYSET('2oAQpIOfz3ZBjAyKzA3jR9',$,'BBIM_Window',$,(#10243));
#10243=IFCPROPERTYSINGLEVALUE('Data',$,IFCTEXT('{"window_type": "SINGLE_PANEL", "overall_height": 0.8999999761581421, "overall_width": 0.800000011920929, "lining_properties": {"lining_depth": 0.05000000074505806, "lining_thickness": 0.05000000074505806, "lining_offset": 0.05000000074505806, "lining_to_panel_offset_x": 0.02500000037252903, "lining_to_panel_offset_y": 0.02500000037252903}, "panel_properties": {"frame_depth": [0.03500000014901161, 0.03500000014901161, 0.03500000014901161], "frame_thickness": [0.03500000014901161, 0.03500000014901161, 0.03500000014901161]}}'),$);
#10244=IFCREPRESENTATIONMAP(#10245,#10404);
#10245=IFCAXIS2PLACEMENT3D(#10246,#10247,#10248);
#10246=IFCCARTESIANPOINT((0.,0.,0.));
#10247=IFCDIRECTION((0.,0.,1.));
#10248=IFCDIRECTION((1.,0.,0.));
#10252=IFCREPRESENTATIONMAP(#10253,#10447);
#10253=IFCAXIS2PLACEMENT3D(#10254,#10255,#10256);
#10254=IFCCARTESIANPOINT((0.,0.,0.));
#10255=IFCDIRECTION((0.,0.,1.));
#10256=IFCDIRECTION((1.,0.,0.));
#10300=IFCREPRESENTATIONMAP(#10301,#10470);
#10301=IFCAXIS2PLACEMENT3D(#10302,#10303,#10304);
#10302=IFCCARTESIANPOINT((0.,0.,0.));
#10303=IFCDIRECTION((0.,0.,1.));
#10304=IFCDIRECTION((1.,0.,0.));
#10322=IFCWINDOW('3AA3NZOp10r840$pSBLXOV',$,'Window',$,$,#10495,#10331,$,0.89999997615814209,0.80000001192092896,$,.SINGLE_PANEL.,$);
#10323=IFCRELDEFINESBYTYPE('13kZMkulPBWxWl7vhH6epq',$,$,$,(#10322),#10241);
#10324=IFCCARTESIANPOINT((0.,0.,0.));
#10325=IFCDIRECTION((1.,0.,0.));
#10326=IFCDIRECTION((0.,1.,0.));
#10327=IFCDIRECTION((0.,0.,1.));
#10328=IFCCARTESIANTRANSFORMATIONOPERATOR3D(#10325,#10326,#10324,1.,#10327);
#10329=IFCMAPPEDITEM(#10244,#10328);
#10330=IFCSHAPEREPRESENTATION(#18,'Profile','MappedRepresentation',(#10329));
#10331=IFCPRODUCTDEFINITIONSHAPE($,$,(#10330,#10338,#10345));
#10332=IFCCARTESIANPOINT((0.,0.,0.));
#10333=IFCDIRECTION((1.,0.,0.));
#10334=IFCDIRECTION((0.,1.,0.));
#10335=IFCDIRECTION((0.,0.,1.));
#10336=IFCCARTESIANTRANSFORMATIONOPERATOR3D(#10333,#10334,#10332,1.,#10335);
#10337=IFCMAPPEDITEM(#10252,#10336);
#10338=IFCSHAPEREPRESENTATION(#11,'Body','MappedRepresentation',(#10337));
#10339=IFCCARTESIANPOINT((0.,0.,0.));
#10340=IFCDIRECTION((1.,0.,0.));
#10341=IFCDIRECTION((0.,1.,0.));
#10342=IFCDIRECTION((0.,0.,1.));
#10343=IFCCARTESIANTRANSFORMATIONOPERATOR3D(#10340,#10341,#10339,1.,#10342);
#10344=IFCMAPPEDITEM(#10300,#10343);
#10345=IFCSHAPEREPRESENTATION(#24,'Body','MappedRepresentation',(#10344));
#10346=IFCOPENINGELEMENT('1DOHOoSXfEqeSJDg4Xu9R3',$,'Opening',$,$,#10490,#10374,$,.OPENING.);
#10362=IFCCARTESIANPOINT((0.,0.,0.));
#10363=IFCDIRECTION((1.,0.,0.));
#10364=IFCDIRECTION((0.,0.,1.));
#10365=IFCAXIS2PLACEMENT3D(#10362,#10364,#10363);
#10366=IFCREPRESENTATIONMAP(#10365,#10480);
#10367=IFCCARTESIANPOINT((0.,0.,0.));
#10368=IFCDIRECTION((1.,0.,0.));
#10369=IFCDIRECTION((0.,1.,0.));
#10370=IFCDIRECTION((0.,0.,1.));
#10371=IFCCARTESIANTRANSFORMATIONOPERATOR3D(#10368,#10369,#10367,1.,#10370);
#10372=IFCMAPPEDITEM(#10366,#10371);
#10373=IFCSHAPEREPRESENTATION(#11,'Body','MappedRepresentation',(#10372));
#10374=IFCPRODUCTDEFINITIONSHAPE($,$,(#10373));
#10375=IFCRELVOIDSELEMENT('0YI7$x1Z1BRP0vMMN$e4XP',$,$,$,#5609,#10346);
#10381=IFCRELFILLSELEMENT('1YL5QRKSrCmOS4weEpUn4V',$,$,$,#10346,#10322);
#10402=IFCCARTESIANPOINTLIST3D(((0.,0.,0.),(0.80000001192092896,0.,0.),(0.80000001192092896,0.,0.89999997615814209),(0.,0.,0.89999997615814209)));
#10403=IFCINDEXEDPOLYCURVE(#10402,(IFCLINEINDEX((1,2,3,4,1))),$);
#10404=IFCSHAPEREPRESENTATION(#18,'Profile','Curve3D',(#10403));
#10405=IFCCARTESIANPOINTLIST2D(((0.,0.),(0.80000001192092896,0.),(0.80000001192092896,0.89999997615814209),(0.,0.89999997615814209)));
#10406=IFCINDEXEDPOLYCURVE(#10405,(IFCLINEINDEX((1,2,3,4,1))),$);
#10407=IFCCARTESIANPOINTLIST2D(((0.02500000037252903,0.02500000037252903),(0.77500001154839993,0.02500000037252903),(0.77500001154839993,0.87499997578561306),(0.02500000037252903,0.87499997578561306)));
#10408=IFCINDEXEDPOLYCURVE(#10407,(IFCLINEINDEX((1,2,3,4,1))),$);
#10409=IFCARBITRARYPROFILEDEFWITHVOIDS(.AREA.,$,#10406,(#10408));
#10410=IFCCARTESIANPOINT((0.,0.090000001713633537,0.));
#10411=IFCDIRECTION((0.,-1.,0.));
#10412=IFCDIRECTION((1.,0.,0.));
#10413=IFCAXIS2PLACEMENT3D(#10410,#10411,#10412);
#10414=IFCDIRECTION((0.,0.,-1.));
#10415=IFCEXTRUDEDAREASOLID(#10409,#10413,#10414,0.0099999997764825821);
#10416=IFCCARTESIANPOINTLIST2D(((0.,0.),(0.80000001192092896,0.),(0.80000001192092896,0.89999997615814209),(0.,0.89999997615814209)));
#10417=IFCINDEXEDPOLYCURVE(#10416,(IFCLINEINDEX((1,2,3,4,1))),$);
#10418=IFCCARTESIANPOINTLIST2D(((0.05000000074505806,0.05000000074505806),(0.7500000111758709,0.05000000074505806),(0.7500000111758709,0.84999997541308403),(0.05000000074505806,0.84999997541308403)));
#10419=IFCINDEXEDPOLYCURVE(#10418,(IFCLINEINDEX((1,2,3,4,1))),$);
#10420=IFCARBITRARYPROFILEDEFWITHVOIDS(.AREA.,$,#10417,(#10419));
#10421=IFCCARTESIANPOINT((0.,0.05000000074505806,0.));
#10422=IFCDIRECTION((0.,-1.,0.));
#10423=IFCDIRECTION((1.,0.,0.));
#10424=IFCAXIS2PLACEMENT3D(#10421,#10422,#10423);
#10425=IFCDIRECTION((0.,0.,-1.));
#10426=IFCEXTRUDEDAREASOLID(#10420,#10424,#10425,0.040000000968575478);
#10427=IFCCARTESIANPOINTLIST2D(((0.,0.),(0.7500000111758709,0.),(0.7500000111758709,0.84999997541308403),(0.,0.84999997541308403)));
#10428=IFCINDEXEDPOLYCURVE(#10427,(IFCLINEINDEX((1,2,3,4,1))),$);
#10429=IFCCARTESIANPOINTLIST2D(((0.035000000149011612,0.035000000149011612),(0.71500001102685928,0.035000000149011612),(0.71500001102685928,0.81499997526407242),(0.035000000149011612,0.81499997526407242)));
#10430=IFCINDEXEDPOLYCURVE(#10429,(IFCLINEINDEX((1,2,3,4,1))),$);
#10431=IFCARBITRARYPROFILEDEFWITHVOIDS(.AREA.,$,#10428,(#10430));
#10432=IFCCARTESIANPOINT((0.02500000037252903,0.090000001713633537,0.02500000037252903));
#10433=IFCDIRECTION((0.,-1.,0.));
#10434=IFCDIRECTION((1.,0.,0.));
#10435=IFCAXIS2PLACEMENT3D(#10432,#10433,#10434);
#10436=IFCDIRECTION((0.,0.,-1.));
#10437=IFCEXTRUDEDAREASOLID(#10431,#10435,#10436,0.035000000149011612);
#10438=IFCINDEXEDPOLYCURVE(#10439,(IFCLINEINDEX((1,2,3,4,1))),$);
#10439=IFCCARTESIANPOINTLIST2D(((0.035000000149011612,0.035000000149011612),(0.71500001102685928,0.035000000149011612),(0.71500001102685928,0.81499997526407242),(0.035000000149011612,0.81499997526407242)));
#10440=IFCARBITRARYCLOSEDPROFILEDEF(.AREA.,$,#10438);
#10441=IFCCARTESIANPOINT((0.02500000037252903,0.10250000178813934,0.02500000037252903));
#10442=IFCDIRECTION((0.,-1.,0.));
#10443=IFCDIRECTION((1.,0.,0.));
#10444=IFCAXIS2PLACEMENT3D(#10441,#10442,#10443);
#10445=IFCDIRECTION((0.,0.,-1.));
#10446=IFCEXTRUDEDAREASOLID(#10440,#10444,#10445,0.01);
#10447=IFCSHAPEREPRESENTATION(#11,'Body','SweptSolid',(#10415,#10426,#10437,#10446));
#10448=IFCSHAPEREPRESENTATION(#11,'Body','SweptSolid',(#10415,#10426));
#10449=IFCSHAPEASPECT((#10448),'Lining',$,.T.,#10331);
#10450=IFCSHAPEREPRESENTATION(#11,'Body','SweptSolid',(#10437));
#10451=IFCSHAPEASPECT((#10450),'Framing',$,.T.,#10331);
#10452=IFCSHAPEREPRESENTATION(#11,'Body','SweptSolid',(#10446));
#10453=IFCSHAPEASPECT((#10452),'Glazing',$,.T.,#10331);
#10454=IFCCARTESIANPOINTLIST2D(((0.05000000074505806,0.05000000074505806),(0.7500000111758709,0.05000000074505806)));
#10455=IFCINDEXEDPOLYCURVE(#10454,$,$);
#10456=IFCCARTESIANPOINTLIST2D(((0.,0.10000000149011612),(0.02500000037252903,0.10000000149011612),(0.02500000037252903,0.090000001713633537),(0.05000000074505806,0.090000001713633537),(0.05000000074505806,0.05000000074505806),(0.,0.05000000074505806)));
#10457=IFCINDEXEDPOLYCURVE(#10456,(IFCLINEINDEX((1,2,3,4,5,6,1))),$);
#10458=IFCCARTESIANPOINTLIST2D(((0.80000001192092896,0.10000000149011612),(0.77500001154839993,0.10000000149011612),(0.77500001154839993,0.090000001713633537),(0.7500000111758709,0.090000001713633537),(0.7500000111758709,0.05000000074505806),(0.80000001192092896,0.05000000074505806)));
#10459=IFCINDEXEDPOLYCURVE(#10458,(IFCLINEINDEX((1,2,3,4,5,6,1))),$);
#10460=IFCCARTESIANPOINTLIST2D(((0.02500000037252903,0.090000001713633537),(0.060000000521540642,0.090000001713633537),(0.060000000521540642,0.12500000186264515),(0.02500000037252903,0.12500000186264515)));
#10461=IFCINDEXEDPOLYCURVE(#10460,(IFCLINEINDEX((1,2,3,4,1))),$);
#10462=IFCINDEXEDPOLYCURVE(#10463,(IFCLINEINDEX((1,2,3,4,1))),$);
#10463=IFCCARTESIANPOINTLIST2D(((0.77500001154839993,0.090000001713633537),(0.74000001139938831,0.090000001713633537),(0.74000001139938831,0.12500000186264515),(0.77500001154839993,0.12500000186264515)));
#10464=IFCCARTESIANPOINTLIST2D(((0.060000000521540642,0.090000001713633537),(0.74000001139938831,0.090000001713633537)));
#10465=IFCINDEXEDPOLYCURVE(#10464,$,$);
#10466=IFCINDEXEDPOLYCURVE(#10467,$,$);
#10467=IFCCARTESIANPOINTLIST2D(((0.060000000521540642,0.12500000186264515),(0.74000001139938831,0.12500000186264515)));
#10468=IFCINDEXEDPOLYCURVE(#10469,$,$);
#10469=IFCCARTESIANPOINTLIST2D(((0.060000000521540642,0.10750000178813934),(0.74000001139938831,0.10750000178813934)));
#10470=IFCSHAPEREPRESENTATION(#24,'Body','Curve2D',(#10455,#10457,#10459,#10461,#10462,#10465,#10466,#10468));
#10471=IFCCARTESIANPOINTLIST2D(((0.,0.),(0.80000001192092896,0.),(0.80000001192092896,0.89999997615814209),(0.,0.89999997615814209)));
#10472=IFCINDEXEDPOLYCURVE(#10471,(IFCLINEINDEX((1,2,3,4,1))),$);
#10473=IFCARBITRARYCLOSEDPROFILEDEF(.AREA.,$,#10472);
#10474=IFCCARTESIANPOINT((0.,-0.60000002384185791,0.));
#10475=IFCDIRECTION((0.,-1.,0.));
#10476=IFCDIRECTION((1.,0.,0.));
#10477=IFCAXIS2PLACEMENT3D(#10474,#10475,#10476);
#10478=IFCDIRECTION((0.,0.,-1.));
#10479=IFCEXTRUDEDAREASOLID(#10473,#10477,#10478,1.2);
#10480=IFCSHAPEREPRESENTATION(#11,'Body','SweptSolid',(#10479));
#10486=IFCCARTESIANPOINT((1.5539366484391413,3.5951826937719034E-07,1.));
#10487=IFCDIRECTION((0.,0.,1.));
#10488=IFCDIRECTION((0.99999999999999289,1.1920928244535129E-07,0.));
#10489=IFCAXIS2PLACEMENT3D(#10486,#10487,#10488);
#10490=IFCLOCALPLACEMENT(#5801,#10489);
#10491=IFCCARTESIANPOINT((-8.8817841970012523E-16,0.,0.));
#10492=IFCDIRECTION((0.,0.,1.));
#10493=IFCDIRECTION((1.,0.,0.));
#10494=IFCAXIS2PLACEMENT3D(#10491,#10492,#10493);
#10495=IFCLOCALPLACEMENT(#10490,#10494);
#10496=IFCWINDOWTYPE('0SaMry4KbBMOzjyMN2ZEew',$,'bedroom1-2-2f',$,$,(#10497),(#10499,#10507,#10555),$,$,.WINDOW.,.SINGLE_PANEL.,$,$);
#10497=IFCPROPERTYSET('0mIpeS$kzDKxKgWWn24puw',$,'BBIM_Window',$,(#10498));
#10498=IFCPROPERTYSINGLEVALUE('Data',$,IFCTEXT('{"window_type": "DOUBLE_PANEL_VERTICAL", "overall_height": 0.8999999761581421, "overall_width": 1.2000000476837158, "lining_properties": {"lining_depth": 0.05000000074505806, "lining_thickness": 0.05000000074505806, "lining_offset": 0.05000000074505806, "lining_to_panel_offset_x": 0.02500000037252903, "lining_to_panel_offset_y": 0.02500000037252903, "mullion_thickness": 0.05000000074505806, "first_mullion_offset": 0.6000000238418579}, "panel_properties": {"frame_depth": [0.03500000014901161, 0.03500000014901161, 0.03500000014901161], "frame_thickness": [0.03500000014901161, 0.03500000014901161, 0.03500000014901161]}}'),$);
#10499=IFCREPRESENTATIONMAP(#10500,#10659);
#10500=IFCAXIS2PLACEMENT3D(#10501,#10502,#10503);
#10501=IFCCARTESIANPOINT((0.,0.,0.));
#10502=IFCDIRECTION((0.,0.,1.));
#10503=IFCDIRECTION((1.,0.,0.));
#10507=IFCREPRESENTATIONMAP(#10508,#10740);
#10508=IFCAXIS2PLACEMENT3D(#10509,#10510,#10511);
#10509=IFCCARTESIANPOINT((0.,0.,0.));
#10510=IFCDIRECTION((0.,0.,1.));
#10511=IFCDIRECTION((1.,0.,0.));
#10555=IFCREPRESENTATIONMAP(#10556,#10779);
#10556=IFCAXIS2PLACEMENT3D(#10557,#10558,#10559);
#10557=IFCCARTESIANPOINT((0.,0.,0.));
#10558=IFCDIRECTION((0.,0.,1.));
#10559=IFCDIRECTION((1.,0.,0.));
#10577=IFCWINDOW('1ndX6ZY7T5ewgOxWYLLFzy',$,'Window',$,$,#10804,#10586,$,0.89999997615814209,1.2000000476837158,$,.DOUBLE_PANEL_VERTICAL.,$);
#10578=IFCRELDEFINESBYTYPE('2a2qa0wE545QQ87qmzdAM$',$,$,$,(#10577),#10496);
#10579=IFCCARTESIANPOINT((0.,0.,0.));
#10580=IFCDIRECTION((1.,0.,0.));
#10581=IFCDIRECTION((0.,1.,0.));
#10582=IFCDIRECTION((0.,0.,1.));
#10583=IFCCARTESIANTRANSFORMATIONOPERATOR3D(#10580,#10581,#10579,1.,#10582);
#10584=IFCMAPPEDITEM(#10499,#10583);
#10585=IFCSHAPEREPRESENTATION(#18,'Profile','MappedRepresentation',(#10584));
#10586=IFCPRODUCTDEFINITIONSHAPE($,$,(#10585,#10593,#10600));
#10587=IFCCARTESIANPOINT((0.,0.,0.));
#10588=IFCDIRECTION((1.,0.,0.));
#10589=IFCDIRECTION((0.,1.,0.));
#10590=IFCDIRECTION((0.,0.,1.));
#10591=IFCCARTESIANTRANSFORMATIONOPERATOR3D(#10588,#10589,#10587,1.,#10590);
#10592=IFCMAPPEDITEM(#10507,#10591);
#10593=IFCSHAPEREPRESENTATION(#11,'Body','MappedRepresentation',(#10592));
#10594=IFCCARTESIANPOINT((0.,0.,0.));
#10595=IFCDIRECTION((1.,0.,0.));
#10596=IFCDIRECTION((0.,1.,0.));
#10597=IFCDIRECTION((0.,0.,1.));
#10598=IFCCARTESIANTRANSFORMATIONOPERATOR3D(#10595,#10596,#10594,1.,#10597);
#10599=IFCMAPPEDITEM(#10555,#10598);
#10600=IFCSHAPEREPRESENTATION(#24,'Body','MappedRepresentation',(#10599));
#10601=IFCOPENINGELEMENT('3IKUOL1jXB5we9Wr4VnR7A',$,'Opening',$,$,#10799,#10629,$,.OPENING.);
#10617=IFCCARTESIANPOINT((0.,0.,0.));
#10618=IFCDIRECTION((1.,0.,0.));
#10619=IFCDIRECTION((0.,0.,1.));
#10620=IFCAXIS2PLACEMENT3D(#10617,#10619,#10618);
#10621=IFCREPRESENTATIONMAP(#10620,#10789);
#10622=IFCCARTESIANPOINT((0.,0.,0.));
#10623=IFCDIRECTION((1.,0.,0.));
#10624=IFCDIRECTION((0.,1.,0.));
#10625=IFCDIRECTION((0.,0.,1.));
#10626=IFCCARTESIANTRANSFORMATIONOPERATOR3D(#10623,#10624,#10622,1.,#10625);
#10627=IFCMAPPEDITEM(#10621,#10626);
#10628=IFCSHAPEREPRESENTATION(#11,'Body','MappedRepresentation',(#10627));
#10629=IFCPRODUCTDEFINITIONSHAPE($,$,(#10628));
#10630=IFCRELVOIDSELEMENT('0Retm7rr99vQuofwkAnOJ8',$,$,$,#5584,#10601);
#10636=IFCRELFILLSELEMENT('1_mefKw5z3pwZtxYX70zXx',$,$,$,#10601,#10577);
#10657=IFCCARTESIANPOINTLIST3D(((0.,0.,0.),(1.2000000476837158,0.,0.),(1.2000000476837158,0.,0.89999997615814209),(0.,0.,0.89999997615814209)));
#10658=IFCINDEXEDPOLYCURVE(#10657,(IFCLINEINDEX((1,2,3,4,1))),$);
#10659=IFCSHAPEREPRESENTATION(#18,'Profile','Curve3D',(#10658));
#10660=IFCCARTESIANPOINTLIST2D(((0.60000002384185791,0.),(0.,0.),(0.,0.89999997615814209),(0.60000002384185791,0.89999997615814209),(0.60000002384185791,0.87499997578561306),(0.02500000037252903,0.87499997578561306),(0.02500000037252903,0.02500000037252903),(0.60000002384185791,0.02500000037252903)));
#10661=IFCINDEXEDPOLYCURVE(#10660,(IFCLINEINDEX((1,2,3,4,5,6,7,8,1))),$);
#10662=IFCARBITRARYCLOSEDPROFILEDEF(.AREA.,$,#10661);
#10663=IFCCARTESIANPOINT((0.,0.090000001713633537,0.));
#10664=IFCDIRECTION((0.,-1.,0.));
#10665=IFCDIRECTION((1.,0.,0.));
#10666=IFCAXIS2PLACEMENT3D(#10663,#10664,#10665);
#10667=IFCDIRECTION((0.,0.,-1.));
#10668=IFCEXTRUDEDAREASOLID(#10662,#10666,#10667,0.0099999997764825821);
#10669=IFCCARTESIANPOINTLIST2D(((0.,0.),(0.60000002384185791,0.),(0.60000002384185791,0.89999997615814209),(0.,0.89999997615814209)));
#10670=IFCINDEXEDPOLYCURVE(#10669,(IFCLINEINDEX((1,2,3,4,1))),$);
#10671=IFCCARTESIANPOINTLIST2D(((0.05000000074505806,0.05000000074505806),(0.57500002346932888,0.05000000074505806),(0.57500002346932888,0.84999997541308403),(0.05000000074505806,0.84999997541308403)));
#10672=IFCINDEXEDPOLYCURVE(#10671,(IFCLINEINDEX((1,2,3,4,1))),$);
#10673=IFCARBITRARYPROFILEDEFWITHVOIDS(.AREA.,$,#10670,(#10672));
#10674=IFCCARTESIANPOINT((0.,0.05000000074505806,0.));
#10675=IFCDIRECTION((0.,-1.,0.));
#10676=IFCDIRECTION((1.,0.,0.));
#10677=IFCAXIS2PLACEMENT3D(#10674,#10675,#10676);
#10678=IFCDIRECTION((0.,0.,-1.));
#10679=IFCEXTRUDEDAREASOLID(#10673,#10677,#10678,0.040000000968575478);
#10680=IFCCARTESIANPOINTLIST2D(((0.,0.),(0.57500002346932888,0.),(0.57500002346932888,0.84999997541308403),(0.,0.84999997541308403)));
#10681=IFCINDEXEDPOLYCURVE(#10680,(IFCLINEINDEX((1,2,3,4,1))),$);
#10682=IFCCARTESIANPOINTLIST2D(((0.035000000149011612,0.035000000149011612),(0.54000002332031727,0.035000000149011612),(0.54000002332031727,0.81499997526407242),(0.035000000149011612,0.81499997526407242)));
#10683=IFCINDEXEDPOLYCURVE(#10682,(IFCLINEINDEX((1,2,3,4,1))),$);
#10684=IFCARBITRARYPROFILEDEFWITHVOIDS(.AREA.,$,#10681,(#10683));
#10685=IFCCARTESIANPOINT((0.02500000037252903,0.090000001713633537,0.02500000037252903));
#10686=IFCDIRECTION((0.,-1.,0.));
#10687=IFCDIRECTION((1.,0.,0.));
#10688=IFCAXIS2PLACEMENT3D(#10685,#10686,#10687);
#10689=IFCDIRECTION((0.,0.,-1.));
#10690=IFCEXTRUDEDAREASOLID(#10684,#10688,#10689,0.035000000149011612);
#10691=IFCINDEXEDPOLYCURVE(#10692,(IFCLINEINDEX((1,2,3,4,1))),$);
#10692=IFCCARTESIANPOINTLIST2D(((0.035000000149011612,0.035000000149011612),(0.54000002332031727,0.035000000149011612),(0.54000002332031727,0.81499997526407242),(0.035000000149011612,0.81499997526407242)));
#10693=IFCARBITRARYCLOSEDPROFILEDEF(.AREA.,$,#10691);
#10694=IFCCARTESIANPOINT((0.02500000037252903,0.10250000178813934,0.02500000037252903));
#10695=IFCDIRECTION((0.,-1.,0.));
#10696=IFCDIRECTION((1.,0.,0.));
#10697=IFCAXIS2PLACEMENT3D(#10694,#10695,#10696);
#10698=IFCDIRECTION((0.,0.,-1.));
#10699=IFCEXTRUDEDAREASOLID(#10693,#10697,#10698,0.01);
#10700=IFCCARTESIANPOINTLIST2D(((0.,0.89999997615814209),(0.60000002384185791,0.89999997615814209),(0.60000002384185791,0.),(0.,0.),(0.,0.02500000037252903),(0.57500002346932888,0.02500000037252903),(0.57500002346932888,0.87499997578561306),(0.,0.87499997578561306)));
#10701=IFCINDEXEDPOLYCURVE(#10700,(IFCLINEINDEX((1,2,3,4,5,6,7,8,1))),$);
#10702=IFCARBITRARYCLOSEDPROFILEDEF(.AREA.,$,#10701);
#10703=IFCCARTESIANPOINT((0.60000002384185791,0.090000001713633537,0.));
#10704=IFCDIRECTION((0.,-1.,0.));
#10705=IFCDIRECTION((1.,0.,0.));
#10706=IFCAXIS2PLACEMENT3D(#10703,#10704,#10705);
#10707=IFCDIRECTION((0.,0.,-1.));
#10708=IFCEXTRUDEDAREASOLID(#10702,#10706,#10707,0.0099999997764825821);
#10709=IFCCARTESIANPOINTLIST2D(((0.,0.),(0.60000002384185791,0.),(0.60000002384185791,0.89999997615814209),(0.,0.89999997615814209)));
#10710=IFCINDEXEDPOLYCURVE(#10709,(IFCLINEINDEX((1,2,3,4,1))),$);
#10711=IFCCARTESIANPOINTLIST2D(((0.02500000037252903,0.05000000074505806),(0.55000002309679985,0.05000000074505806),(0.55000002309679985,0.84999997541308403),(0.02500000037252903,0.84999997541308403)));
#10712=IFCINDEXEDPOLYCURVE(#10711,(IFCLINEINDEX((1,2,3,4,1))),$);
#10713=IFCARBITRARYPROFILEDEFWITHVOIDS(.AREA.,$,#10710,(#10712));
#10714=IFCCARTESIANPOINT((0.60000002384185791,0.05000000074505806,0.));
#10715=IFCDIRECTION((0.,-1.,0.));
#10716=IFCDIRECTION((1.,0.,0.));
#10717=IFCAXIS2PLACEMENT3D(#10714,#10715,#10716);
#10718=IFCDIRECTION((0.,0.,-1.));
#10719=IFCEXTRUDEDAREASOLID(#10713,#10717,#10718,0.040000000968575478);
#10720=IFCCARTESIANPOINTLIST2D(((0.,0.),(0.57500002346932888,0.),(0.57500002346932888,0.84999997541308403),(0.,0.84999997541308403)));
#10721=IFCINDEXEDPOLYCURVE(#10720,(IFCLINEINDEX((1,2,3,4,1))),$);
#10722=IFCCARTESIANPOINTLIST2D(((0.035000000149011612,0.035000000149011612),(0.54000002332031727,0.035000000149011612),(0.54000002332031727,0.81499997526407242),(0.035000000149011612,0.81499997526407242)));
#10723=IFCINDEXEDPOLYCURVE(#10722,(IFCLINEINDEX((1,2,3,4,1))),$);
#10724=IFCARBITRARYPROFILEDEFWITHVOIDS(.AREA.,$,#10721,(#10723));
#10725=IFCCARTESIANPOINT((0.60000002384185791,0.090000001713633537,0.02500000037252903));
#10726=IFCDIRECTION((0.,-1.,0.));
#10727=IFCDIRECTION((1.,0.,0.));
#10728=IFCAXIS2PLACEMENT3D(#10725,#10726,#10727);
#10729=IFCDIRECTION((0.,0.,-1.));
#10730=IFCEXTRUDEDAREASOLID(#10724,#10728,#10729,0.035000000149011612);
#10731=IFCINDEXEDPOLYCURVE(#10732,(IFCLINEINDEX((1,2,3,4,1))),$);
#10732=IFCCARTESIANPOINTLIST2D(((0.035000000149011612,0.035000000149011612),(0.54000002332031727,0.035000000149011612),(0.54000002332031727,0.81499997526407242),(0.035000000149011612,0.81499997526407242)));
#10733=IFCARBITRARYCLOSEDPROFILEDEF(.AREA.,$,#10731);
#10734=IFCCARTESIANPOINT((0.60000002384185791,0.10250000178813934,0.02500000037252903));
#10735=IFCDIRECTION((0.,-1.,0.));
#10736=IFCDIRECTION((1.,0.,0.));
#10737=IFCAXIS2PLACEMENT3D(#10734,#10735,#10736);
#10738=IFCDIRECTION((0.,0.,-1.));
#10739=IFCEXTRUDEDAREASOLID(#10733,#10737,#10738,0.01);
#10740=IFCSHAPEREPRESENTATION(#11,'Body','SweptSolid',(#10668,#10679,#10690,#10699,#10708,#10719,#10730,#10739));
#10741=IFCSHAPEREPRESENTATION(#11,'Body','SweptSolid',(#10668,#10679,#10708,#10719));
#10742=IFCSHAPEASPECT((#10741),'Lining',$,.T.,#10586);
#10743=IFCSHAPEREPRESENTATION(#11,'Body','SweptSolid',(#10690,#10730));
#10744=IFCSHAPEASPECT((#10743),'Framing',$,.T.,#10586);
#10745=IFCSHAPEREPRESENTATION(#11,'Body','SweptSolid',(#10699,#10739));
#10746=IFCSHAPEASPECT((#10745),'Glazing',$,.T.,#10586);
#10747=IFCCARTESIANPOINTLIST2D(((0.05000000074505806,0.05000000074505806),(0.57500002346932888,0.05000000074505806)));
#10748=IFCINDEXEDPOLYCURVE(#10747,$,$);
#10749=IFCCARTESIANPOINTLIST2D(((0.,0.10000000149011612),(0.02500000037252903,0.10000000149011612),(0.02500000037252903,0.090000001713633537),(0.05000000074505806,0.090000001713633537),(0.05000000074505806,0.05000000074505806),(0.,0.05000000074505806)));
#10750=IFCINDEXEDPOLYCURVE(#10749,(IFCLINEINDEX((1,2,3,4,5,6,1))),$);
#10751=IFCCARTESIANPOINTLIST2D(((0.60000002384185791,0.10000000149011612),(0.60000002384185791,0.10000000149011612),(0.60000002384185791,0.090000001713633537),(0.57500002346932888,0.090000001713633537),(0.57500002346932888,0.05000000074505806),(0.60000002384185791,0.05000000074505806)));
#10752=IFCINDEXEDPOLYCURVE(#10751,$,$);
#10753=IFCCARTESIANPOINTLIST2D(((0.02500000037252903,0.090000001713633537),(0.060000000521540642,0.090000001713633537),(0.060000000521540642,0.12500000186264515),(0.02500000037252903,0.12500000186264515)));
#10754=IFCINDEXEDPOLYCURVE(#10753,(IFCLINEINDEX((1,2,3,4,1))),$);
#10755=IFCINDEXEDPOLYCURVE(#10756,(IFCLINEINDEX((1,2,3,4,1))),$);
#10756=IFCCARTESIANPOINTLIST2D(((0.60000002384185791,0.090000001713633537),(0.5650000236928463,0.090000001713633537),(0.5650000236928463,0.12500000186264515),(0.60000002384185791,0.12500000186264515)));
#10757=IFCCARTESIANPOINTLIST2D(((0.060000000521540642,0.090000001713633537),(0.5650000236928463,0.090000001713633537)));
#10758=IFCINDEXEDPOLYCURVE(#10757,$,$);
#10759=IFCINDEXEDPOLYCURVE(#10760,$,$);
#10760=IFCCARTESIANPOINTLIST2D(((0.060000000521540642,0.12500000186264515),(0.5650000236928463,0.12500000186264515)));
#10761=IFCINDEXEDPOLYCURVE(#10762,$,$);
#10762=IFCCARTESIANPOINTLIST2D(((0.060000000521540642,0.10750000178813934),(0.5650000236928463,0.10750000178813934)));
#10763=IFCCARTESIANPOINTLIST2D(((0.62500002421438694,0.05000000074505806),(1.1500000469386578,0.05000000074505806)));
#10764=IFCINDEXEDPOLYCURVE(#10763,$,$);
#10765=IFCCARTESIANPOINTLIST2D(((0.60000002384185791,0.10000000149011612),(0.60000002384185791,0.10000000149011612),(0.60000002384185791,0.090000001713633537),(0.62500002421438694,0.090000001713633537),(0.62500002421438694,0.05000000074505806),(0.60000002384185791,0.05000000074505806)));
#10766=IFCINDEXEDPOLYCURVE(#10765,$,$);
#10767=IFCCARTESIANPOINTLIST2D(((1.2000000476837158,0.10000000149011612),(1.1750000473111868,0.10000000149011612),(1.1750000473111868,0.090000001713633537),(1.1500000469386578,0.090000001713633537),(1.1500000469386578,0.05000000074505806),(1.2000000476837158,0.05000000074505806)));
#10768=IFCINDEXEDPOLYCURVE(#10767,(IFCLINEINDEX((1,2,3,4,5,6,1))),$);
#10769=IFCCARTESIANPOINTLIST2D(((0.60000002384185791,0.090000001713633537),(0.63500002399086952,0.090000001713633537),(0.63500002399086952,0.12500000186264515),(0.60000002384185791,0.12500000186264515)));
#10770=IFCINDEXEDPOLYCURVE(#10769,(IFCLINEINDEX((1,2,3,4,1))),$);
#10771=IFCINDEXEDPOLYCURVE(#10772,(IFCLINEINDEX((1,2,3,4,1))),$);
#10772=IFCCARTESIANPOINTLIST2D(((1.1750000473111868,0.090000001713633537),(1.1400000471621752,0.090000001713633537),(1.1400000471621752,0.12500000186264515),(1.1750000473111868,0.12500000186264515)));
#10773=IFCCARTESIANPOINTLIST2D(((0.63500002399086952,0.090000001713633537),(1.1400000471621752,0.090000001713633537)));
#10774=IFCINDEXEDPOLYCURVE(#10773,$,$);
#10775=IFCINDEXEDPOLYCURVE(#10776,$,$);
#10776=IFCCARTESIANPOINTLIST2D(((0.63500002399086952,0.12500000186264515),(1.1400000471621752,0.12500000186264515)));
#10777=IFCINDEXEDPOLYCURVE(#10778,$,$);
#10778=IFCCARTESIANPOINTLIST2D(((0.63500002399086952,0.10750000178813934),(1.1400000471621752,0.10750000178813934)));
#10779=IFCSHAPEREPRESENTATION(#24,'Body','Curve2D',(#10748,#10750,#10752,#10754,#10755,#10758,#10759,#10761,#10764,#10766,#10768,#10770,#10771,#10774,#10775,#10777));
#10780=IFCCARTESIANPOINTLIST2D(((0.,0.),(1.2000000476837158,0.),(1.2000000476837158,0.89999997615814209),(0.,0.89999997615814209)));
#10781=IFCINDEXEDPOLYCURVE(#10780,(IFCLINEINDEX((1,2,3,4,1))),$);
#10782=IFCARBITRARYCLOSEDPROFILEDEF(.AREA.,$,#10781);
#10783=IFCCARTESIANPOINT((0.,-0.60000002384185791,0.));
#10784=IFCDIRECTION((0.,-1.,0.));
#10785=IFCDIRECTION((1.,0.,0.));
#10786=IFCAXIS2PLACEMENT3D(#10783,#10784,#10785);
#10787=IFCDIRECTION((0.,0.,-1.));
#10788=IFCEXTRUDEDAREASOLID(#10782,#10786,#10787,1.2);
#10789=IFCSHAPEREPRESENTATION(#11,'Body','SweptSolid',(#10788));
#10795=IFCCARTESIANPOINT((0.60034843935136828,6.4851813164068517E-07,1.));
#10796=IFCDIRECTION((0.,0.,1.));
#10797=IFCDIRECTION((0.99999999999997158,-2.3841857910149749E-07,0.));
#10798=IFCAXIS2PLACEMENT3D(#10795,#10796,#10797);
#10799=IFCLOCALPLACEMENT(#7014,#10798);
#10800=IFCCARTESIANPOINT((-5.5511151231257827E-17,0.,0.));
#10801=IFCDIRECTION((0.,0.,1.));
#10802=IFCDIRECTION((1.,0.,0.));
#10803=IFCAXIS2PLACEMENT3D(#10800,#10801,#10802);
#10804=IFCLOCALPLACEMENT(#10799,#10803);
#10805=IFCWINDOWTYPE('2pTQifbZv92uiZkRBGHPOp',$,'bedroom2-2f',$,$,(#10806),(#10808,#10816,#10864),$,$,.WINDOW.,.SINGLE_PANEL.,$,$);
#10806=IFCPROPERTYSET('1sWZQRlmP9TOiiI60qxkdg',$,'BBIM_Window',$,(#10807));
#10807=IFCPROPERTYSINGLEVALUE('Data',$,IFCTEXT('{"window_type": "DOUBLE_PANEL_VERTICAL", "overall_height": 0.8999999761581421, "overall_width": 1.2000000476837158, "lining_properties": {"lining_depth": 0.05000000074505806, "lining_thickness": 0.05000000074505806, "lining_offset": 0.05000000074505806, "lining_to_panel_offset_x": 0.02500000037252903, "lining_to_panel_offset_y": 0.02500000037252903, "mullion_thickness": 0.05000000074505806, "first_mullion_offset": 0.6000000238418579}, "panel_properties": {"frame_depth": [0.03500000014901161, 0.03500000014901161, 0.03500000014901161], "frame_thickness": [0.03500000014901161, 0.03500000014901161, 0.03500000014901161]}}'),$);
#10808=IFCREPRESENTATIONMAP(#10809,#11204);
#10809=IFCAXIS2PLACEMENT3D(#10810,#10811,#10812);
#10810=IFCCARTESIANPOINT((0.,0.,0.));
#10811=IFCDIRECTION((0.,0.,1.));
#10812=IFCDIRECTION((1.,0.,0.));
#10816=IFCREPRESENTATIONMAP(#10817,#11285);
#10817=IFCAXIS2PLACEMENT3D(#10818,#10819,#10820);
#10818=IFCCARTESIANPOINT((0.,0.,0.));
#10819=IFCDIRECTION((0.,0.,1.));
#10820=IFCDIRECTION((1.,0.,0.));
#10864=IFCREPRESENTATIONMAP(#10865,#11318);
#10865=IFCAXIS2PLACEMENT3D(#10866,#10867,#10868);
#10866=IFCCARTESIANPOINT((0.,0.,0.));
#10867=IFCDIRECTION((0.,0.,1.));
#10868=IFCDIRECTION((1.,0.,0.));
#10886=IFCWINDOW('34Jn9wEzD52BH20MAzYdD$',$,'Window',$,$,#11343,#10895,$,0.89999997615814209,1.2000000476837158,$,.DOUBLE_PANEL_VERTICAL.,$);
#10887=IFCRELDEFINESBYTYPE('2tVajyvGXELR3dxgve7IiC',$,$,$,(#10886),#10805);
#10888=IFCCARTESIANPOINT((0.,0.,0.));
#10889=IFCDIRECTION((1.,0.,0.));
#10890=IFCDIRECTION((0.,1.,0.));
#10891=IFCDIRECTION((0.,0.,1.));
#10892=IFCCARTESIANTRANSFORMATIONOPERATOR3D(#10889,#10890,#10888,1.,#10891);
#10893=IFCMAPPEDITEM(#10808,#10892);
#10894=IFCSHAPEREPRESENTATION(#18,'Profile','MappedRepresentation',(#10893));
#10895=IFCPRODUCTDEFINITIONSHAPE($,$,(#10894,#10902,#10909));
#10896=IFCCARTESIANPOINT((0.,0.,0.));
#10897=IFCDIRECTION((1.,0.,0.));
#10898=IFCDIRECTION((0.,1.,0.));
#10899=IFCDIRECTION((0.,0.,1.));
#10900=IFCCARTESIANTRANSFORMATIONOPERATOR3D(#10897,#10898,#10896,1.,#10899);
#10901=IFCMAPPEDITEM(#10816,#10900);
#10902=IFCSHAPEREPRESENTATION(#11,'Body','MappedRepresentation',(#10901));
#10903=IFCCARTESIANPOINT((0.,0.,0.));
#10904=IFCDIRECTION((1.,0.,0.));
#10905=IFCDIRECTION((0.,1.,0.));
#10906=IFCDIRECTION((0.,0.,1.));
#10907=IFCCARTESIANTRANSFORMATIONOPERATOR3D(#10904,#10905,#10903,1.,#10906);
#10908=IFCMAPPEDITEM(#10864,#10907);
#10909=IFCSHAPEREPRESENTATION(#24,'Body','MappedRepresentation',(#10908));
#10910=IFCOPENINGELEMENT('3MumSc6Tr0pxAezwXIpf_T',$,'Opening',$,$,#11338,#10938,$,.OPENING.);
#10926=IFCCARTESIANPOINT((0.,0.,0.));
#10927=IFCDIRECTION((1.,0.,0.));
#10928=IFCDIRECTION((0.,0.,1.));
#10929=IFCAXIS2PLACEMENT3D(#10926,#10928,#10927);
#10930=IFCREPRESENTATIONMAP(#10929,#11328);
#10931=IFCCARTESIANPOINT((0.,0.,0.));
#10932=IFCDIRECTION((1.,0.,0.));
#10933=IFCDIRECTION((0.,1.,0.));
#10934=IFCDIRECTION((0.,0.,1.));
#10935=IFCCARTESIANTRANSFORMATIONOPERATOR3D(#10932,#10933,#10931,1.,#10934);
#10936=IFCMAPPEDITEM(#10930,#10935);
#10937=IFCSHAPEREPRESENTATION(#11,'Body','MappedRepresentation',(#10936));
#10938=IFCPRODUCTDEFINITIONSHAPE($,$,(#10937));
#10939=IFCRELVOIDSELEMENT('1pXAx3qY93tgkpnKGt4YRF',$,$,$,#5989,#10910);
#10945=IFCRELFILLSELEMENT('31wEasSEbARh$1LRxlFs3D',$,$,$,#10910,#10886);
#10969=IFCCARTESIANPOINTLIST2D(((0.,0.),(1.2000000476837158,0.),(1.2000000476837158,0.89999997615814209),(0.,0.89999997615814209)));
#10970=IFCINDEXEDPOLYCURVE(#10969,(IFCLINEINDEX((1,2,3,4,1))),$);
#10971=IFCCARTESIANPOINTLIST2D(((0.02500000037252903,0.02500000037252903),(1.1750000473111868,0.02500000037252903),(1.1750000473111868,0.87499997578561306),(0.02500000037252903,0.87499997578561306)));
#10972=IFCINDEXEDPOLYCURVE(#10971,(IFCLINEINDEX((1,2,3,4,1))),$);
#10973=IFCARBITRARYPROFILEDEFWITHVOIDS(.AREA.,$,#10970,(#10972));
#10974=IFCCARTESIANPOINT((0.,0.090000001713633537,0.));
#10975=IFCDIRECTION((0.,-1.,0.));
#10976=IFCDIRECTION((1.,0.,0.));
#10977=IFCAXIS2PLACEMENT3D(#10974,#10975,#10976);
#10978=IFCDIRECTION((0.,0.,-1.));
#10979=IFCEXTRUDEDAREASOLID(#10973,#10977,#10978,0.0099999997764825821);
#10980=IFCCARTESIANPOINTLIST2D(((0.,0.),(1.2000000476837158,0.),(1.2000000476837158,0.89999997615814209),(0.,0.89999997615814209)));
#10981=IFCINDEXEDPOLYCURVE(#10980,(IFCLINEINDEX((1,2,3,4,1))),$);
#10982=IFCCARTESIANPOINTLIST2D(((0.05000000074505806,0.05000000074505806),(1.1500000469386578,0.05000000074505806),(1.1500000469386578,0.84999997541308403),(0.05000000074505806,0.84999997541308403)));
#10983=IFCINDEXEDPOLYCURVE(#10982,(IFCLINEINDEX((1,2,3,4,1))),$);
#10984=IFCARBITRARYPROFILEDEFWITHVOIDS(.AREA.,$,#10981,(#10983));
#10985=IFCCARTESIANPOINT((0.,0.05000000074505806,0.));
#10986=IFCDIRECTION((0.,-1.,0.));
#10987=IFCDIRECTION((1.,0.,0.));
#10988=IFCAXIS2PLACEMENT3D(#10985,#10986,#10987);
#10989=IFCDIRECTION((0.,0.,-1.));
#10990=IFCEXTRUDEDAREASOLID(#10984,#10988,#10989,0.040000000968575478);
#10991=IFCCARTESIANPOINTLIST2D(((0.,0.),(1.1500000469386578,0.),(1.1500000469386578,0.84999997541308403),(0.,0.84999997541308403)));
#10992=IFCINDEXEDPOLYCURVE(#10991,(IFCLINEINDEX((1,2,3,4,1))),$);
#10993=IFCCARTESIANPOINTLIST2D(((0.035000000149011612,0.035000000149011612),(1.1150000467896461,0.035000000149011612),(1.1150000467896461,0.81499997526407242),(0.035000000149011612,0.81499997526407242)));
#10994=IFCINDEXEDPOLYCURVE(#10993,(IFCLINEINDEX((1,2,3,4,1))),$);
#10995=IFCARBITRARYPROFILEDEFWITHVOIDS(.AREA.,$,#10992,(#10994));
#10996=IFCCARTESIANPOINT((0.02500000037252903,0.090000001713633537,0.02500000037252903));
#10997=IFCDIRECTION((0.,-1.,0.));
#10998=IFCDIRECTION((1.,0.,0.));
#10999=IFCAXIS2PLACEMENT3D(#10996,#10997,#10998);
#11000=IFCDIRECTION((0.,0.,-1.));
#11001=IFCEXTRUDEDAREASOLID(#10995,#10999,#11000,0.035000000149011612);
#11002=IFCINDEXEDPOLYCURVE(#11003,(IFCLINEINDEX((1,2,3,4,1))),$);
#11003=IFCCARTESIANPOINTLIST2D(((0.035000000149011612,0.035000000149011612),(1.1150000467896461,0.035000000149011612),(1.1150000467896461,0.81499997526407242),(0.035000000149011612,0.81499997526407242)));
#11004=IFCARBITRARYCLOSEDPROFILEDEF(.AREA.,$,#11002);
#11005=IFCCARTESIANPOINT((0.02500000037252903,0.10250000178813934,0.02500000037252903));
#11006=IFCDIRECTION((0.,-1.,0.));
#11007=IFCDIRECTION((1.,0.,0.));
#11008=IFCAXIS2PLACEMENT3D(#11005,#11006,#11007);
#11009=IFCDIRECTION((0.,0.,-1.));
#11010=IFCEXTRUDEDAREASOLID(#11004,#11008,#11009,0.01);
#11012=IFCSHAPEREPRESENTATION(#11,'Body','SweptSolid',(#11213,#11224,#11111,#11122,#11264,#11253,#10979,#11071,#11082,#10990));
#11013=IFCSHAPEASPECT((#11012),'Lining',$,.T.,#10895);
#11014=IFCSHAPEREPRESENTATION(#11,'Body','SweptSolid',(#11275,#11133,#11235,#11093,#11001));
#11015=IFCSHAPEASPECT((#11014),'Framing',$,.T.,#10895);
#11016=IFCSHAPEREPRESENTATION(#11,'Body','SweptSolid',(#11244,#11102,#11010,#11284,#11142));
#11017=IFCSHAPEASPECT((#11016),'Glazing',$,.T.,#10895);
#11063=IFCCARTESIANPOINTLIST2D(((0.60000002384185791,0.),(0.,0.),(0.,0.89999997615814209),(0.60000002384185791,0.89999997615814209),(0.60000002384185791,0.87499997578561306),(0.02500000037252903,0.87499997578561306),(0.02500000037252903,0.02500000037252903),(0.60000002384185791,0.02500000037252903)));
#11064=IFCINDEXEDPOLYCURVE(#11063,(IFCLINEINDEX((1,2,3,4,5,6,7,8,1))),$);
#11065=IFCARBITRARYCLOSEDPROFILEDEF(.AREA.,$,#11064);
#11066=IFCCARTESIANPOINT((0.,0.090000001713633537,0.));
#11067=IFCDIRECTION((0.,-1.,0.));
#11068=IFCDIRECTION((1.,0.,0.));
#11069=IFCAXIS2PLACEMENT3D(#11066,#11067,#11068);
#11070=IFCDIRECTION((0.,0.,-1.));
#11071=IFCEXTRUDEDAREASOLID(#11065,#11069,#11070,0.0099999997764825821);
#11072=IFCCARTESIANPOINTLIST2D(((0.,0.),(0.60000002384185791,0.),(0.60000002384185791,0.89999997615814209),(0.,0.89999997615814209)));
#11073=IFCINDEXEDPOLYCURVE(#11072,(IFCLINEINDEX((1,2,3,4,1))),$);
#11074=IFCCARTESIANPOINTLIST2D(((0.05000000074505806,0.05000000074505806),(0.57500002346932888,0.05000000074505806),(0.57500002346932888,0.84999997541308403),(0.05000000074505806,0.84999997541308403)));
#11075=IFCINDEXEDPOLYCURVE(#11074,(IFCLINEINDEX((1,2,3,4,1))),$);
#11076=IFCARBITRARYPROFILEDEFWITHVOIDS(.AREA.,$,#11073,(#11075));
#11077=IFCCARTESIANPOINT((0.,0.05000000074505806,0.));
#11078=IFCDIRECTION((0.,-1.,0.));
#11079=IFCDIRECTION((1.,0.,0.));
#11080=IFCAXIS2PLACEMENT3D(#11077,#11078,#11079);
#11081=IFCDIRECTION((0.,0.,-1.));
#11082=IFCEXTRUDEDAREASOLID(#11076,#11080,#11081,0.040000000968575478);
#11083=IFCCARTESIANPOINTLIST2D(((0.,0.),(0.57500002346932888,0.),(0.57500002346932888,0.84999997541308403),(0.,0.84999997541308403)));
#11084=IFCINDEXEDPOLYCURVE(#11083,(IFCLINEINDEX((1,2,3,4,1))),$);
#11085=IFCCARTESIANPOINTLIST2D(((0.035000000149011612,0.035000000149011612),(0.54000002332031727,0.035000000149011612),(0.54000002332031727,0.81499997526407242),(0.035000000149011612,0.81499997526407242)));
#11086=IFCINDEXEDPOLYCURVE(#11085,(IFCLINEINDEX((1,2,3,4,1))),$);
#11087=IFCARBITRARYPROFILEDEFWITHVOIDS(.AREA.,$,#11084,(#11086));
#11088=IFCCARTESIANPOINT((0.02500000037252903,0.090000001713633537,0.02500000037252903));
#11089=IFCDIRECTION((0.,-1.,0.));
#11090=IFCDIRECTION((1.,0.,0.));
#11091=IFCAXIS2PLACEMENT3D(#11088,#11089,#11090);
#11092=IFCDIRECTION((0.,0.,-1.));
#11093=IFCEXTRUDEDAREASOLID(#11087,#11091,#11092,0.035000000149011612);
#11094=IFCINDEXEDPOLYCURVE(#11095,(IFCLINEINDEX((1,2,3,4,1))),$);
#11095=IFCCARTESIANPOINTLIST2D(((0.035000000149011612,0.035000000149011612),(0.54000002332031727,0.035000000149011612),(0.54000002332031727,0.81499997526407242),(0.035000000149011612,0.81499997526407242)));
#11096=IFCARBITRARYCLOSEDPROFILEDEF(.AREA.,$,#11094);
#11097=IFCCARTESIANPOINT((0.02500000037252903,0.10250000178813934,0.02500000037252903));
#11098=IFCDIRECTION((0.,-1.,0.));
#11099=IFCDIRECTION((1.,0.,0.));
#11100=IFCAXIS2PLACEMENT3D(#11097,#11098,#11099);
#11101=IFCDIRECTION((0.,0.,-1.));
#11102=IFCEXTRUDEDAREASOLID(#11096,#11100,#11101,0.01);
#11103=IFCCARTESIANPOINTLIST2D(((0.,0.89999997615814209),(0.60000002384185791,0.89999997615814209),(0.60000002384185791,0.),(0.,0.),(0.,0.02500000037252903),(0.57500002346932888,0.02500000037252903),(0.57500002346932888,0.87499997578561306),(0.,0.87499997578561306)));
#11104=IFCINDEXEDPOLYCURVE(#11103,(IFCLINEINDEX((1,2,3,4,5,6,7,8,1))),$);
#11105=IFCARBITRARYCLOSEDPROFILEDEF(.AREA.,$,#11104);
#11106=IFCCARTESIANPOINT((0.60000002384185791,0.090000001713633537,0.));
#11107=IFCDIRECTION((0.,-1.,0.));
#11108=IFCDIRECTION((1.,0.,0.));
#11109=IFCAXIS2PLACEMENT3D(#11106,#11107,#11108);
#11110=IFCDIRECTION((0.,0.,-1.));
#11111=IFCEXTRUDEDAREASOLID(#11105,#11109,#11110,0.0099999997764825821);
#11112=IFCCARTESIANPOINTLIST2D(((0.,0.),(0.60000002384185791,0.),(0.60000002384185791,0.89999997615814209),(0.,0.89999997615814209)));
#11113=IFCINDEXEDPOLYCURVE(#11112,(IFCLINEINDEX((1,2,3,4,1))),$);
#11114=IFCCARTESIANPOINTLIST2D(((0.02500000037252903,0.05000000074505806),(0.55000002309679985,0.05000000074505806),(0.55000002309679985,0.84999997541308403),(0.02500000037252903,0.84999997541308403)));
#11115=IFCINDEXEDPOLYCURVE(#11114,(IFCLINEINDEX((1,2,3,4,1))),$);
#11116=IFCARBITRARYPROFILEDEFWITHVOIDS(.AREA.,$,#11113,(#11115));
#11117=IFCCARTESIANPOINT((0.60000002384185791,0.05000000074505806,0.));
#11118=IFCDIRECTION((0.,-1.,0.));
#11119=IFCDIRECTION((1.,0.,0.));
#11120=IFCAXIS2PLACEMENT3D(#11117,#11118,#11119);
#11121=IFCDIRECTION((0.,0.,-1.));
#11122=IFCEXTRUDEDAREASOLID(#11116,#11120,#11121,0.040000000968575478);
#11123=IFCCARTESIANPOINTLIST2D(((0.,0.),(0.57500002346932888,0.),(0.57500002346932888,0.84999997541308403),(0.,0.84999997541308403)));
#11124=IFCINDEXEDPOLYCURVE(#11123,(IFCLINEINDEX((1,2,3,4,1))),$);
#11125=IFCCARTESIANPOINTLIST2D(((0.035000000149011612,0.035000000149011612),(0.54000002332031727,0.035000000149011612),(0.54000002332031727,0.81499997526407242),(0.035000000149011612,0.81499997526407242)));
#11126=IFCINDEXEDPOLYCURVE(#11125,(IFCLINEINDEX((1,2,3,4,1))),$);
#11127=IFCARBITRARYPROFILEDEFWITHVOIDS(.AREA.,$,#11124,(#11126));
#11128=IFCCARTESIANPOINT((0.60000002384185791,0.090000001713633537,0.02500000037252903));
#11129=IFCDIRECTION((0.,-1.,0.));
#11130=IFCDIRECTION((1.,0.,0.));
#11131=IFCAXIS2PLACEMENT3D(#11128,#11129,#11130);
#11132=IFCDIRECTION((0.,0.,-1.));
#11133=IFCEXTRUDEDAREASOLID(#11127,#11131,#11132,0.035000000149011612);
#11134=IFCINDEXEDPOLYCURVE(#11135,(IFCLINEINDEX((1,2,3,4,1))),$);
#11135=IFCCARTESIANPOINTLIST2D(((0.035000000149011612,0.035000000149011612),(0.54000002332031727,0.035000000149011612),(0.54000002332031727,0.81499997526407242),(0.035000000149011612,0.81499997526407242)));
#11136=IFCARBITRARYCLOSEDPROFILEDEF(.AREA.,$,#11134);
#11137=IFCCARTESIANPOINT((0.60000002384185791,0.10250000178813934,0.02500000037252903));
#11138=IFCDIRECTION((0.,-1.,0.));
#11139=IFCDIRECTION((1.,0.,0.));
#11140=IFCAXIS2PLACEMENT3D(#11137,#11138,#11139);
#11141=IFCDIRECTION((0.,0.,-1.));
#11142=IFCEXTRUDEDAREASOLID(#11136,#11140,#11141,0.01);
#11202=IFCCARTESIANPOINTLIST3D(((0.,0.,0.),(1.2000000476837158,0.,0.),(1.2000000476837158,0.,0.89999997615814209),(0.,0.,0.89999997615814209)));
#11203=IFCINDEXEDPOLYCURVE(#11202,(IFCLINEINDEX((1,2,3,4,1))),$);
#11204=IFCSHAPEREPRESENTATION(#18,'Profile','Curve3D',(#11203));
#11205=IFCCARTESIANPOINTLIST2D(((0.60000002384185791,0.),(0.,0.),(0.,0.89999997615814209),(0.60000002384185791,0.89999997615814209),(0.60000002384185791,0.87499997578561306),(0.02500000037252903,0.87499997578561306),(0.02500000037252903,0.02500000037252903),(0.60000002384185791,0.02500000037252903)));
#11206=IFCINDEXEDPOLYCURVE(#11205,(IFCLINEINDEX((1,2,3,4,5,6,7,8,1))),$);
#11207=IFCARBITRARYCLOSEDPROFILEDEF(.AREA.,$,#11206);
#11208=IFCCARTESIANPOINT((0.,0.090000001713633537,0.));
#11209=IFCDIRECTION((0.,-1.,0.));
#11210=IFCDIRECTION((1.,0.,0.));
#11211=IFCAXIS2PLACEMENT3D(#11208,#11209,#11210);
#11212=IFCDIRECTION((0.,0.,-1.));
#11213=IFCEXTRUDEDAREASOLID(#11207,#11211,#11212,0.0099999997764825821);
#11214=IFCCARTESIANPOINTLIST2D(((0.,0.),(0.60000002384185791,0.),(0.60000002384185791,0.89999997615814209),(0.,0.89999997615814209)));
#11215=IFCINDEXEDPOLYCURVE(#11214,(IFCLINEINDEX((1,2,3,4,1))),$);
#11216=IFCCARTESIANPOINTLIST2D(((0.05000000074505806,0.05000000074505806),(0.57500002346932888,0.05000000074505806),(0.57500002346932888,0.84999997541308403),(0.05000000074505806,0.84999997541308403)));
#11217=IFCINDEXEDPOLYCURVE(#11216,(IFCLINEINDEX((1,2,3,4,1))),$);
#11218=IFCARBITRARYPROFILEDEFWITHVOIDS(.AREA.,$,#11215,(#11217));
#11219=IFCCARTESIANPOINT((0.,0.05000000074505806,0.));
#11220=IFCDIRECTION((0.,-1.,0.));
#11221=IFCDIRECTION((1.,0.,0.));
#11222=IFCAXIS2PLACEMENT3D(#11219,#11220,#11221);
#11223=IFCDIRECTION((0.,0.,-1.));
#11224=IFCEXTRUDEDAREASOLID(#11218,#11222,#11223,0.040000000968575478);
#11225=IFCCARTESIANPOINTLIST2D(((0.,0.),(0.57500002346932888,0.),(0.57500002346932888,0.84999997541308403),(0.,0.84999997541308403)));
#11226=IFCINDEXEDPOLYCURVE(#11225,(IFCLINEINDEX((1,2,3,4,1))),$);
#11227=IFCCARTESIANPOINTLIST2D(((0.035000000149011612,0.035000000149011612),(0.54000002332031727,0.035000000149011612),(0.54000002332031727,0.81499997526407242),(0.035000000149011612,0.81499997526407242)));
#11228=IFCINDEXEDPOLYCURVE(#11227,(IFCLINEINDEX((1,2,3,4,1))),$);
#11229=IFCARBITRARYPROFILEDEFWITHVOIDS(.AREA.,$,#11226,(#11228));
#11230=IFCCARTESIANPOINT((0.02500000037252903,0.090000001713633537,0.02500000037252903));
#11231=IFCDIRECTION((0.,-1.,0.));
#11232=IFCDIRECTION((1.,0.,0.));
#11233=IFCAXIS2PLACEMENT3D(#11230,#11231,#11232);
#11234=IFCDIRECTION((0.,0.,-1.));
#11235=IFCEXTRUDEDAREASOLID(#11229,#11233,#11234,0.035000000149011612);
#11236=IFCINDEXEDPOLYCURVE(#11237,(IFCLINEINDEX((1,2,3,4,1))),$);
#11237=IFCCARTESIANPOINTLIST2D(((0.035000000149011612,0.035000000149011612),(0.54000002332031727,0.035000000149011612),(0.54000002332031727,0.81499997526407242),(0.035000000149011612,0.81499997526407242)));
#11238=IFCARBITRARYCLOSEDPROFILEDEF(.AREA.,$,#11236);
#11239=IFCCARTESIANPOINT((0.02500000037252903,0.10250000178813934,0.02500000037252903));
#11240=IFCDIRECTION((0.,-1.,0.));
#11241=IFCDIRECTION((1.,0.,0.));
#11242=IFCAXIS2PLACEMENT3D(#11239,#11240,#11241);
#11243=IFCDIRECTION((0.,0.,-1.));
#11244=IFCEXTRUDEDAREASOLID(#11238,#11242,#11243,0.01);
#11245=IFCCARTESIANPOINTLIST2D(((0.,0.89999997615814209),(0.60000002384185791,0.89999997615814209),(0.60000002384185791,0.),(0.,0.),(0.,0.02500000037252903),(0.57500002346932888,0.02500000037252903),(0.57500002346932888,0.87499997578561306),(0.,0.87499997578561306)));
#11246=IFCINDEXEDPOLYCURVE(#11245,(IFCLINEINDEX((1,2,3,4,5,6,7,8,1))),$);
#11247=IFCARBITRARYCLOSEDPROFILEDEF(.AREA.,$,#11246);
#11248=IFCCARTESIANPOINT((0.60000002384185791,0.090000001713633537,0.));
#11249=IFCDIRECTION((0.,-1.,0.));
#11250=IFCDIRECTION((1.,0.,0.));
#11251=IFCAXIS2PLACEMENT3D(#11248,#11249,#11250);
#11252=IFCDIRECTION((0.,0.,-1.));
#11253=IFCEXTRUDEDAREASOLID(#11247,#11251,#11252,0.0099999997764825821);
#11254=IFCCARTESIANPOINTLIST2D(((0.,0.),(0.60000002384185791,0.),(0.60000002384185791,0.89999997615814209),(0.,0.89999997615814209)));
#11255=IFCINDEXEDPOLYCURVE(#11254,(IFCLINEINDEX((1,2,3,4,1))),$);
#11256=IFCCARTESIANPOINTLIST2D(((0.02500000037252903,0.05000000074505806),(0.55000002309679985,0.05000000074505806),(0.55000002309679985,0.84999997541308403),(0.02500000037252903,0.84999997541308403)));
#11257=IFCINDEXEDPOLYCURVE(#11256,(IFCLINEINDEX((1,2,3,4,1))),$);
#11258=IFCARBITRARYPROFILEDEFWITHVOIDS(.AREA.,$,#11255,(#11257));
#11259=IFCCARTESIANPOINT((0.60000002384185791,0.05000000074505806,0.));
#11260=IFCDIRECTION((0.,-1.,0.));
#11261=IFCDIRECTION((1.,0.,0.));
#11262=IFCAXIS2PLACEMENT3D(#11259,#11260,#11261);
#11263=IFCDIRECTION((0.,0.,-1.));
#11264=IFCEXTRUDEDAREASOLID(#11258,#11262,#11263,0.040000000968575478);
#11265=IFCCARTESIANPOINTLIST2D(((0.,0.),(0.57500002346932888,0.),(0.57500002346932888,0.84999997541308403),(0.,0.84999997541308403)));
#11266=IFCINDEXEDPOLYCURVE(#11265,(IFCLINEINDEX((1,2,3,4,1))),$);
#11267=IFCCARTESIANPOINTLIST2D(((0.035000000149011612,0.035000000149011612),(0.54000002332031727,0.035000000149011612),(0.54000002332031727,0.81499997526407242),(0.035000000149011612,0.81499997526407242)));
#11268=IFCINDEXEDPOLYCURVE(#11267,(IFCLINEINDEX((1,2,3,4,1))),$);
#11269=IFCARBITRARYPROFILEDEFWITHVOIDS(.AREA.,$,#11266,(#11268));
#11270=IFCCARTESIANPOINT((0.60000002384185791,0.090000001713633537,0.02500000037252903));
#11271=IFCDIRECTION((0.,-1.,0.));
#11272=IFCDIRECTION((1.,0.,0.));
#11273=IFCAXIS2PLACEMENT3D(#11270,#11271,#11272);
#11274=IFCDIRECTION((0.,0.,-1.));
#11275=IFCEXTRUDEDAREASOLID(#11269,#11273,#11274,0.035000000149011612);
#11276=IFCINDEXEDPOLYCURVE(#11277,(IFCLINEINDEX((1,2,3,4,1))),$);
#11277=IFCCARTESIANPOINTLIST2D(((0.035000000149011612,0.035000000149011612),(0.54000002332031727,0.035000000149011612),(0.54000002332031727,0.81499997526407242),(0.035000000149011612,0.81499997526407242)));
#11278=IFCARBITRARYCLOSEDPROFILEDEF(.AREA.,$,#11276);
#11279=IFCCARTESIANPOINT((0.60000002384185791,0.10250000178813934,0.02500000037252903));
#11280=IFCDIRECTION((0.,-1.,0.));
#11281=IFCDIRECTION((1.,0.,0.));
#11282=IFCAXIS2PLACEMENT3D(#11279,#11280,#11281);
#11283=IFCDIRECTION((0.,0.,-1.));
#11284=IFCEXTRUDEDAREASOLID(#11278,#11282,#11283,0.01);
#11285=IFCSHAPEREPRESENTATION(#11,'Body','SweptSolid',(#11213,#11224,#11235,#11244,#11253,#11264,#11275,#11284));
#11286=IFCCARTESIANPOINTLIST2D(((0.05000000074505806,0.05000000074505806),(0.57500002346932888,0.05000000074505806)));
#11287=IFCINDEXEDPOLYCURVE(#11286,$,$);
#11288=IFCCARTESIANPOINTLIST2D(((0.,0.10000000149011612),(0.02500000037252903,0.10000000149011612),(0.02500000037252903,0.090000001713633537),(0.05000000074505806,0.090000001713633537),(0.05000000074505806,0.05000000074505806),(0.,0.05000000074505806)));
#11289=IFCINDEXEDPOLYCURVE(#11288,(IFCLINEINDEX((1,2,3,4,5,6,1))),$);
#11290=IFCCARTESIANPOINTLIST2D(((0.60000002384185791,0.10000000149011612),(0.60000002384185791,0.10000000149011612),(0.60000002384185791,0.090000001713633537),(0.57500002346932888,0.090000001713633537),(0.57500002346932888,0.05000000074505806),(0.60000002384185791,0.05000000074505806)));
#11291=IFCINDEXEDPOLYCURVE(#11290,$,$);
#11292=IFCCARTESIANPOINTLIST2D(((0.02500000037252903,0.090000001713633537),(0.060000000521540642,0.090000001713633537),(0.060000000521540642,0.12500000186264515),(0.02500000037252903,0.12500000186264515)));
#11293=IFCINDEXEDPOLYCURVE(#11292,(IFCLINEINDEX((1,2,3,4,1))),$);
#11294=IFCINDEXEDPOLYCURVE(#11295,(IFCLINEINDEX((1,2,3,4,1))),$);
#11295=IFCCARTESIANPOINTLIST2D(((0.60000002384185791,0.090000001713633537),(0.5650000236928463,0.090000001713633537),(0.5650000236928463,0.12500000186264515),(0.60000002384185791,0.12500000186264515)));
#11296=IFCCARTESIANPOINTLIST2D(((0.060000000521540642,0.090000001713633537),(0.5650000236928463,0.090000001713633537)));
#11297=IFCINDEXEDPOLYCURVE(#11296,$,$);
#11298=IFCINDEXEDPOLYCURVE(#11299,$,$);
#11299=IFCCARTESIANPOINTLIST2D(((0.060000000521540642,0.12500000186264515),(0.5650000236928463,0.12500000186264515)));
#11300=IFCINDEXEDPOLYCURVE(#11301,$,$);
#11301=IFCCARTESIANPOINTLIST2D(((0.060000000521540642,0.10750000178813934),(0.5650000236928463,0.10750000178813934)));
#11302=IFCCARTESIANPOINTLIST2D(((0.62500002421438694,0.05000000074505806),(1.1500000469386578,0.05000000074505806)));
#11303=IFCINDEXEDPOLYCURVE(#11302,$,$);
#11304=IFCCARTESIANPOINTLIST2D(((0.60000002384185791,0.10000000149011612),(0.60000002384185791,0.10000000149011612),(0.60000002384185791,0.090000001713633537),(0.62500002421438694,0.090000001713633537),(0.62500002421438694,0.05000000074505806),(0.60000002384185791,0.05000000074505806)));
#11305=IFCINDEXEDPOLYCURVE(#11304,$,$);
#11306=IFCCARTESIANPOINTLIST2D(((1.2000000476837158,0.10000000149011612),(1.1750000473111868,0.10000000149011612),(1.1750000473111868,0.090000001713633537),(1.1500000469386578,0.090000001713633537),(1.1500000469386578,0.05000000074505806),(1.2000000476837158,0.05000000074505806)));
#11307=IFCINDEXEDPOLYCURVE(#11306,(IFCLINEINDEX((1,2,3,4,5,6,1))),$);
#11308=IFCCARTESIANPOINTLIST2D(((0.60000002384185791,0.090000001713633537),(0.63500002399086952,0.090000001713633537),(0.63500002399086952,0.12500000186264515),(0.60000002384185791,0.12500000186264515)));
#11309=IFCINDEXEDPOLYCURVE(#11308,(IFCLINEINDEX((1,2,3,4,1))),$);
#11310=IFCINDEXEDPOLYCURVE(#11311,(IFCLINEINDEX((1,2,3,4,1))),$);
#11311=IFCCARTESIANPOINTLIST2D(((1.1750000473111868,0.090000001713633537),(1.1400000471621752,0.090000001713633537),(1.1400000471621752,0.12500000186264515),(1.1750000473111868,0.12500000186264515)));
#11312=IFCCARTESIANPOINTLIST2D(((0.63500002399086952,0.090000001713633537),(1.1400000471621752,0.090000001713633537)));
#11313=IFCINDEXEDPOLYCURVE(#11312,$,$);
#11314=IFCINDEXEDPOLYCURVE(#11315,$,$);
#11315=IFCCARTESIANPOINTLIST2D(((0.63500002399086952,0.12500000186264515),(1.1400000471621752,0.12500000186264515)));
#11316=IFCINDEXEDPOLYCURVE(#11317,$,$);
#11317=IFCCARTESIANPOINTLIST2D(((0.63500002399086952,0.10750000178813934),(1.1400000471621752,0.10750000178813934)));
#11318=IFCSHAPEREPRESENTATION(#24,'Body','Curve2D',(#11287,#11289,#11291,#11293,#11294,#11297,#11298,#11300,#11303,#11305,#11307,#11309,#11310,#11313,#11314,#11316));
#11319=IFCCARTESIANPOINTLIST2D(((0.,0.),(1.2000000476837158,0.),(1.2000000476837158,0.89999997615814209),(0.,0.89999997615814209)));
#11320=IFCINDEXEDPOLYCURVE(#11319,(IFCLINEINDEX((1,2,3,4,1))),$);
#11321=IFCARBITRARYCLOSEDPROFILEDEF(.AREA.,$,#11320);
#11322=IFCCARTESIANPOINT((0.,-0.60000002384185791,0.));
#11323=IFCDIRECTION((0.,-1.,0.));
#11324=IFCDIRECTION((1.,0.,0.));
#11325=IFCAXIS2PLACEMENT3D(#11322,#11323,#11324);
#11326=IFCDIRECTION((0.,0.,-1.));
#11327=IFCEXTRUDEDAREASOLID(#11321,#11325,#11326,1.2);
#11328=IFCSHAPEREPRESENTATION(#11,'Body','SweptSolid',(#11327));
#11334=IFCCARTESIANPOINT((0.32681844592208176,2.384185791015625E-07,1.));
#11335=IFCDIRECTION((0.,0.,1.));
#11336=IFCDIRECTION((0.99999999999997158,-2.3841857910155572E-07,0.));
#11337=IFCAXIS2PLACEMENT3D(#11334,#11335,#11336);
#11338=IFCLOCALPLACEMENT(#6141,#11337);
#11339=IFCCARTESIANPOINT((8.8817841970012523E-16,0.,0.));
#11340=IFCDIRECTION((0.,0.,1.));
#11341=IFCDIRECTION((1.,0.,0.));
#11342=IFCAXIS2PLACEMENT3D(#11339,#11340,#11341);
#11343=IFCLOCALPLACEMENT(#11338,#11342);
#11344=IFCBUILDING('2$7mpWkkz5$h3JfA_UXUPm',$,'Roof',$,$,#11365,$,$,$,$,$,$);
#11361=IFCCARTESIANPOINT((0.,0.,6.));
#11362=IFCDIRECTION((0.,0.,1.));
#11363=IFCDIRECTION((1.,0.,0.));
#11364=IFCAXIS2PLACEMENT3D(#11361,#11362,#11363);
#11365=IFCLOCALPLACEMENT(#56,#11364);
#11366=IFCSLAB('1LWAmg1P95xQT7g8ioJSLb',$,'Slab',$,$,#11374,#11381,$,$);
#11367=IFCRELCONTAINEDINSPATIALSTRUCTURE('0BGtizPZ5AjAJirHgYkf3o',$,$,$,(#11366,#11448),#11344);
#11368=IFCMATERIALLAYERSETUSAGE(#1243,.AXIS3.,.POSITIVE.,-0.10000000149011612,$);
#11369=IFCRELASSOCIATESMATERIAL('01civYcbj61gQFVGjibxTP',$,$,$,(#11366),#11368);
#11370=IFCCARTESIANPOINT((4.2115483283996582,6.5098943710327148,0.));
#11371=IFCDIRECTION((0.,0.,1.));
#11372=IFCDIRECTION((1.,0.,0.));
#11373=IFCAXIS2PLACEMENT3D(#11370,#11371,#11372);
#11374=IFCLOCALPLACEMENT(#11365,#11373);
#11375=IFCCARTESIANPOINTLIST2D(((0.,0.),(-3.9354643821716309,4.76837158203125E-07),(-3.9354643821716309,-0.9999995231628418),(-7.4849433898925781,-0.97999858856201172),(-7.4849414825439453,-8.1299991607666016),(-3.9241235256195068,-8.1375675201416016),(-3.9256584644317627,-8.7231025695800781),(-2.3785347938537598,-8.7227115631103516),(-2.3768110275268555,-9.6231021881103516),(0.0031886100769042969,-9.6231021881103516),(0.,0.)));
#11376=IFCINDEXEDPOLYCURVE(#11375,$,$);
#11377=IFCDIRECTION((0.,0.,1.));
#11378=IFCARBITRARYCLOSEDPROFILEDEF(.AREA.,$,#11376);
#11379=IFCEXTRUDEDAREASOLID(#11378,#11388,#11377,0.10000000000000001);
#11380=IFCSHAPEREPRESENTATION(#11,'Body','SweptSolid',(#11379));
#11381=IFCPRODUCTDEFINITIONSHAPE($,$,(#11380));
#11382=IFCPROPERTYSET('01AizORS558uzzKGZ03dCP',$,'EPset_Parametric',$,(#11384));
#11383=IFCRELDEFINESBYPROPERTIES('081HHjrS5AWvb$1DsSTtxH',$,$,$,(#11366),#11382);
#11384=IFCPROPERTYSINGLEVALUE('Engine',$,IFCLABEL('Bonsai.DumbLayer3'),$);
#11385=IFCCARTESIANPOINT((-0.,-0.,-0.10000000149011612));
#11386=IFCDIRECTION((0.,0.,1.));
#11387=IFCDIRECTION((1.,0.,0.));
#11388=IFCAXIS2PLACEMENT3D(#11385,#11386,#11387);
#11389=IFCROOFTYPE('2ubk6iwYzFjgUMtw2labO_',$,'roof',$,$,(#11390),(#11419,#11447),$,$,.HIP_ROOF.);
#11390=IFCPROPERTYSET('05MpxA7pPFzQd8W9KGborx',$,'BBIM_Roof',$,(#11391));
#11391=IFCPROPERTYSINGLEVALUE('Data',$,IFCTEXT('{"roof_type": "HIP/GABLE ROOF", "generation_method": "ANGLE", "roof_thickness": 0.10000000149011612, "rafter_edge_angle": 1.5707963705062866, "angle": 0.1745329201221466, "percentage": 17.63269805908203, "path_data": {"edges": [[0, 1], [1, 2], [2, 3], [3, 0]], "verts": [[-5.0, -5.0, 0.0], [-5.0, 5.0, 0.0], [5.0, 5.0, 0.0], [5.0, -5.0, 0.0]]}}'),$);
#11415=IFCCARTESIANPOINT((0.,0.,0.));
#11416=IFCDIRECTION((1.,0.,0.));
#11417=IFCDIRECTION((0.,0.,1.));
#11418=IFCAXIS2PLACEMENT3D(#11415,#11417,#11416);
#11419=IFCREPRESENTATIONMAP(#11418,#11438);
#11420=IFCINDEXEDPOLYGONALFACE((3,1,2));
#11421=IFCINDEXEDPOLYGONALFACE((2,4,3));
#11422=IFCINDEXEDPOLYGONALFACE((1,3,5));
#11423=IFCINDEXEDPOLYGONALFACE((4,5,3));
#11424=IFCINDEXEDPOLYGONALFACE((6,7,8));
#11425=IFCINDEXEDPOLYGONALFACE((8,2,1));
#11426=IFCINDEXEDPOLYGONALFACE((8,1,6));
#11427=IFCINDEXEDPOLYGONALFACE((8,7,9));
#11428=IFCINDEXEDPOLYGONALFACE((2,8,9));
#11429=IFCINDEXEDPOLYGONALFACE((2,9,4));
#11430=IFCINDEXEDPOLYGONALFACE((10,7,6));
#11431=IFCINDEXEDPOLYGONALFACE((6,1,5));
#11432=IFCINDEXEDPOLYGONALFACE((6,5,10));
#11433=IFCINDEXEDPOLYGONALFACE((9,7,10));
#11434=IFCINDEXEDPOLYGONALFACE((4,9,10));
#11435=IFCINDEXEDPOLYGONALFACE((4,10,5));
#11436=IFCCARTESIANPOINTLIST3D(((-5.,-5.,0.),(5.,-5.,0.),(0.,0.,0.88163489103317261),(5.,5.,0.),(-5.,5.,0.),(-5.,-5.,-0.10154265910387039),(0.,0.,0.78009223937988281),(5.,-5.,-0.10154265910387039),(5.,5.,-0.10154265910387039),(-5.,5.,-0.10154265910387039)));
#11437=IFCPOLYGONALFACESET(#11436,.T.,(#11420,#11421,#11422,#11423,#11424,#11425,#11426,#11427,#11428,#11429,#11430,#11431,#11432,#11433,#11434,#11435),$);
#11438=IFCSHAPEREPRESENTATION(#11,'Body','Tessellation',(#11437));
#11440=IFCCARTESIANPOINT((-5.,-5.,-0.10154265910387039));
#11441=IFCBOUNDINGBOX(#11440,10.,10.,0.9831775426864624);
#11442=IFCSHAPEREPRESENTATION(#13,'Box','BoundingBox',(#11441));
#11443=IFCCARTESIANPOINT((0.,0.,0.));
#11444=IFCDIRECTION((1.,0.,0.));
#11445=IFCDIRECTION((0.,0.,1.));
#11446=IFCAXIS2PLACEMENT3D(#11443,#11445,#11444);
#11447=IFCREPRESENTATIONMAP(#11446,#11442);
#11448=IFCROOF('1KpX4_nJ57WhPZh3Zv3qai',$,'Roof',$,$,#11593,#11457,$,$);
#11449=IFCRELDEFINESBYTYPE('29VWbpo_X9phApDHpAOyIR',$,$,$,(#11448),#11389);
#11450=IFCCARTESIANPOINT((0.,0.,0.));
#11451=IFCDIRECTION((1.,0.,0.));
#11452=IFCDIRECTION((0.,1.,0.));
#11453=IFCDIRECTION((0.,0.,1.));
#11454=IFCCARTESIANTRANSFORMATIONOPERATOR3D(#11451,#11452,#11450,1.,#11453);
#11455=IFCMAPPEDITEM(#11419,#11454);
#11456=IFCSHAPEREPRESENTATION(#11,'Body','MappedRepresentation',(#11455));
#11457=IFCPRODUCTDEFINITIONSHAPE($,$,(#11456,#11464));
#11458=IFCCARTESIANPOINT((0.,0.,0.));
#11459=IFCDIRECTION((1.,0.,0.));
#11460=IFCDIRECTION((0.,1.,0.));
#11461=IFCDIRECTION((0.,0.,1.));
#11462=IFCCARTESIANTRANSFORMATIONOPERATOR3D(#11459,#11460,#11458,1.,#11461);
#11463=IFCMAPPEDITEM(#11447,#11462);
#11464=IFCSHAPEREPRESENTATION(#13,'Box','MappedRepresentation',(#11463));
#11485=IFCCARTESIANPOINTLIST3D(((0.,0.,0.),(1.9963154792785645,0.,0.),(1.9963154792785645,0.,2.),(0.,0.,2.)));
#11486=IFCINDEXEDPOLYCURVE(#11485,(IFCLINEINDEX((1,2,3,4,1))),$);
#11487=IFCSHAPEREPRESENTATION(#18,'Profile','Curve3D',(#11486));
#11488=IFCCARTESIANPOINTLIST2D(((0.,0.),(0.,2.),(1.9963154792785645,2.),(1.9963154792785645,0.),(1.9463154785335064,0.),(1.9463154785335064,1.9499999992549419),(0.05000000074505806,1.9499999992549419),(0.05000000074505806,0.)));
#11489=IFCINDEXEDPOLYCURVE(#11488,(IFCLINEINDEX((1,2,3,4,5,6,7,8,1))),$);
#11490=IFCARBITRARYCLOSEDPROFILEDEF(.AREA.,$,#11489);
#11491=IFCCARTESIANPOINT((0.,0.,0.));
#11492=IFCDIRECTION((0.,-1.,0.));
#11493=IFCDIRECTION((1.,0.,0.));
#11494=IFCAXIS2PLACEMENT3D(#11491,#11492,#11493);
#11495=IFCDIRECTION((0.,0.,-1.));
#11496=IFCEXTRUDEDAREASOLID(#11490,#11494,#11495,0.05000000074505806);
#11497=IFCCARTESIANPOINTLIST2D(((0.,0.),(1.8963154777884483,0.),(1.8963154777884483,0.10000000149011612),(0.,0.10000000149011612)));
#11498=IFCINDEXEDPOLYCURVE(#11497,(IFCLINEINDEX((1,2,3,4,1))),$);
#11499=IFCARBITRARYCLOSEDPROFILEDEF(.AREA.,$,#11498);
#11500=IFCCARTESIANPOINT((0.05000000074505806,0.,0.));
#11501=IFCDIRECTION((0.,0.,1.));
#11502=IFCDIRECTION((1.,0.,0.));
#11503=IFCAXIS2PLACEMENT3D(#11500,#11501,#11502);
#11504=IFCDIRECTION((0.,0.,1.));
#11505=IFCEXTRUDEDAREASOLID(#11499,#11503,#11504,0.02500000037252903);
#11506=IFCCARTESIANPOINTLIST2D(((0.,0.),(0.,2.0250000022351742),(2.0463154837489128,2.0250000022351742),(2.0463154837489128,0.),(1.9713154807686806,0.),(1.9713154807686806,1.9499999992549419),(0.075000002980232239,1.9499999992549419),(0.075000002980232239,0.)));
#11507=IFCINDEXEDPOLYCURVE(#11506,(IFCLINEINDEX((1,2,3,4,5,6,7,8,1))),$);
#11508=IFCARBITRARYCLOSEDPROFILEDEF(.AREA.,$,#11507);
#11509=IFCCARTESIANPOINT((-0.025000002235174179,-0.004999999888241291,0.));
#11510=IFCDIRECTION((0.,-1.,0.));
#11511=IFCDIRECTION((1.,0.,0.));
#11512=IFCAXIS2PLACEMENT3D(#11509,#11510,#11511);
#11513=IFCDIRECTION((0.,0.,-1.));
#11514=IFCEXTRUDEDAREASOLID(#11508,#11512,#11513,0.004999999888241291);
#11515=IFCCARTESIANPOINTLIST2D(((0.,0.),(0.,2.0250000022351742),(2.0463154837489128,2.0250000022351742),(2.0463154837489128,0.),(1.9713154807686806,0.),(1.9713154807686806,1.9499999992549419),(0.075000002980232239,1.9499999992549419),(0.075000002980232239,0.)));
#11516=IFCINDEXEDPOLYCURVE(#11515,(IFCLINEINDEX((1,2,3,4,5,6,7,8,1))),$);
#11517=IFCARBITRARYCLOSEDPROFILEDEF(.AREA.,$,#11516);
#11518=IFCCARTESIANPOINT((-0.025000002235174179,0.05000000074505806,0.));
#11519=IFCDIRECTION((0.,-1.,0.));
#11520=IFCDIRECTION((1.,0.,0.));
#11521=IFCAXIS2PLACEMENT3D(#11518,#11519,#11520);
#11522=IFCDIRECTION((0.,0.,-1.));
#11523=IFCEXTRUDEDAREASOLID(#11517,#11521,#11522,0.004999999888241291);
#11524=IFCCARTESIANPOINTLIST2D(((0.,0.),(1.8963154777884483,0.),(1.8963154777884483,0.035000000149011612),(0.,0.035000000149011612)));
#11525=IFCINDEXEDPOLYCURVE(#11524,(IFCLINEINDEX((1,2,3,4,1))),$);
#11526=IFCARBITRARYCLOSEDPROFILEDEF(.AREA.,$,#11525);
#11527=IFCCARTESIANPOINT((0.05000000074505806,-0.035000000149011612,0.02500000037252903));
#11528=IFCDIRECTION((0.,0.,1.));
#11529=IFCDIRECTION((1.,0.,0.));
#11530=IFCAXIS2PLACEMENT3D(#11527,#11528,#11529);
#11531=IFCDIRECTION((0.,0.,1.));
#11532=IFCEXTRUDEDAREASOLID(#11526,#11530,#11531,1.9249999988824129);
#11533=IFCCARTESIANPOINTLIST2D(((0.,0.),(0.,-0.040000000000000008),(-0.11999999999999988,-0.040000000000000008),(-0.11999999999999988,-0.020000000000000004),(-0.020000000000000018,-0.020000000000000004),(-0.020000000000000018,0.)));
#11534=IFCINDEXEDPOLYCURVE(#11533,(IFCLINEINDEX((1,2,3,4,5,6,1))),$);
#11535=IFCARBITRARYCLOSEDPROFILEDEF(.AREA.,$,#11534);
#11536=IFCCARTESIANPOINT((1.8963154785335063,-0.035000000149011612,1.015000000372529));
#11537=IFCDIRECTION((0.,0.,1.));
#11538=IFCDIRECTION((1.,0.,0.));
#11539=IFCAXIS2PLACEMENT3D(#11536,#11537,#11538);
#11540=IFCDIRECTION((0.,0.,1.));
#11541=IFCEXTRUDEDAREASOLID(#11535,#11539,#11540,0.02);
#11542=IFCEXTRUDEDAREASOLID(#11543,#11546,#11550,0.02);
#11543=IFCARBITRARYCLOSEDPROFILEDEF(.AREA.,$,#11544);
#11544=IFCINDEXEDPOLYCURVE(#11545,(IFCLINEINDEX((1,2,3,4,5,6,1))),$);
#11545=IFCCARTESIANPOINTLIST2D(((0.,0.),(0.,0.040000000000000008),(-0.11999999999999988,0.040000000000000008),(-0.11999999999999988,0.020000000000000004),(-0.020000000000000018,0.020000000000000004),(-0.020000000000000018,0.)));
#11546=IFCAXIS2PLACEMENT3D(#11547,#11548,#11549);
#11547=IFCCARTESIANPOINT((1.8963154785335063,0.,1.015000000372529));
#11548=IFCDIRECTION((0.,0.,1.));
#11549=IFCDIRECTION((1.,0.,0.));
#11550=IFCDIRECTION((0.,0.,1.));
#11551=IFCSHAPEREPRESENTATION(#11,'Body','SweptSolid',(#11496,#11532,#11541,#11542,#11505,#11514,#11523));
#11552=IFCCARTESIANPOINTLIST2D(((0.,0.),(0.05000000074505806,0.),(0.05000000074505806,0.05000000074505806),(0.,0.05000000074505806)));
#11553=IFCINDEXEDPOLYCURVE(#11552,(IFCLINEINDEX((1,2,3,4,1))),$);
#11554=IFCINDEXEDPOLYCURVE(#11555,(IFCLINEINDEX((1,2,3,4,1))),$);
#11555=IFCCARTESIANPOINTLIST2D(((1.9963154792785645,0.),(1.9463154785335064,0.),(1.9463154785335064,0.05000000074505806),(1.9963154792785645,0.05000000074505806)));
#11556=IFCCARTESIANPOINTLIST2D(((-0.89815773814916611,-0.035000000149011612),(0.99815773963928223,-0.035000000149011612),(0.99815773963928223,0.),(-0.89815773814916611,0.)));
#11557=IFCINDEXEDPOLYCURVE(#11556,(IFCLINEINDEX((1,2,3,4,1))),$);
#11558=IFCSHAPEREPRESENTATION(#24,'Body','Curve2D',(#11553,#11554,#11557));
#11559=IFCCARTESIANPOINTLIST2D(((0.71371041797101498,-0.081587428267465345),(1.2826050613075495,-0.081587428267465345)));
#11560=IFCINDEXEDPOLYCURVE(#11559,$,$);
#11561=IFCCARTESIANPOINTLIST2D(((0.743710417971015,-0.050529142855162856),(0.71371041797101498,-0.081587428267465345),(0.743710417971015,-0.11264571367976783)));
#11562=IFCINDEXEDPOLYCURVE(#11561,$,$);
#11563=IFCSHAPEREPRESENTATION(#25,'Annotation','Curve2D',(#11560,#11562));
#11564=IFCCARTESIANPOINTLIST2D(((0.,0.),(1.9963154792785645,0.),(1.9963154792785645,2.),(0.,2.)));
#11565=IFCINDEXEDPOLYCURVE(#11564,(IFCLINEINDEX((1,2,3,4,1))),$);
#11566=IFCARBITRARYCLOSEDPROFILEDEF(.AREA.,$,#11565);
#11567=IFCCARTESIANPOINT((0.,-0.60000002384185791,0.));
#11568=IFCDIRECTION((0.,-1.,0.));
#11569=IFCDIRECTION((1.,0.,0.));
#11570=IFCAXIS2PLACEMENT3D(#11567,#11568,#11569);
#11571=IFCDIRECTION((0.,0.,-1.));
#11572=IFCEXTRUDEDAREASOLID(#11566,#11570,#11571,1.2);
#11573=IFCSHAPEREPRESENTATION(#11,'Body','SweptSolid',(#11572));
#11579=IFCCARTESIANPOINT((3.3812612857515583,0.084997653961181641,0.));
#11580=IFCDIRECTION((0.,0.,1.));
#11581=IFCDIRECTION((-0.99999999999962497,8.6625152562159459E-07,0.));
#11582=IFCAXIS2PLACEMENT3D(#11579,#11580,#11581);
#11583=IFCLOCALPLACEMENT(#5833,#11582);
#11584=IFCCARTESIANPOINT((0.,0.,0.));
#11585=IFCDIRECTION((0.,0.,1.));
#11586=IFCDIRECTION((1.,0.,0.));
#11587=IFCAXIS2PLACEMENT3D(#11584,#11585,#11586);
#11588=IFCLOCALPLACEMENT(#11583,#11587);
#11589=IFCCARTESIANPOINT((1.0545487403869629,1.6485388278961182,0.10154247283935547));
#11590=IFCDIRECTION((0.,0.,1.));
#11591=IFCDIRECTION((1.,0.,0.));
#11592=IFCAXIS2PLACEMENT3D(#11589,#11590,#11591);
#11593=IFCLOCALPLACEMENT(#11365,#11592);
ENDSEC;
END-ISO-10303-21;
