ISO-10303-21;
HEADER;
FILE_DESCRIPTION(('ViewDefinition[DesignTransferView]'),'2;1');
FILE_NAME('s05-discussion.ifc','2026-10-07T14:49:39+08:00',(''),(''),'IfcOpenShell 0.8.5-post1','Bonsai 0.8.5-post1','Nobody');
FILE_SCHEMA(('IFC4'));
ENDSEC;
DATA;
#1=IFCPROJECT('0LKC0WpbD8PA_XBrFhCpaF',$,'My Project',$,$,$,$,(#10,#22),#5);
#2=IFCSIUNIT(*,.LENGTHUNIT.,$,.METRE.);
#3=IFCSIUNIT(*,.AREAUNIT.,$,.SQUARE_METRE.);
#4=IFCSIUNIT(*,.VOLUMEUNIT.,$,.CUBIC_METRE.);
#5=IFCUNITASSIGNMENT((#3,#4,#2));
#6=IFCCARTESIANPOINT((0.,0.,0.));
#7=IFCDIRECTION((0.,0.,1.));
#8=IFCDIRECTION((1.,0.,0.));
#9=IFCAXIS2PLACEMENT3D(#6,#7,#8);
#10=IFCGEOMETRICREPRESENTATIONCONTEXT($,'Model',3,1.0000000000000001E-05,#9,$);
#11=IFCGEOMETRICREPRESENTATIONSUBCONTEXT('Body','Model',*,*,*,*,#10,$,.MODEL_VIEW.,$);
#12=IFCGEOMETRICREPRESENTATIONSUBCONTEXT('Axis','Model',*,*,*,*,#10,$,.GRAPH_VIEW.,$);
#13=IFCGEOMETRICREPRESENTATIONSUBCONTEXT('Box','Model',*,*,*,*,#10,$,.MODEL_VIEW.,$);
#14=IFCGEOMETRICREPRESENTATIONSUBCONTEXT('Annotation','Model',*,*,*,*,#10,$,.SECTION_VIEW.,$);
#15=IFCGEOMETRICREPRESENTATIONSUBCONTEXT('Annotation','Model',*,*,*,*,#10,$,.ELEVATION_VIEW.,$);
#16=IFCGEOMETRICREPRESENTATIONSUBCONTEXT('Annotation','Model',*,*,*,*,#10,$,.MODEL_VIEW.,$);
#17=IFCGEOMETRICREPRESENTATIONSUBCONTEXT('Annotation','Model',*,*,*,*,#10,$,.PLAN_VIEW.,$);
#18=IFCGEOMETRICREPRESENTATIONSUBCONTEXT('Profile','Model',*,*,*,*,#10,$,.ELEVATION_VIEW.,$);
#19=IFCCARTESIANPOINT((0.,0.));
#20=IFCDIRECTION((1.,0.));
#21=IFCAXIS2PLACEMENT2D(#19,#20);
#22=IFCGEOMETRICREPRESENTATIONCONTEXT($,'Plan',2,1.0000000000000001E-05,#21,$);
#23=IFCGEOMETRICREPRESENTATIONSUBCONTEXT('Axis','Plan',*,*,*,*,#22,$,.GRAPH_VIEW.,$);
#24=IFCGEOMETRICREPRESENTATIONSUBCONTEXT('Body','Plan',*,*,*,*,#22,$,.PLAN_VIEW.,$);
#25=IFCGEOMETRICREPRESENTATIONSUBCONTEXT('Annotation','Plan',*,*,*,*,#22,$,.PLAN_VIEW.,$);
#26=IFCGEOMETRICREPRESENTATIONSUBCONTEXT('Annotation','Plan',*,*,*,*,#22,$,.REFLECTED_PLAN_VIEW.,$);
#27=IFCSITE('3sxFqmKV11_gxIDDl4Y_lg',$,'My Site',$,$,#50,$,$,$,$,$,$,$,$);
#33=IFCBUILDING('1m$GK7e2DEmQbG02497vaR',$,'My Building',$,$,#56,$,$,$,$,$,$);
#39=IFCBUILDINGSTOREY('2R6MNMnc19kvhLRgWBcpIA',$,'2f',$,$,#3715,$,$,$,$);
#45=IFCRELAGGREGATES('1_RJbdlwTDUxVnKgiFxrsP',$,$,$,#1,(#27));
#46=IFCCARTESIANPOINT((0.,0.,0.));
#47=IFCDIRECTION((0.,0.,1.));
#48=IFCDIRECTION((1.,0.,0.));
#49=IFCAXIS2PLACEMENT3D(#46,#47,#48);
#50=IFCLOCALPLACEMENT($,#49);
#51=IFCRELAGGREGATES('2gEE4hZJL21eNiiRKAsuF8',$,$,$,#27,(#33));
#52=IFCCARTESIANPOINT((0.,0.,0.));
#53=IFCDIRECTION((0.,0.,1.));
#54=IFCDIRECTION((1.,0.,0.));
#55=IFCAXIS2PLACEMENT3D(#52,#53,#54);
#56=IFCLOCALPLACEMENT(#50,#55);
#57=IFCRELAGGREGATES('3d3$WNXYPCYRg2fQzL4rGw',$,$,$,#33,(#39,#63,#80));
#63=IFCBUILDINGSTOREY('2esyIuEzn3I93tte1tdoBI',$,'gf',$,$,#79,$,$,$,$);
#75=IFCCARTESIANPOINT((0.,0.,0.));
#76=IFCDIRECTION((0.,0.,1.));
#77=IFCDIRECTION((1.,0.,0.));
#78=IFCAXIS2PLACEMENT3D(#75,#76,#77);
#79=IFCLOCALPLACEMENT(#56,#78);
#80=IFCBUILDINGSTOREY('3mdEvjtbXFceVjNFlrymzZ',$,'roof',$,$,#3720,$,$,$,$);
#97=IFCWALLTYPE('3drvoLEg97UueodViKC4lv',$,'wall-gf',$,$,(#102),$,$,$,.SOLIDWALL.);
#98=IFCMATERIAL('Unknown',$,$);
#99=IFCMATERIALLAYERSET((#101),$,$);
#100=IFCRELASSOCIATESMATERIAL('14mgb2rY11JQh6r4Ows1wu',$,$,$,(#97),#99);
#101=IFCMATERIALLAYER(#98,0.10000000000000001,$,$,$,$,$);
#102=IFCPROPERTYSET('1NHkebKzX6VOfHMxbn3mhx',$,'EPset_Parametric',$,(#103));
#103=IFCPROPERTYSINGLEVALUE('LayerSetDirection',$,IFCLABEL('AXIS2'),$);
#104=IFCWALL('1FLkBEzZb1GPgIpMMj3NWf',$,'Wall',$,$,#655,#112,$,$);
#105=IFCRELCONTAINEDINSPATIALSTRUCTURE('3jfW3SQevFWhXZAdIsyCBm',$,$,$,(#10063,#11597,#231,#3282,#11806,#11249,#11524,#3537,#2914,#10408,#656,#856,#156,#10595,#10773,#10280,#11740,#10249,#281,#1093,#206,#11475,#11497,#10819,#11620,#11642,#11686,#131,#10667,#11360,#2264,#11294,#11448,#11272,#11404,#681,#11426,#256,#11338,#10497,#10310,#181,#10752,#1385,#1999,#881,#1706,#786,#104,#9134,#11551,#962,#11718,#11762),#63);
#106=IFCRELDEFINESBYTYPE('14GkbbsQfFm9j9CGTqPQPg',$,$,$,(#256,#156,#181,#281,#231,#131,#856,#681,#881,#656,#104,#786,#206),#97);
#107=IFCMATERIALLAYERSETUSAGE(#99,.AXIS2.,.POSITIVE.,0.,$);
#108=IFCRELASSOCIATESMATERIAL('3AJSDCuhn1APYTITSum_JR',$,$,$,(#104),#107);
#112=IFCPRODUCTDEFINITIONSHAPE($,$,(#650,#647));
#128=IFCPROPERTYSET('0B8hUuJHj7dO2HaldPzaaX',$,'EPset_Parametric',$,(#130));
#129=IFCRELDEFINESBYPROPERTIES('08VEGOVkX7UvZ4lBuCs297',$,$,$,(#104),#128);
#130=IFCPROPERTYSINGLEVALUE('Engine',$,IFCLABEL('Bonsai.DumbLayer2'),$);
#131=IFCWALL('359YG_dADDegNRQjhRbZ5c',$,'Wall',$,$,#142,#137,$,$);
#132=IFCMATERIALLAYERSETUSAGE(#99,.AXIS2.,.POSITIVE.,0.,$);
#133=IFCRELASSOCIATESMATERIAL('3cKaqcI$j3DRouGrniH7Tf',$,$,$,(#131),#132);
#137=IFCPRODUCTDEFINITIONSHAPE($,$,(#468,#465));
#138=IFCCARTESIANPOINT((4.2266049385070801,-2.5901062488555908,0.));
#139=IFCDIRECTION((0.,0.,1.));
#140=IFCDIRECTION((7.5497901264043109E-08,0.99999999999999711,0.));
#141=IFCAXIS2PLACEMENT3D(#138,#139,#140);
#142=IFCLOCALPLACEMENT(#79,#141);
#153=IFCPROPERTYSET('1sNhq3ZFbE081pIICnb0dg',$,'EPset_Parametric',$,(#155));
#154=IFCRELDEFINESBYPROPERTIES('0sprpkwgH6Ovw1Vlg1Q__X',$,$,$,(#131),#153);
#155=IFCPROPERTYSINGLEVALUE('Engine',$,IFCLABEL('Bonsai.DumbLayer2'),$);
#156=IFCWALL('17sR39Oc91RhsGpgKSx80j',$,'Wall',$,$,#455,#162,$,$);
#157=IFCMATERIALLAYERSETUSAGE(#99,.AXIS2.,.POSITIVE.,0.,$);
#158=IFCRELASSOCIATESMATERIAL('232BIZ96j6qvFqfOOg0Tlw',$,$,$,(#156),#157);
#162=IFCPRODUCTDEFINITIONSHAPE($,$,(#500,#497));
#178=IFCPROPERTYSET('3y_o7VkCb61wyUDDC_dbXX',$,'EPset_Parametric',$,(#180));
#179=IFCRELDEFINESBYPROPERTIES('2cJ_GO6HLEI9exeVnwcRGv',$,$,$,(#156),#178);
#180=IFCPROPERTYSINGLEVALUE('Engine',$,IFCLABEL('Bonsai.DumbLayer2'),$);
#181=IFCWALL('1t_m3cXEbDg9um0IppYVtW',$,'Wall',$,$,#487,#187,$,$);
#182=IFCMATERIALLAYERSETUSAGE(#99,.AXIS2.,.POSITIVE.,0.,$);
#183=IFCRELASSOCIATESMATERIAL('1NDnymXl12_uAOTrzWoxnX',$,$,$,(#181),#182);
#187=IFCPRODUCTDEFINITIONSHAPE($,$,(#527,#524));
#203=IFCPROPERTYSET('1GrSq1srrAfQklgdtJU9I9',$,'EPset_Parametric',$,(#205));
#204=IFCRELDEFINESBYPROPERTIES('0L9VHXD3rAiPMEj19aCls8',$,$,$,(#181),#203);
#205=IFCPROPERTYSINGLEVALUE('Engine',$,IFCLABEL('Bonsai.DumbLayer2'),$);
#206=IFCWALL('2aZKPqSCHBox5kFEUFVCqz',$,'Wall',$,$,#217,#212,$,$);
#207=IFCMATERIALLAYERSETUSAGE(#99,.AXIS2.,.POSITIVE.,0.,$);
#208=IFCRELASSOCIATESMATERIAL('1OHgH3FlfCPen8sIT7JvVU',$,$,$,(#206),#207);
#212=IFCPRODUCTDEFINITIONSHAPE($,$,(#850,#847));
#213=IFCCARTESIANPOINT((0.77660453319549561,5.0298938751220703,0.));
#214=IFCDIRECTION((0.,0.,1.));
#215=IFCDIRECTION((-0.99999999999992428,3.8941436741876494E-07,0.));
#216=IFCAXIS2PLACEMENT3D(#213,#214,#215);
#217=IFCLOCALPLACEMENT(#79,#216);
#228=IFCPROPERTYSET('3sGefX_Cv6qBq4eRM0sp7o',$,'EPset_Parametric',$,(#230));
#229=IFCRELDEFINESBYPROPERTIES('0whd$skm5ARwyXzVEst8c7',$,$,$,(#206),#228);
#230=IFCPROPERTYSINGLEVALUE('Engine',$,IFCLABEL('Bonsai.DumbLayer2'),$);
#231=IFCWALL('286sxNxEr5fvlw6yR0HLev',$,'Wall',$,$,#546,#237,$,$);
#232=IFCMATERIALLAYERSETUSAGE(#99,.AXIS2.,.POSITIVE.,0.,$);
#233=IFCRELASSOCIATESMATERIAL('3G$NywbzX93f$9iJS_FRf6',$,$,$,(#231),#232);
#237=IFCPRODUCTDEFINITIONSHAPE($,$,(#785,#782));
#253=IFCPROPERTYSET('2VTHeb119Ez81SjhLlLg6v',$,'EPset_Parametric',$,(#255));
#254=IFCRELDEFINESBYPROPERTIES('1QH6EAM1rA_A22zOsjKFRA',$,$,$,(#231),#253);
#255=IFCPROPERTYSINGLEVALUE('Engine',$,IFCLABEL('Bonsai.DumbLayer2'),$);
#256=IFCWALL('0E5cRbKpP4jwbJAv5sYEPs',$,'Wall',$,$,#578,#262,$,$);
#257=IFCMATERIALLAYERSETUSAGE(#99,.AXIS2.,.POSITIVE.,0.,$);
#258=IFCRELASSOCIATESMATERIAL('07Pq9vDCPB5xDUSHYSkAaS',$,$,$,(#256),#257);
#262=IFCPRODUCTDEFINITIONSHAPE($,$,(#623,#620));
#278=IFCPROPERTYSET('0xRVFfFTX44e3$cD_rr7bx',$,'EPset_Parametric',$,(#280));
#279=IFCRELDEFINESBYPROPERTIES('2_vmi8SjfF0RBt0yXB6wtT',$,$,$,(#256),#278);
#280=IFCPROPERTYSINGLEVALUE('Engine',$,IFCLABEL('Bonsai.DumbLayer2'),$);
#281=IFCWALL('312VMjIlb37QQDrxXsl9p8',$,'Wall',$,$,#610,#287,$,$);
#282=IFCMATERIALLAYERSETUSAGE(#99,.AXIS2.,.POSITIVE.,0.,$);
#283=IFCRELASSOCIATESMATERIAL('3s4Kxh8Av1CxYt8OCGleFt',$,$,$,(#281),#282);
#287=IFCPRODUCTDEFINITIONSHAPE($,$,(#637,#634));
#303=IFCPROPERTYSET('20xdpgoaHFpQGQqU2qmZst',$,'EPset_Parametric',$,(#305));
#304=IFCRELDEFINESBYPROPERTIES('0$Q7dWGN54tfrmPBsf1qAp',$,$,$,(#281),#303);
#305=IFCPROPERTYSINGLEVALUE('Engine',$,IFCLABEL('Bonsai.DumbLayer2'),$);
#410=IFCRELCONNECTSPATHELEMENTS('14glgYiE1B9R7YhC1g1Xrh',$,$,$,$,#131,#104,(),(),.ATEND.,.ATSTART.);
#437=IFCRELCONNECTSPATHELEMENTS('0JrIUbbfb3yu1zejLXiIRE',$,$,$,$,#156,#131,(),(),.ATEND.,.ATSTART.);
#451=IFCCARTESIANPOINT((4.2266056255380287,6.5098943710328907,0.));
#452=IFCDIRECTION((0.,0.,1.));
#453=IFCDIRECTION((-0.99999999999998868,-1.5099580252808492E-07,0.));
#454=IFCAXIS2PLACEMENT3D(#451,#452,#453);
#455=IFCLOCALPLACEMENT(#79,#454);
#456=IFCCARTESIANPOINTLIST2D(((0.,0.),(0.099999992450210157,0.10000000000000001),(9.0000005972391328,0.10000000000000001),(9.1000006198885064,0.)));
#457=IFCINDEXEDPOLYCURVE(#456,(IFCLINEINDEX((1,2,3,4,1))),$);
#458=IFCARBITRARYCLOSEDPROFILEDEF(.AREA.,$,#457);
#459=IFCCARTESIANPOINT((0.,0.,0.));
#460=IFCDIRECTION((0.,0.,1.));
#461=IFCDIRECTION((1.,0.,0.));
#462=IFCAXIS2PLACEMENT3D(#459,#460,#461);
#463=IFCDIRECTION((0.,0.,1.));
#464=IFCEXTRUDEDAREASOLID(#458,#462,#463,3.);
#465=IFCSHAPEREPRESENTATION(#11,'Body','SweptSolid',(#464));
#466=IFCCARTESIANPOINTLIST2D(((0.,0.),(9.1000006198885064,0.)));
#467=IFCINDEXEDPOLYCURVE(#466,$,$);
#468=IFCSHAPEREPRESENTATION(#23,'Axis','Curve2D',(#467));
#469=IFCRELCONNECTSPATHELEMENTS('1vGnDd4Sn2RQJmRHDu7tLx',$,$,$,$,#181,#156,(),(),.ATEND.,.ATSTART.);
#483=IFCCARTESIANPOINT((0.77660441398620939,6.5098938500971899,0.));
#484=IFCDIRECTION((0.,0.,1.));
#485=IFCDIRECTION((7.5497901264043123E-08,-0.99999999999999722,0.));
#486=IFCAXIS2PLACEMENT3D(#483,#484,#485);
#487=IFCLOCALPLACEMENT(#79,#486);
#488=IFCCARTESIANPOINTLIST2D(((0.,0.),(0.10000002264937295,0.10000000000000001),(3.3500012191016491,0.10000000000000001),(3.450001211551859,0.)));
#489=IFCINDEXEDPOLYCURVE(#488,(IFCLINEINDEX((1,2,3,4,1))),$);
#490=IFCARBITRARYCLOSEDPROFILEDEF(.AREA.,$,#489);
#491=IFCCARTESIANPOINT((0.,0.,0.));
#492=IFCDIRECTION((0.,0.,1.));
#493=IFCDIRECTION((1.,0.,0.));
#494=IFCAXIS2PLACEMENT3D(#491,#492,#493);
#495=IFCDIRECTION((0.,0.,1.));
#496=IFCEXTRUDEDAREASOLID(#490,#494,#495,3.);
#497=IFCSHAPEREPRESENTATION(#11,'Body','SweptSolid',(#496));
#498=IFCCARTESIANPOINTLIST2D(((0.,0.),(3.450001211551859,0.)));
#499=IFCINDEXEDPOLYCURVE(#498,$,$);
#500=IFCSHAPEREPRESENTATION(#23,'Axis','Curve2D',(#499));
#501=IFCRELCONNECTSPATHELEMENTS('1Jeddytfj46A74$W6bWBoJ',$,$,$,$,#206,#181,(),(),.ATEND.,.ATSTART.);
#515=IFCCARTESIANPOINTLIST2D(((0.,0.),(0.099999992450210171,0.10000000000000001),(1.5800000214663574,0.10000000000000001),(1.4799999749751196,0.)));
#516=IFCINDEXEDPOLYCURVE(#515,(IFCLINEINDEX((1,2,3,4,1))),$);
#517=IFCARBITRARYCLOSEDPROFILEDEF(.AREA.,$,#516);
#518=IFCCARTESIANPOINT((0.,0.,0.));
#519=IFCDIRECTION((0.,0.,1.));
#520=IFCDIRECTION((1.,0.,0.));
#521=IFCAXIS2PLACEMENT3D(#518,#519,#520);
#522=IFCDIRECTION((0.,0.,1.));
#523=IFCEXTRUDEDAREASOLID(#517,#521,#522,3.);
#524=IFCSHAPEREPRESENTATION(#11,'Body','SweptSolid',(#523));
#525=IFCCARTESIANPOINTLIST2D(((0.,0.),(1.4799999749751196,0.)));
#526=IFCINDEXEDPOLYCURVE(#525,$,$);
#527=IFCSHAPEREPRESENTATION(#23,'Axis','Curve2D',(#526));
#528=IFCRELCONNECTSPATHELEMENTS('1NIOa6_vbEFgbjWUpaoJXa',$,$,$,$,#231,#206,(),(),.ATEND.,.ATSTART.);
#542=IFCCARTESIANPOINT((-2.7833952903748247,5.0298952614371499,0.));
#543=IFCDIRECTION((0.,0.,1.));
#544=IFCDIRECTION((7.5497901264043123E-08,-0.99999999999999722,0.));
#545=IFCAXIS2PLACEMENT3D(#542,#543,#544);
#546=IFCLOCALPLACEMENT(#79,#545);
#560=IFCRELCONNECTSPATHELEMENTS('0Lnmu8zjvEBBeVpgkRvmHp',$,$,$,$,#256,#231,(),(),.ATEND.,.ATSTART.);
#574=IFCCARTESIANPOINT((-2.7833949038255463,-0.090105056762695312,0.));
#575=IFCDIRECTION((0.,0.,1.));
#576=IFCDIRECTION((1.,0.,0.));
#577=IFCAXIS2PLACEMENT3D(#574,#575,#576);
#578=IFCLOCALPLACEMENT(#79,#577);
#592=IFCRELCONNECTSPATHELEMENTS('0nrtHyDO16dw1AieZ978Ex',$,$,$,$,#281,#256,(),(),.ATEND.,.ATSTART.);
#606=IFCCARTESIANPOINT((0.21660518646239257,-0.090105056762695326,0.));
#607=IFCDIRECTION((0.,0.,1.));
#608=IFCDIRECTION((-4.3711388286737889E-08,-0.99999999999999911,0.));
#609=IFCAXIS2PLACEMENT3D(#606,#607,#608);
#610=IFCLOCALPLACEMENT(#79,#609);
#611=IFCCARTESIANPOINTLIST2D(((0.,0.),(0.099999992450210171,0.10000000000000001),(3.100000094659078,0.10000000000000001),(3.0000000902879389,0.)));
#612=IFCINDEXEDPOLYCURVE(#611,(IFCLINEINDEX((1,2,3,4,1))),$);
#613=IFCARBITRARYCLOSEDPROFILEDEF(.AREA.,$,#612);
#614=IFCCARTESIANPOINT((0.,0.,0.));
#615=IFCDIRECTION((0.,0.,1.));
#616=IFCDIRECTION((1.,0.,0.));
#617=IFCAXIS2PLACEMENT3D(#614,#615,#616);
#618=IFCDIRECTION((0.,0.,1.));
#619=IFCEXTRUDEDAREASOLID(#613,#617,#618,3.);
#620=IFCSHAPEREPRESENTATION(#11,'Body','SweptSolid',(#619));
#621=IFCCARTESIANPOINTLIST2D(((0.,0.),(3.0000000902879389,0.)));
#622=IFCINDEXEDPOLYCURVE(#621,$,$);
#623=IFCSHAPEREPRESENTATION(#23,'Axis','Curve2D',(#622));
#624=IFCRELCONNECTSPATHELEMENTS('3SXhM1JnvCuOHEGClmXkha',$,$,$,$,#281,#104,(),(),.ATSTART.,.ATEND.);
#625=IFCCARTESIANPOINTLIST2D(((0.,0.),(-0.10000000437113893,0.10000000000000001),(2.4000011877217586,0.10000000000000001),(2.5000011920928977,0.)));
#626=IFCINDEXEDPOLYCURVE(#625,(IFCLINEINDEX((1,2,3,4,1))),$);
#627=IFCARBITRARYCLOSEDPROFILEDEF(.AREA.,$,#626);
#628=IFCCARTESIANPOINT((0.,0.,0.));
#629=IFCDIRECTION((0.,0.,1.));
#630=IFCDIRECTION((1.,0.,0.));
#631=IFCAXIS2PLACEMENT3D(#628,#629,#630);
#632=IFCDIRECTION((0.,0.,1.));
#633=IFCEXTRUDEDAREASOLID(#627,#631,#632,3.);
#634=IFCSHAPEREPRESENTATION(#11,'Body','SweptSolid',(#633));
#635=IFCCARTESIANPOINTLIST2D(((0.,0.),(2.5000011920928977,0.)));
#636=IFCINDEXEDPOLYCURVE(#635,$,$);
#637=IFCSHAPEREPRESENTATION(#23,'Axis','Curve2D',(#636));
#638=IFCCARTESIANPOINTLIST2D(((0.,0.),(0.10000000437113894,0.10000000000000001),(3.9099998688730002,0.10000000000000001),(4.0099998613232106,0.)));
#639=IFCINDEXEDPOLYCURVE(#638,(IFCLINEINDEX((1,2,3,4,1))),$);
#640=IFCARBITRARYCLOSEDPROFILEDEF(.AREA.,$,#639);
#641=IFCCARTESIANPOINT((0.,0.,0.));
#642=IFCDIRECTION((0.,0.,1.));
#643=IFCDIRECTION((1.,0.,0.));
#644=IFCAXIS2PLACEMENT3D(#641,#642,#643);
#645=IFCDIRECTION((0.,0.,1.));
#646=IFCEXTRUDEDAREASOLID(#640,#644,#645,3.);
#647=IFCSHAPEREPRESENTATION(#11,'Body','SweptSolid',(#646));
#648=IFCCARTESIANPOINTLIST2D(((0.,0.),(4.0099998613232106,0.)));
#649=IFCINDEXEDPOLYCURVE(#648,$,$);
#650=IFCSHAPEREPRESENTATION(#23,'Axis','Curve2D',(#649));
#651=IFCCARTESIANPOINT((0.21660507718386976,-2.5901062488555908,0.));
#652=IFCDIRECTION((0.,0.,1.));
#653=IFCDIRECTION((1.,0.,0.));
#654=IFCAXIS2PLACEMENT3D(#651,#652,#653);
#655=IFCLOCALPLACEMENT(#79,#654);
#656=IFCWALL('2yjxx85Kb9$gfF2TNZ4Zm6',$,'Wall',$,$,#667,#662,$,$);
#657=IFCMATERIALLAYERSETUSAGE(#99,.AXIS2.,.POSITIVE.,0.,$);
#658=IFCRELASSOCIATESMATERIAL('3ge57eAzT8Eh8PtpOoo0HM',$,$,$,(#656),#657);
#662=IFCPRODUCTDEFINITIONSHAPE($,$,(#758,#755));
#663=IFCCARTESIANPOINT((0.31660518050193787,0.0098949521780014038,0.));
#664=IFCDIRECTION((0.,0.,1.));
#665=IFCDIRECTION((7.5497901264043109E-08,0.99999999999999711,0.));
#666=IFCAXIS2PLACEMENT3D(#663,#664,#665);
#667=IFCLOCALPLACEMENT(#79,#666);
#678=IFCPROPERTYSET('1cgqFuCC9AlBgmHSanCcou',$,'EPset_Parametric',$,(#680));
#679=IFCRELDEFINESBYPROPERTIES('3_Z94$PK10YhtmPrCMM96_',$,$,$,(#656),#678);
#680=IFCPROPERTYSINGLEVALUE('Engine',$,IFCLABEL('Bonsai.DumbLayer2'),$);
#681=IFCWALL('3Gmttgtmj9le2$xMWThjNN',$,'Wall',$,$,#692,#687,$,$);
#682=IFCMATERIALLAYERSETUSAGE(#99,.AXIS2.,.POSITIVE.,0.,$);
#683=IFCRELASSOCIATESMATERIAL('0G0avxl_11ROaS4rYYkw0D',$,$,$,(#681),#682);
#687=IFCPRODUCTDEFINITIONSHAPE($,$,(#772,#769));
#688=IFCCARTESIANPOINT((0.31660538911819458,2.6598949432373047,0.));
#689=IFCDIRECTION((0.,0.,1.));
#690=IFCDIRECTION((-0.99999999999998868,-1.5099580252808492E-07,0.));
#691=IFCAXIS2PLACEMENT3D(#688,#689,#690);
#692=IFCLOCALPLACEMENT(#79,#691);
#703=IFCPROPERTYSET('1lLaYOGuDC18saxcVA7GmN',$,'EPset_Parametric',$,(#705));
#704=IFCRELDEFINESBYPROPERTIES('2np8$8Bh13$x46IxQK_dig',$,$,$,(#681),#703);
#705=IFCPROPERTYSINGLEVALUE('Engine',$,IFCLABEL('Bonsai.DumbLayer2'),$);
#732=IFCRELCONNECTSPATHELEMENTS('3a2q5oCG90yO9oGYhSUHdy',$,$,$,$,#681,#656,(),(),.ATEND.,.ATSTART.);
#746=IFCCARTESIANPOINTLIST2D(((0.,0.),(0.,0.10000000000000001),(2.5499999684099364,0.10000000000000001),(2.6499999910593095,0.)));
#747=IFCINDEXEDPOLYCURVE(#746,(IFCLINEINDEX((1,2,3,4,1))),$);
#748=IFCARBITRARYCLOSEDPROFILEDEF(.AREA.,$,#747);
#749=IFCCARTESIANPOINT((0.,0.,0.));
#750=IFCDIRECTION((0.,0.,1.));
#751=IFCDIRECTION((1.,0.,0.));
#752=IFCAXIS2PLACEMENT3D(#749,#750,#751);
#753=IFCDIRECTION((0.,0.,1.));
#754=IFCEXTRUDEDAREASOLID(#748,#752,#753,3.);
#755=IFCSHAPEREPRESENTATION(#11,'Body','SweptSolid',(#754));
#756=IFCCARTESIANPOINTLIST2D(((0.,0.),(2.6499999910593095,0.)));
#757=IFCINDEXEDPOLYCURVE(#756,$,$);
#758=IFCSHAPEREPRESENTATION(#23,'Axis','Curve2D',(#757));
#759=IFCRELCONNECTSPATHELEMENTS('2JVKyEhlnFa8RAUktADOy0',$,$,$,$,#681,#231,(),(),.ATPATH.,.ATEND.);
#760=IFCCARTESIANPOINTLIST2D(((0.,0.),(0.10000002264937295,0.10000000000000001),(3.0000004995659393,0.10000000000000001),(3.0000004920161492,0.)));
#761=IFCINDEXEDPOLYCURVE(#760,(IFCLINEINDEX((1,2,3,4,1))),$);
#762=IFCARBITRARYCLOSEDPROFILEDEF(.AREA.,$,#761);
#763=IFCCARTESIANPOINT((0.,0.,0.));
#764=IFCDIRECTION((0.,0.,1.));
#765=IFCDIRECTION((1.,0.,0.));
#766=IFCAXIS2PLACEMENT3D(#763,#764,#765);
#767=IFCDIRECTION((0.,0.,1.));
#768=IFCEXTRUDEDAREASOLID(#762,#766,#767,3.);
#769=IFCSHAPEREPRESENTATION(#11,'Body','SweptSolid',(#768));
#770=IFCCARTESIANPOINTLIST2D(((0.,0.),(3.1000004920161497,0.)));
#771=IFCINDEXEDPOLYCURVE(#770,$,$);
#772=IFCSHAPEREPRESENTATION(#23,'Axis','Curve2D',(#771));
#773=IFCCARTESIANPOINTLIST2D(((0.,0.),(0.1000000464912377,0.10000000000000001),(5.0200003257496491,0.10000000000000001),(5.1200003181998595,0.)));
#774=IFCINDEXEDPOLYCURVE(#773,(IFCLINEINDEX((1,2,3,4,1))),$);
#775=IFCARBITRARYCLOSEDPROFILEDEF(.AREA.,$,#774);
#776=IFCCARTESIANPOINT((0.,0.,0.));
#777=IFCDIRECTION((0.,0.,1.));
#778=IFCDIRECTION((1.,0.,0.));
#779=IFCAXIS2PLACEMENT3D(#776,#777,#778);
#780=IFCDIRECTION((0.,0.,1.));
#781=IFCEXTRUDEDAREASOLID(#775,#779,#780,3.);
#782=IFCSHAPEREPRESENTATION(#11,'Body','SweptSolid',(#781));
#783=IFCCARTESIANPOINTLIST2D(((0.,0.),(5.1200003181998595,0.)));
#784=IFCINDEXEDPOLYCURVE(#783,$,$);
#785=IFCSHAPEREPRESENTATION(#23,'Axis','Curve2D',(#784));
#786=IFCWALL('0mva5v4mb7o9Wn8NXXPhjQ',$,'Wall',$,$,#855,#792,$,$);
#787=IFCMATERIALLAYERSETUSAGE(#99,.AXIS2.,.POSITIVE.,0.,$);
#788=IFCRELASSOCIATESMATERIAL('12o9tJmrjE$QVlw1B_qaQN',$,$,$,(#786),#787);
#792=IFCPRODUCTDEFINITIONSHAPE($,$,(#837,#834));
#808=IFCPROPERTYSET('33WY7iYST3TgxCrnJhCnqH',$,'EPset_Parametric',$,(#810));
#809=IFCRELDEFINESBYPROPERTIES('3F62MrQhbE_gnqFOQfSAJK',$,$,$,(#786),#808);
#810=IFCPROPERTYSINGLEVALUE('Engine',$,IFCLABEL('Bonsai.DumbLayer2'),$);
#824=IFCRELCONNECTSPATHELEMENTS('2yNJ$Vinz5QRSj3NVq5EO7',$,$,$,$,#786,#206,(),(),.ATPATH.,.ATEND.);
#825=IFCCARTESIANPOINTLIST2D(((0.,0.),(0.,0.10000000000000001),(2.2699991424066202,0.10000000000000001),(2.2699991110149735,0.)));
#826=IFCINDEXEDPOLYCURVE(#825,(IFCLINEINDEX((1,2,3,4,1))),$);
#827=IFCARBITRARYCLOSEDPROFILEDEF(.AREA.,$,#826);
#828=IFCCARTESIANPOINT((0.,0.,0.));
#829=IFCDIRECTION((0.,0.,1.));
#830=IFCDIRECTION((1.,0.,0.));
#831=IFCAXIS2PLACEMENT3D(#828,#829,#830);
#832=IFCDIRECTION((0.,0.,1.));
#833=IFCEXTRUDEDAREASOLID(#827,#831,#832,3.);
#834=IFCSHAPEREPRESENTATION(#11,'Body','SweptSolid',(#833));
#835=IFCCARTESIANPOINTLIST2D(((0.,0.),(2.3699991110149785,0.)));
#836=IFCINDEXEDPOLYCURVE(#835,$,$);
#837=IFCSHAPEREPRESENTATION(#23,'Axis','Curve2D',(#836));
#838=IFCCARTESIANPOINTLIST2D(((0.,0.),(-0.10000004649123767,0.10000000000000001),(3.459999769606958,0.10000000000000001),(3.5599998160981956,0.)));
#839=IFCINDEXEDPOLYCURVE(#838,(IFCLINEINDEX((1,2,3,4,1))),$);
#840=IFCARBITRARYCLOSEDPROFILEDEF(.AREA.,$,#839);
#841=IFCCARTESIANPOINT((0.,0.,0.));
#842=IFCDIRECTION((0.,0.,1.));
#843=IFCDIRECTION((1.,0.,0.));
#844=IFCAXIS2PLACEMENT3D(#841,#842,#843);
#845=IFCDIRECTION((0.,0.,1.));
#846=IFCEXTRUDEDAREASOLID(#840,#844,#845,3.);
#847=IFCSHAPEREPRESENTATION(#11,'Body','SweptSolid',(#846));
#848=IFCCARTESIANPOINTLIST2D(((0.,0.),(3.5599998160981956,0.)));
#849=IFCINDEXEDPOLYCURVE(#848,$,$);
#850=IFCSHAPEREPRESENTATION(#23,'Axis','Curve2D',(#849));
#851=IFCCARTESIANPOINT((-1.180861234664917,2.6598949432373047,0.));
#852=IFCDIRECTION((0.,0.,1.));
#853=IFCDIRECTION((1.9470718370939353E-07,0.99999999999998113,0.));
#854=IFCAXIS2PLACEMENT3D(#851,#852,#853);
#855=IFCLOCALPLACEMENT(#79,#854);
#856=IFCWALL('21jXxdBE5DcBQ5LvOm9Qkw',$,'Wall',$,$,#942,#867,$,$);
#862=IFCRELDEFINESBYPROPERTIES('0ofQesGe13hhj5AsgPThkx',$,$,$,(#856),#863);
#863=IFCPROPERTYSET('2WuJYvRVT5TOtQUagM3vAZ',$,'EPset_Parametric',$,(#864));
#864=IFCPROPERTYSINGLEVALUE('Engine',$,IFCLABEL('Bonsai.DumbLayer2'),$);
#865=IFCRELASSOCIATESMATERIAL('0DwtX5bd9DoRsx8jZBIVqS',$,$,$,(#856),#866);
#866=IFCMATERIALLAYERSETUSAGE(#99,.AXIS2.,.POSITIVE.,0.,$);
#867=IFCPRODUCTDEFINITIONSHAPE($,$,(#937,#934));
#881=IFCWALL('15ta3itmrFwOzxAJ8SOXb4',$,'Wall',$,$,#892,#887,$,$);
#882=IFCMATERIALLAYERSETUSAGE(#99,.AXIS2.,.POSITIVE.,0.,$);
#883=IFCRELASSOCIATESMATERIAL('1eCPKJXjjBJgtlp0PyBktp',$,$,$,(#881),#882);
#887=IFCPRODUCTDEFINITIONSHAPE($,$,(#955,#952));
#888=IFCCARTESIANPOINT((-1.1808611154556274,3.4642565250396729,0.));
#889=IFCDIRECTION((0.,0.,1.));
#890=IFCDIRECTION((1.,0.,0.));
#891=IFCAXIS2PLACEMENT3D(#888,#889,#890);
#892=IFCLOCALPLACEMENT(#79,#891);
#903=IFCPROPERTYSET('3uf$JwX_j28x12ftKjVp6J',$,'EPset_Parametric',$,(#905));
#904=IFCRELDEFINESBYPROPERTIES('3IK9avGeP1gPZu1oGalGfd',$,$,$,(#881),#903);
#905=IFCPROPERTYSINGLEVALUE('Engine',$,IFCLABEL('Bonsai.DumbLayer2'),$);
#924=IFCRELCONNECTSPATHELEMENTS('1GYhc9wC9B8g_FKHYvuidO',$,$,$,$,#856,#881,(),(),.ATEND.,.ATSTART.);
#925=IFCCARTESIANPOINTLIST2D(((0.,0.),(0.099999980529283494,0.10000000000000001),(1.5656375292125948,0.10000000000000001),(1.5656375292125948,0.)));
#926=IFCINDEXEDPOLYCURVE(#925,(IFCLINEINDEX((1,2,3,4,1))),$);
#927=IFCARBITRARYCLOSEDPROFILEDEF(.AREA.,$,#926);
#928=IFCCARTESIANPOINT((0.,0.,0.));
#929=IFCDIRECTION((0.,0.,1.));
#930=IFCDIRECTION((1.,0.,0.));
#931=IFCAXIS2PLACEMENT3D(#928,#929,#930);
#932=IFCDIRECTION((0.,0.,1.));
#933=IFCEXTRUDEDAREASOLID(#927,#931,#932,3.);
#934=IFCSHAPEREPRESENTATION(#11,'Body','SweptSolid',(#933));
#935=IFCCARTESIANPOINTLIST2D(((0.,0.),(1.5656375292125948,0.)));
#936=IFCINDEXEDPOLYCURVE(#935,$,$);
#937=IFCSHAPEREPRESENTATION(#23,'Axis','Curve2D',(#936));
#938=IFCCARTESIANPOINT((0.87660423681517363,3.4642565250396733,0.));
#939=IFCDIRECTION((0.,0.,1.));
#940=IFCDIRECTION((1.9470718370939353E-07,0.99999999999998113,0.));
#941=IFCAXIS2PLACEMENT3D(#938,#939,#940);
#942=IFCLOCALPLACEMENT(#79,#941);
#943=IFCCARTESIANPOINTLIST2D(((0.,0.),(0.,0.10000000000000001),(1.9574653717415176,0.10000000000000001),(2.0574653522708011,0.)));
#944=IFCINDEXEDPOLYCURVE(#943,(IFCLINEINDEX((1,2,3,4,1))),$);
#945=IFCARBITRARYCLOSEDPROFILEDEF(.AREA.,$,#944);
#946=IFCCARTESIANPOINT((0.,0.,0.));
#947=IFCDIRECTION((0.,0.,1.));
#948=IFCDIRECTION((1.,0.,0.));
#949=IFCAXIS2PLACEMENT3D(#946,#947,#948);
#950=IFCDIRECTION((0.,0.,1.));
#951=IFCEXTRUDEDAREASOLID(#945,#949,#950,3.);
#952=IFCSHAPEREPRESENTATION(#11,'Body','SweptSolid',(#951));
#953=IFCCARTESIANPOINTLIST2D(((0.,0.),(2.0574653522708011,0.)));
#954=IFCINDEXEDPOLYCURVE(#953,$,$);
#955=IFCSHAPEREPRESENTATION(#23,'Axis','Curve2D',(#954));
#956=IFCSLABTYPE('2iQet4TSf3MuPAkC39tPZ7',$,'floor-gf',$,$,(#960),$,$,$,.FLOOR.);
#957=IFCMATERIALLAYERSET((#959),$,$);
#958=IFCRELASSOCIATESMATERIAL('3NWjm6Ygz20Pv6jFhHI9eZ',$,$,$,(#956),#957);
#959=IFCMATERIALLAYER(#98,0.10000000000000001,$,$,$,$,$);
#960=IFCPROPERTYSET('03Nedg7inBIuY6iChDS4vR',$,'EPset_Parametric',$,(#961));
#961=IFCPROPERTYSINGLEVALUE('LayerSetDirection',$,IFCLABEL('AXIS3'),$);
#962=IFCSLAB('3lEcpdgFr7OQOjkjQIW9xR',$,'Slab',$,$,#970,#977,$,$);
#963=IFCRELDEFINESBYTYPE('34AHw9EMrAWQtddbUX9T2A',$,$,$,(#962),#956);
#964=IFCMATERIALLAYERSETUSAGE(#957,.AXIS3.,.POSITIVE.,-0.10000000149011612,$);
#965=IFCRELASSOCIATESMATERIAL('1Yli7a3gPFogAbOw1fTeEY',$,$,$,(#962),#964);
#966=IFCCARTESIANPOINT((4.2266054153442383,6.5098943710327148,0.));
#967=IFCDIRECTION((0.,0.,1.));
#968=IFCDIRECTION((1.,0.,0.));
#969=IFCAXIS2PLACEMENT3D(#966,#967,#968);
#970=IFCLOCALPLACEMENT(#79,#969);
#971=IFCCARTESIANPOINTLIST2D(((0.,0.),(-3.4500012397766113,-4.76837158203125E-07),(-3.4500007629394531,-1.4800000190734863),(-7.0100007057189941,-1.4799990653991699),(-7.0099997520446777,-6.5999994277954102),(-4.0100002288818359,-6.5999994277954102),(-4.0100002288818359,-9.1000003814697266),(-0.0055642127990722656,-9.0944366455078125),(0.,0.)));
#972=IFCINDEXEDPOLYCURVE(#971,$,$);
#973=IFCDIRECTION((0.,0.,1.));
#974=IFCARBITRARYCLOSEDPROFILEDEF(.AREA.,$,#972);
#975=IFCEXTRUDEDAREASOLID(#974,#984,#973,0.10000000000000001);
#976=IFCSHAPEREPRESENTATION(#11,'Body','SweptSolid',(#975));
#977=IFCPRODUCTDEFINITIONSHAPE($,$,(#976));
#978=IFCPROPERTYSET('27$Fn_fuv8wv5$4Z0S3pwj',$,'EPset_Parametric',$,(#980));
#979=IFCRELDEFINESBYPROPERTIES('2J7Y97RmH6aRdycQJ7gYYv',$,$,$,(#962),#978);
#980=IFCPROPERTYSINGLEVALUE('Engine',$,IFCLABEL('Bonsai.DumbLayer3'),$);
#981=IFCCARTESIANPOINT((-0.,-0.,-0.10000000149011612));
#982=IFCDIRECTION((0.,0.,1.));
#983=IFCDIRECTION((1.,0.,0.));
#984=IFCAXIS2PLACEMENT3D(#981,#982,#983);
#985=IFCDOORTYPE('3EJSBq8IL5T8ei94F9r6EV',$,'main-gf',$,$,(#986),(#995,#1073,#1092),$,$,.DOOR.,.SINGLE_SWING_LEFT.,$,$);
#986=IFCPROPERTYSET('2AN52$0zzAVQ3KjJybPS$8',$,'BBIM_Door',$,(#987));
#987=IFCPROPERTYSINGLEVALUE('Data',$,IFCTEXT('{"door_type": "SINGLE_SWING_LEFT", "overall_height": 2.0, "overall_width": 0.9355303645133972, "lining_properties": {"lining_depth": 0.05000000074505806, "lining_thickness": 0.05000000074505806, "lining_offset": 0.0, "lining_to_panel_offset_x": 0.02500000037252903, "lining_to_panel_offset_y": 0.02500000037252903, "transom_thickness": 0.0, "casing_thickness": 0.07500000298023224, "casing_depth": 0.004999999888241291, "threshold_thickness": 0.02500000037252903, "threshold_depth": 0.10000000149011612, "threshold_offset": 0.0}, "panel_properties": {"panel_depth": 0.03500000014901161, "panel_width_ratio": 1.0}}'),$);
#991=IFCCARTESIANPOINT((0.,0.,0.));
#992=IFCDIRECTION((1.,0.,0.));
#993=IFCDIRECTION((0.,0.,1.));
#994=IFCAXIS2PLACEMENT3D(#991,#993,#992);
#995=IFCREPRESENTATIONMAP(#994,#1160);
#1069=IFCCARTESIANPOINT((0.,0.,0.));
#1070=IFCDIRECTION((1.,0.,0.));
#1071=IFCDIRECTION((0.,0.,1.));
#1072=IFCAXIS2PLACEMENT3D(#1069,#1071,#1070);
#1073=IFCREPRESENTATIONMAP(#1072,#1233);
#1088=IFCCARTESIANPOINT((0.,0.,0.));
#1089=IFCDIRECTION((1.,0.,0.));
#1090=IFCDIRECTION((0.,0.,1.));
#1091=IFCAXIS2PLACEMENT3D(#1088,#1090,#1089);
#1092=IFCREPRESENTATIONMAP(#1091,#1251);
#1093=IFCDOOR('2Pl7Q2XTTC0g_bEQP4wEtH',$,'Door',$,$,#1276,#1102,$,2.,0.93553036451339722,$,.SINGLE_SWING_LEFT.,$);
#1094=IFCRELDEFINESBYTYPE('3JlTsEpxP1MPwdB8fztfrq',$,$,$,(#1093),#985);
#1095=IFCCARTESIANPOINT((0.,0.,0.));
#1096=IFCDIRECTION((1.,0.,0.));
#1097=IFCDIRECTION((0.,1.,0.));
#1098=IFCDIRECTION((0.,0.,1.));
#1099=IFCCARTESIANTRANSFORMATIONOPERATOR3D(#1096,#1097,#1095,1.,#1098);
#1100=IFCMAPPEDITEM(#995,#1099);
#1101=IFCSHAPEREPRESENTATION(#18,'Profile','MappedRepresentation',(#1100));
#1102=IFCPRODUCTDEFINITIONSHAPE($,$,(#1101,#1109,#1116));
#1103=IFCCARTESIANPOINT((0.,0.,0.));
#1104=IFCDIRECTION((1.,0.,0.));
#1105=IFCDIRECTION((0.,1.,0.));
#1106=IFCDIRECTION((0.,0.,1.));
#1107=IFCCARTESIANTRANSFORMATIONOPERATOR3D(#1104,#1105,#1103,1.,#1106);
#1108=IFCMAPPEDITEM(#1073,#1107);
#1109=IFCSHAPEREPRESENTATION(#11,'Body','MappedRepresentation',(#1108));
#1110=IFCCARTESIANPOINT((0.,0.,0.));
#1111=IFCDIRECTION((1.,0.,0.));
#1112=IFCDIRECTION((0.,1.,0.));
#1113=IFCDIRECTION((0.,0.,1.));
#1114=IFCCARTESIANTRANSFORMATIONOPERATOR3D(#1111,#1112,#1110,1.,#1113);
#1115=IFCMAPPEDITEM(#1092,#1114);
#1116=IFCSHAPEREPRESENTATION(#24,'Body','MappedRepresentation',(#1115));
#1117=IFCOPENINGELEMENT('10mh_EXQbFQ8IBjvFv$5qg',$,'Opening',$,$,#1271,#1145,$,.OPENING.);
#1133=IFCCARTESIANPOINT((0.,0.,0.));
#1134=IFCDIRECTION((1.,0.,0.));
#1135=IFCDIRECTION((0.,0.,1.));
#1136=IFCAXIS2PLACEMENT3D(#1133,#1135,#1134);
#1137=IFCREPRESENTATIONMAP(#1136,#1261);
#1138=IFCCARTESIANPOINT((0.,0.,0.));
#1139=IFCDIRECTION((1.,0.,0.));
#1140=IFCDIRECTION((0.,1.,0.));
#1141=IFCDIRECTION((0.,0.,1.));
#1142=IFCCARTESIANTRANSFORMATIONOPERATOR3D(#1139,#1140,#1138,1.,#1141);
#1143=IFCMAPPEDITEM(#1137,#1142);
#1144=IFCSHAPEREPRESENTATION(#11,'Body','MappedRepresentation',(#1143));
#1145=IFCPRODUCTDEFINITIONSHAPE($,$,(#1144));
#1146=IFCRELVOIDSELEMENT('1mkKK$poDDphOx2ASHxntW',$,$,$,#104,#1117);
#1152=IFCRELFILLSELEMENT('2zdxF7i09CI83xAN_P6hLY',$,$,$,#1117,#1093);
#1158=IFCCARTESIANPOINTLIST3D(((0.,0.,0.),(0.93553036451339722,0.,0.),(0.93553036451339722,0.,2.),(0.,0.,2.)));
#1159=IFCINDEXEDPOLYCURVE(#1158,(IFCLINEINDEX((1,2,3,4,1))),$);
#1160=IFCSHAPEREPRESENTATION(#18,'Profile','Curve3D',(#1159));
#1161=IFCCARTESIANPOINTLIST2D(((0.,0.),(0.,2.),(0.93553036451339722,2.),(0.93553036451339722,0.),(0.91053036414086819,0.),(0.91053036414086819,1.974999999627471),(0.02500000037252903,1.974999999627471),(0.02500000037252903,0.)));
#1162=IFCINDEXEDPOLYCURVE(#1161,(IFCLINEINDEX((1,2,3,4,5,6,7,8,1))),$);
#1163=IFCARBITRARYCLOSEDPROFILEDEF(.AREA.,$,#1162);
#1164=IFCCARTESIANPOINT((0.,0.02500000037252903,0.));
#1165=IFCDIRECTION((0.,-1.,0.));
#1166=IFCDIRECTION((1.,0.,0.));
#1167=IFCAXIS2PLACEMENT3D(#1164,#1165,#1166);
#1168=IFCDIRECTION((0.,0.,-1.));
#1169=IFCEXTRUDEDAREASOLID(#1163,#1167,#1168,0.02500000037252903);
#1170=IFCCARTESIANPOINTLIST2D(((0.,0.),(0.,2.),(0.93553036451339722,2.),(0.93553036451339722,0.),(0.88553036376833916,0.),(0.88553036376833916,1.9499999992549419),(0.05000000074505806,1.9499999992549419),(0.05000000074505806,0.)));
#1171=IFCINDEXEDPOLYCURVE(#1170,(IFCLINEINDEX((1,2,3,4,5,6,7,8,1))),$);
#1172=IFCARBITRARYCLOSEDPROFILEDEF(.AREA.,$,#1171);
#1173=IFCCARTESIANPOINT((0.,0.,0.));
#1174=IFCDIRECTION((0.,-1.,0.));
#1175=IFCDIRECTION((1.,0.,0.));
#1176=IFCAXIS2PLACEMENT3D(#1173,#1174,#1175);
#1177=IFCDIRECTION((0.,0.,-1.));
#1178=IFCEXTRUDEDAREASOLID(#1172,#1176,#1177,0.02500000037252903);
#1179=IFCCARTESIANPOINTLIST2D(((0.,0.),(0.8355303630232811,0.),(0.8355303630232811,0.10000000149011612),(0.,0.10000000149011612)));
#1180=IFCINDEXEDPOLYCURVE(#1179,(IFCLINEINDEX((1,2,3,4,1))),$);
#1181=IFCARBITRARYCLOSEDPROFILEDEF(.AREA.,$,#1180);
#1182=IFCCARTESIANPOINT((0.05000000074505806,0.,0.));
#1183=IFCDIRECTION((0.,0.,1.));
#1184=IFCDIRECTION((1.,0.,0.));
#1185=IFCAXIS2PLACEMENT3D(#1182,#1183,#1184);
#1186=IFCDIRECTION((0.,0.,1.));
#1187=IFCEXTRUDEDAREASOLID(#1181,#1185,#1186,0.02500000037252903);
#1188=IFCCARTESIANPOINTLIST2D(((0.,0.),(0.,2.0250000022351742),(0.98553036898374557,2.0250000022351742),(0.98553036898374557,0.),(0.91053036600351334,0.),(0.91053036600351334,1.9499999992549419),(0.075000002980232239,1.9499999992549419),(0.075000002980232239,0.)));
#1189=IFCINDEXEDPOLYCURVE(#1188,(IFCLINEINDEX((1,2,3,4,5,6,7,8,1))),$);
#1190=IFCARBITRARYCLOSEDPROFILEDEF(.AREA.,$,#1189);
#1191=IFCCARTESIANPOINT((-0.025000002235174179,-0.004999999888241291,0.));
#1192=IFCDIRECTION((0.,-1.,0.));
#1193=IFCDIRECTION((1.,0.,0.));
#1194=IFCAXIS2PLACEMENT3D(#1191,#1192,#1193);
#1195=IFCDIRECTION((0.,0.,-1.));
#1196=IFCEXTRUDEDAREASOLID(#1190,#1194,#1195,0.004999999888241291);
#1197=IFCCARTESIANPOINTLIST2D(((0.,0.),(0.,2.0250000022351742),(0.98553036898374557,2.0250000022351742),(0.98553036898374557,0.),(0.93553036637604237,0.),(0.93553036637604237,1.974999999627471),(0.050000002607703209,1.974999999627471),(0.050000002607703209,0.)));
#1198=IFCINDEXEDPOLYCURVE(#1197,(IFCLINEINDEX((1,2,3,4,5,6,7,8,1))),$);
#1199=IFCARBITRARYCLOSEDPROFILEDEF(.AREA.,$,#1198);
#1200=IFCCARTESIANPOINT((-0.025000002235174179,0.05000000074505806,0.));
#1201=IFCDIRECTION((0.,-1.,0.));
#1202=IFCDIRECTION((1.,0.,0.));
#1203=IFCAXIS2PLACEMENT3D(#1200,#1201,#1202);
#1204=IFCDIRECTION((0.,0.,-1.));
#1205=IFCEXTRUDEDAREASOLID(#1199,#1203,#1204,0.004999999888241291);
#1206=IFCCARTESIANPOINTLIST2D(((0.,0.),(0.88553036376833916,0.),(0.88553036376833916,0.035000000149011612),(0.,0.035000000149011612)));
#1207=IFCINDEXEDPOLYCURVE(#1206,(IFCLINEINDEX((1,2,3,4,1))),$);
#1208=IFCARBITRARYCLOSEDPROFILEDEF(.AREA.,$,#1207);
#1209=IFCCARTESIANPOINT((0.02500000037252903,0.02500000037252903,0.02500000037252903));
#1210=IFCDIRECTION((0.,0.,1.));
#1211=IFCDIRECTION((1.,0.,0.));
#1212=IFCAXIS2PLACEMENT3D(#1209,#1210,#1211);
#1213=IFCDIRECTION((0.,0.,1.));
#1214=IFCEXTRUDEDAREASOLID(#1208,#1212,#1213,1.9499999992549419);
#1215=IFCCARTESIANPOINTLIST2D(((0.,0.),(0.,-0.040000000000000001),(-0.11999999999999988,-0.040000000000000001),(-0.11999999999999988,-0.02),(-0.020000000000000018,-0.02),(-0.020000000000000018,0.)));
#1216=IFCINDEXEDPOLYCURVE(#1215,(IFCLINEINDEX((1,2,3,4,5,6,1))),$);
#1217=IFCARBITRARYCLOSEDPROFILEDEF(.AREA.,$,#1216);
#1218=IFCCARTESIANPOINT((0.86053036414086814,0.02500000037252903,1.015000000372529));
#1219=IFCDIRECTION((0.,0.,1.));
#1220=IFCDIRECTION((1.,0.,0.));
#1221=IFCAXIS2PLACEMENT3D(#1218,#1219,#1220);
#1222=IFCDIRECTION((0.,0.,1.));
#1223=IFCEXTRUDEDAREASOLID(#1217,#1221,#1222,0.02);
#1224=IFCEXTRUDEDAREASOLID(#1225,#1228,#1232,0.02);
#1225=IFCARBITRARYCLOSEDPROFILEDEF(.AREA.,$,#1226);
#1226=IFCINDEXEDPOLYCURVE(#1227,(IFCLINEINDEX((1,2,3,4,5,6,1))),$);
#1227=IFCCARTESIANPOINTLIST2D(((0.,0.),(0.,0.040000000000000008),(-0.11999999999999988,0.040000000000000008),(-0.11999999999999988,0.020000000000000004),(-0.020000000000000018,0.020000000000000004),(-0.020000000000000018,0.)));
#1228=IFCAXIS2PLACEMENT3D(#1229,#1230,#1231);
#1229=IFCCARTESIANPOINT((0.86053036414086814,0.060000000521540642,1.015000000372529));
#1230=IFCDIRECTION((0.,0.,1.));
#1231=IFCDIRECTION((1.,0.,0.));
#1232=IFCDIRECTION((0.,0.,1.));
#1233=IFCSHAPEREPRESENTATION(#11,'Body','SweptSolid',(#1169,#1178,#1214,#1223,#1224,#1187,#1196,#1205));
#1234=IFCSHAPEREPRESENTATION(#11,'Body','SweptSolid',(#1169,#1178,#1187,#1196,#1205));
#1235=IFCSHAPEASPECT((#1234),'Lining',$,.T.,#1102);
#1236=IFCSHAPEREPRESENTATION(#11,'Body','SweptSolid',(#1214,#1223,#1224));
#1237=IFCSHAPEASPECT((#1236),'Framing',$,.T.,#1102);
#1238=IFCCARTESIANPOINTLIST2D(((0.,0.),(0.,0.05000000074505806),(0.02500000037252903,0.05000000074505806),(0.02500000037252903,0.02500000037252903),(0.05000000074505806,0.02500000037252903),(0.05000000074505806,0.)));
#1239=IFCINDEXEDPOLYCURVE(#1238,(IFCLINEINDEX((1,2,3,4,5,6,1))),$);
#1240=IFCINDEXEDPOLYCURVE(#1241,(IFCLINEINDEX((1,2,3,4,5,6,1))),$);
#1241=IFCCARTESIANPOINTLIST2D(((0.93553036451339722,0.),(0.93553036451339722,0.05000000074505806),(0.91053036414086819,0.05000000074505806),(0.91053036414086819,0.02500000037252903),(0.88553036376833916,0.02500000037252903),(0.88553036376833916,0.)));
#1242=IFCDIRECTION((1.,0.));
#1243=IFCCARTESIANPOINT((0.060000000521540642,0.05000000074505806));
#1244=IFCAXIS2PLACEMENT2D(#1243,#1242);
#1245=IFCELLIPSE(#1244,0.85053036361932755,0.88553036376833916);
#1246=IFCCARTESIANPOINT((0.91053036414086819,0.05000000074505806));
#1247=IFCCARTESIANPOINT((0.060000000521540642,0.93553036451339722));
#1248=IFCTRIMMEDCURVE(#1245,(#1246),(#1247),.T.,.CARTESIAN.);
#1249=IFCCARTESIANPOINTLIST2D(((0.02500000037252903,0.05000000074505806),(0.060000000521540642,0.05000000074505806),(0.060000000521540642,0.93553036451339722),(0.02500000037252903,0.93553036451339722)));
#1250=IFCINDEXEDPOLYCURVE(#1249,(IFCLINEINDEX((1,2,3,4,1))),$);
#1251=IFCSHAPEREPRESENTATION(#24,'Body','Curve2D',(#1239,#1240,#1248,#1250));
#1252=IFCCARTESIANPOINTLIST2D(((0.,0.),(0.93553036451339722,0.),(0.93553036451339722,2.),(0.,2.)));
#1253=IFCINDEXEDPOLYCURVE(#1252,(IFCLINEINDEX((1,2,3,4,1))),$);
#1254=IFCARBITRARYCLOSEDPROFILEDEF(.AREA.,$,#1253);
#1255=IFCCARTESIANPOINT((0.,-0.60000002384185791,0.));
#1256=IFCDIRECTION((0.,-1.,0.));
#1257=IFCDIRECTION((1.,0.,0.));
#1258=IFCAXIS2PLACEMENT3D(#1255,#1256,#1257);
#1259=IFCDIRECTION((0.,0.,-1.));
#1260=IFCEXTRUDEDAREASOLID(#1254,#1258,#1259,1.2);
#1261=IFCSHAPEREPRESENTATION(#11,'Body','SweptSolid',(#1260));
#1267=IFCCARTESIANPOINT((0.3625173469418016,2.384185791015625E-07,0.));
#1268=IFCDIRECTION((0.,0.,1.));
#1269=IFCDIRECTION((0.99999999999997158,-2.3841857910155572E-07,0.));
#1270=IFCAXIS2PLACEMENT3D(#1267,#1268,#1269);
#1271=IFCLOCALPLACEMENT(#655,#1270);
#1272=IFCCARTESIANPOINT((1.1102230246251565E-16,0.,0.));
#1273=IFCDIRECTION((0.,0.,1.));
#1274=IFCDIRECTION((1.,0.,0.));
#1275=IFCAXIS2PLACEMENT3D(#1272,#1273,#1274);
#1276=IFCLOCALPLACEMENT(#1271,#1275);
#1277=IFCDOORTYPE('1NXeg6utnA6Q7QzTvpwX01',$,'guest-gf',$,$,(#1278),(#1280,#1288,#1366),$,$,.DOOR.,.SINGLE_SWING_LEFT.,$,$);
#1278=IFCPROPERTYSET('2lay7bYoD8k9HeyraMAt3C',$,'BBIM_Door',$,(#1279));
#1279=IFCPROPERTYSINGLEVALUE('Data',$,IFCTEXT('{"door_type": "SINGLE_SWING_RIGHT", "overall_height": 2.0, "overall_width": 0.8502575159072876, "lining_properties": {"lining_depth": 0.05000000074505806, "lining_thickness": 0.05000000074505806, "lining_offset": 0.0, "lining_to_panel_offset_x": 0.02500000037252903, "lining_to_panel_offset_y": 0.02500000037252903, "transom_thickness": 0.0, "casing_thickness": 0.07500000298023224, "casing_depth": 0.004999999888241291, "threshold_thickness": 0.02500000037252903, "threshold_depth": 0.10000000149011612, "threshold_offset": 0.0}, "panel_properties": {"panel_depth": 0.03500000014901161, "panel_width_ratio": 1.0}}'),$);
#1280=IFCREPRESENTATIONMAP(#1281,#1452);
#1281=IFCAXIS2PLACEMENT3D(#1282,#1283,#1284);
#1282=IFCCARTESIANPOINT((0.,0.,0.));
#1283=IFCDIRECTION((0.,0.,1.));
#1284=IFCDIRECTION((1.,0.,0.));
#1288=IFCREPRESENTATIONMAP(#1289,#1525);
#1289=IFCAXIS2PLACEMENT3D(#1290,#1291,#1292);
#1290=IFCCARTESIANPOINT((0.,0.,0.));
#1291=IFCDIRECTION((0.,0.,1.));
#1292=IFCDIRECTION((1.,0.,0.));
#1366=IFCREPRESENTATIONMAP(#1367,#1543);
#1367=IFCAXIS2PLACEMENT3D(#1368,#1369,#1370);
#1368=IFCCARTESIANPOINT((0.,0.,0.));
#1369=IFCDIRECTION((0.,0.,1.));
#1370=IFCDIRECTION((1.,0.,0.));
#1385=IFCDOOR('3miEsc$mr0ofimhClwJupy',$,'Door',$,$,#1568,#1394,$,2.,0.8502575159072876,$,.SINGLE_SWING_RIGHT.,$);
#1386=IFCRELDEFINESBYTYPE('2ce$Eltgv9Wfo_42jM8S6q',$,$,$,(#1385),#1277);
#1387=IFCCARTESIANPOINT((0.,0.,0.));
#1388=IFCDIRECTION((1.,0.,0.));
#1389=IFCDIRECTION((0.,1.,0.));
#1390=IFCDIRECTION((0.,0.,1.));
#1391=IFCCARTESIANTRANSFORMATIONOPERATOR3D(#1388,#1389,#1387,1.,#1390);
#1392=IFCMAPPEDITEM(#1280,#1391);
#1393=IFCSHAPEREPRESENTATION(#18,'Profile','MappedRepresentation',(#1392));
#1394=IFCPRODUCTDEFINITIONSHAPE($,$,(#1393,#1401,#1408));
#1395=IFCCARTESIANPOINT((0.,0.,0.));
#1396=IFCDIRECTION((1.,0.,0.));
#1397=IFCDIRECTION((0.,1.,0.));
#1398=IFCDIRECTION((0.,0.,1.));
#1399=IFCCARTESIANTRANSFORMATIONOPERATOR3D(#1396,#1397,#1395,1.,#1398);
#1400=IFCMAPPEDITEM(#1288,#1399);
#1401=IFCSHAPEREPRESENTATION(#11,'Body','MappedRepresentation',(#1400));
#1402=IFCCARTESIANPOINT((0.,0.,0.));
#1403=IFCDIRECTION((1.,0.,0.));
#1404=IFCDIRECTION((0.,1.,0.));
#1405=IFCDIRECTION((0.,0.,1.));
#1406=IFCCARTESIANTRANSFORMATIONOPERATOR3D(#1403,#1404,#1402,1.,#1405);
#1407=IFCMAPPEDITEM(#1366,#1406);
#1408=IFCSHAPEREPRESENTATION(#24,'Body','MappedRepresentation',(#1407));
#1409=IFCOPENINGELEMENT('3RScSAv$91gg1gNWJ1DMcz',$,'Opening',$,$,#1563,#1437,$,.OPENING.);
#1425=IFCCARTESIANPOINT((0.,0.,0.));
#1426=IFCDIRECTION((1.,0.,0.));
#1427=IFCDIRECTION((0.,0.,1.));
#1428=IFCAXIS2PLACEMENT3D(#1425,#1427,#1426);
#1429=IFCREPRESENTATIONMAP(#1428,#1553);
#1430=IFCCARTESIANPOINT((0.,0.,0.));
#1431=IFCDIRECTION((1.,0.,0.));
#1432=IFCDIRECTION((0.,1.,0.));
#1433=IFCDIRECTION((0.,0.,1.));
#1434=IFCCARTESIANTRANSFORMATIONOPERATOR3D(#1431,#1432,#1430,1.,#1433);
#1435=IFCMAPPEDITEM(#1429,#1434);
#1436=IFCSHAPEREPRESENTATION(#11,'Body','MappedRepresentation',(#1435));
#1437=IFCPRODUCTDEFINITIONSHAPE($,$,(#1436));
#1438=IFCRELVOIDSELEMENT('1TfRXtEiDDDhSZAEiRdDQC',$,$,$,#656,#1409);
#1444=IFCRELFILLSELEMENT('24lEv9aeTAGQcAxgdUwEPh',$,$,$,#1409,#1385);
#1450=IFCCARTESIANPOINTLIST3D(((0.,0.,0.),(0.8502575159072876,0.,0.),(0.8502575159072876,0.,2.),(0.,0.,2.)));
#1451=IFCINDEXEDPOLYCURVE(#1450,(IFCLINEINDEX((1,2,3,4,1))),$);
#1452=IFCSHAPEREPRESENTATION(#18,'Profile','Curve3D',(#1451));
#1453=IFCCARTESIANPOINTLIST2D(((0.,0.),(0.,2.),(0.8502575159072876,2.),(0.8502575159072876,0.),(0.82525751553475857,0.),(0.82525751553475857,1.974999999627471),(0.02500000037252903,1.974999999627471),(0.02500000037252903,0.)));
#1454=IFCINDEXEDPOLYCURVE(#1453,(IFCLINEINDEX((1,2,3,4,5,6,7,8,1))),$);
#1455=IFCARBITRARYCLOSEDPROFILEDEF(.AREA.,$,#1454);
#1456=IFCCARTESIANPOINT((0.,0.02500000037252903,0.));
#1457=IFCDIRECTION((0.,-1.,0.));
#1458=IFCDIRECTION((1.,0.,0.));
#1459=IFCAXIS2PLACEMENT3D(#1456,#1457,#1458);
#1460=IFCDIRECTION((0.,0.,-1.));
#1461=IFCEXTRUDEDAREASOLID(#1455,#1459,#1460,0.02500000037252903);
#1462=IFCCARTESIANPOINTLIST2D(((0.,0.),(0.,2.),(0.8502575159072876,2.),(0.8502575159072876,0.),(0.80025751516222954,0.),(0.80025751516222954,1.9499999992549419),(0.05000000074505806,1.9499999992549419),(0.05000000074505806,0.)));
#1463=IFCINDEXEDPOLYCURVE(#1462,(IFCLINEINDEX((1,2,3,4,5,6,7,8,1))),$);
#1464=IFCARBITRARYCLOSEDPROFILEDEF(.AREA.,$,#1463);
#1465=IFCCARTESIANPOINT((0.,0.,0.));
#1466=IFCDIRECTION((0.,-1.,0.));
#1467=IFCDIRECTION((1.,0.,0.));
#1468=IFCAXIS2PLACEMENT3D(#1465,#1466,#1467);
#1469=IFCDIRECTION((0.,0.,-1.));
#1470=IFCEXTRUDEDAREASOLID(#1464,#1468,#1469,0.02500000037252903);
#1471=IFCCARTESIANPOINTLIST2D(((0.,0.),(0.75025751441717148,0.),(0.75025751441717148,0.10000000149011612),(0.,0.10000000149011612)));
#1472=IFCINDEXEDPOLYCURVE(#1471,(IFCLINEINDEX((1,2,3,4,1))),$);
#1473=IFCARBITRARYCLOSEDPROFILEDEF(.AREA.,$,#1472);
#1474=IFCCARTESIANPOINT((0.05000000074505806,0.,0.));
#1475=IFCDIRECTION((0.,0.,1.));
#1476=IFCDIRECTION((1.,0.,0.));
#1477=IFCAXIS2PLACEMENT3D(#1474,#1475,#1476);
#1478=IFCDIRECTION((0.,0.,1.));
#1479=IFCEXTRUDEDAREASOLID(#1473,#1477,#1478,0.02500000037252903);
#1480=IFCCARTESIANPOINTLIST2D(((0.,0.),(0.,2.0250000022351742),(0.90025752037763596,2.0250000022351742),(0.90025752037763596,0.),(0.82525751739740372,0.),(0.82525751739740372,1.9499999992549419),(0.075000002980232239,1.9499999992549419),(0.075000002980232239,0.)));
#1481=IFCINDEXEDPOLYCURVE(#1480,(IFCLINEINDEX((1,2,3,4,5,6,7,8,1))),$);
#1482=IFCARBITRARYCLOSEDPROFILEDEF(.AREA.,$,#1481);
#1483=IFCCARTESIANPOINT((-0.025000002235174179,-0.004999999888241291,0.));
#1484=IFCDIRECTION((0.,-1.,0.));
#1485=IFCDIRECTION((1.,0.,0.));
#1486=IFCAXIS2PLACEMENT3D(#1483,#1484,#1485);
#1487=IFCDIRECTION((0.,0.,-1.));
#1488=IFCEXTRUDEDAREASOLID(#1482,#1486,#1487,0.004999999888241291);
#1489=IFCCARTESIANPOINTLIST2D(((0.,0.),(0.,2.0250000022351742),(0.90025752037763596,2.0250000022351742),(0.90025752037763596,0.),(0.85025751776993275,0.),(0.85025751776993275,1.974999999627471),(0.050000002607703209,1.974999999627471),(0.050000002607703209,0.)));
#1490=IFCINDEXEDPOLYCURVE(#1489,(IFCLINEINDEX((1,2,3,4,5,6,7,8,1))),$);
#1491=IFCARBITRARYCLOSEDPROFILEDEF(.AREA.,$,#1490);
#1492=IFCCARTESIANPOINT((-0.025000002235174179,0.05000000074505806,0.));
#1493=IFCDIRECTION((0.,-1.,0.));
#1494=IFCDIRECTION((1.,0.,0.));
#1495=IFCAXIS2PLACEMENT3D(#1492,#1493,#1494);
#1496=IFCDIRECTION((0.,0.,-1.));
#1497=IFCEXTRUDEDAREASOLID(#1491,#1495,#1496,0.004999999888241291);
#1498=IFCCARTESIANPOINTLIST2D(((0.,0.),(0.80025751516222954,0.),(0.80025751516222954,0.035000000149011612),(0.,0.035000000149011612)));
#1499=IFCINDEXEDPOLYCURVE(#1498,(IFCLINEINDEX((1,2,3,4,1))),$);
#1500=IFCARBITRARYCLOSEDPROFILEDEF(.AREA.,$,#1499);
#1501=IFCCARTESIANPOINT((0.02500000037252903,0.02500000037252903,0.02500000037252903));
#1502=IFCDIRECTION((0.,0.,1.));
#1503=IFCDIRECTION((1.,0.,0.));
#1504=IFCAXIS2PLACEMENT3D(#1501,#1502,#1503);
#1505=IFCDIRECTION((0.,0.,1.));
#1506=IFCEXTRUDEDAREASOLID(#1500,#1504,#1505,1.9499999992549419);
#1507=IFCCARTESIANPOINTLIST2D(((0.,0.),(0.,-0.040000000000000001),(0.12,-0.040000000000000001),(0.12,-0.02),(0.02,-0.02),(0.02,0.)));
#1508=IFCINDEXEDPOLYCURVE(#1507,(IFCLINEINDEX((1,2,3,4,5,6,1))),$);
#1509=IFCARBITRARYCLOSEDPROFILEDEF(.AREA.,$,#1508);
#1510=IFCCARTESIANPOINT((0.075000000372529033,0.02500000037252903,1.015000000372529));
#1511=IFCDIRECTION((0.,0.,1.));
#1512=IFCDIRECTION((1.,0.,0.));
#1513=IFCAXIS2PLACEMENT3D(#1510,#1511,#1512);
#1514=IFCDIRECTION((0.,0.,1.));
#1515=IFCEXTRUDEDAREASOLID(#1509,#1513,#1514,0.02);
#1516=IFCEXTRUDEDAREASOLID(#1517,#1520,#1524,0.02);
#1517=IFCARBITRARYCLOSEDPROFILEDEF(.AREA.,$,#1518);
#1518=IFCINDEXEDPOLYCURVE(#1519,(IFCLINEINDEX((1,2,3,4,5,6,1))),$);
#1519=IFCCARTESIANPOINTLIST2D(((0.,0.),(0.,0.040000000000000008),(0.11999999999999998,0.040000000000000008),(0.11999999999999998,0.020000000000000004),(0.020000000000000004,0.020000000000000004),(0.020000000000000004,0.)));
#1520=IFCAXIS2PLACEMENT3D(#1521,#1522,#1523);
#1521=IFCCARTESIANPOINT((0.075000000372529033,0.060000000521540642,1.015000000372529));
#1522=IFCDIRECTION((0.,0.,1.));
#1523=IFCDIRECTION((1.,0.,0.));
#1524=IFCDIRECTION((0.,0.,1.));
#1525=IFCSHAPEREPRESENTATION(#11,'Body','SweptSolid',(#1461,#1470,#1506,#1515,#1516,#1479,#1488,#1497));
#1526=IFCSHAPEREPRESENTATION(#11,'Body','SweptSolid',(#1461,#1470,#1479,#1488,#1497));
#1527=IFCSHAPEASPECT((#1526),'Lining',$,.T.,#1394);
#1528=IFCSHAPEREPRESENTATION(#11,'Body','SweptSolid',(#1506,#1515,#1516));
#1529=IFCSHAPEASPECT((#1528),'Framing',$,.T.,#1394);
#1530=IFCCARTESIANPOINTLIST2D(((0.,0.),(0.,0.05000000074505806),(0.02500000037252903,0.05000000074505806),(0.02500000037252903,0.02500000037252903),(0.05000000074505806,0.02500000037252903),(0.05000000074505806,0.)));
#1531=IFCINDEXEDPOLYCURVE(#1530,(IFCLINEINDEX((1,2,3,4,5,6,1))),$);
#1532=IFCINDEXEDPOLYCURVE(#1533,(IFCLINEINDEX((1,2,3,4,5,6,1))),$);
#1533=IFCCARTESIANPOINTLIST2D(((0.8502575159072876,0.),(0.8502575159072876,0.05000000074505806),(0.82525751553475857,0.05000000074505806),(0.82525751553475857,0.02500000037252903),(0.80025751516222954,0.02500000037252903),(0.80025751516222954,0.)));
#1534=IFCDIRECTION((1.,0.));
#1535=IFCCARTESIANPOINT((0.79025751538574696,0.05000000074505806));
#1536=IFCAXIS2PLACEMENT2D(#1535,#1534);
#1537=IFCELLIPSE(#1536,0.76525751501321793,0.80025751516222954);
#1538=IFCCARTESIANPOINT((0.79025751538574696,0.8502575159072876));
#1539=IFCCARTESIANPOINT((0.02500000037252903,0.05000000074505806));
#1540=IFCTRIMMEDCURVE(#1537,(#1538),(#1539),.T.,.CARTESIAN.);
#1541=IFCCARTESIANPOINTLIST2D(((0.82525751553475857,0.05000000074505806),(0.79025751538574696,0.05000000074505806),(0.79025751538574696,0.8502575159072876),(0.82525751553475857,0.8502575159072876)));
#1542=IFCINDEXEDPOLYCURVE(#1541,(IFCLINEINDEX((1,2,3,4,1))),$);
#1543=IFCSHAPEREPRESENTATION(#24,'Body','Curve2D',(#1531,#1532,#1540,#1542));
#1544=IFCCARTESIANPOINTLIST2D(((0.,0.),(0.8502575159072876,0.),(0.8502575159072876,2.),(0.,2.)));
#1545=IFCINDEXEDPOLYCURVE(#1544,(IFCLINEINDEX((1,2,3,4,1))),$);
#1546=IFCARBITRARYCLOSEDPROFILEDEF(.AREA.,$,#1545);
#1547=IFCCARTESIANPOINT((0.,-0.60000002384185791,0.));
#1548=IFCDIRECTION((0.,-1.,0.));
#1549=IFCDIRECTION((1.,0.,0.));
#1550=IFCAXIS2PLACEMENT3D(#1547,#1548,#1549);
#1551=IFCDIRECTION((0.,0.,-1.));
#1552=IFCEXTRUDEDAREASOLID(#1546,#1550,#1551,1.2);
#1553=IFCSHAPEREPRESENTATION(#11,'Body','SweptSolid',(#1552));
#1559=IFCCARTESIANPOINT((1.527626410126711,-2.7209760317115084E-07,0.));
#1560=IFCDIRECTION((0.,0.,1.));
#1561=IFCDIRECTION((0.99999999999997147,-2.384185719961227E-07,0.));
#1562=IFCAXIS2PLACEMENT3D(#1559,#1560,#1561);
#1563=IFCLOCALPLACEMENT(#667,#1562);
#1564=IFCCARTESIANPOINT((2.2204460492503131E-16,0.,0.));
#1565=IFCDIRECTION((0.,0.,1.));
#1566=IFCDIRECTION((1.,5.2939559203393771E-23,0.));
#1567=IFCAXIS2PLACEMENT3D(#1564,#1565,#1566);
#1568=IFCLOCALPLACEMENT(#1563,#1567);
#1569=IFCDOORTYPE('1$mwtlFcf0Px4g1yXZJYXE',$,'maids-gf',$,$,(#1570),(#1579,#1657,#1676,#1858),$,$,.DOOR.,.SINGLE_SWING_LEFT.,$,$);
#1570=IFCPROPERTYSET('1Ri6_6L0X1RuCl7hNR_t00',$,'BBIM_Door',$,(#1571));
#1571=IFCPROPERTYSINGLEVALUE('Data',$,IFCTEXT('{"door_type": "SLIDING_TO_RIGHT", "overall_height": 2.0, "overall_width": 1.3737373352050781, "lining_properties": {"lining_depth": 0.05000000074505806, "lining_thickness": 0.05000000074505806, "lining_offset": 0.0, "transom_thickness": 0.0, "casing_thickness": 0.07500000298023224, "casing_depth": 0.004999999888241291, "threshold_thickness": 0.02500000037252903, "threshold_depth": 0.10000000149011612, "threshold_offset": 0.0}, "panel_properties": {"panel_depth": 0.03500000014901161, "panel_width_ratio": 1.0}}'),$);
#1575=IFCCARTESIANPOINT((0.,0.,0.));
#1576=IFCDIRECTION((1.,0.,0.));
#1577=IFCDIRECTION((0.,0.,1.));
#1578=IFCAXIS2PLACEMENT3D(#1575,#1577,#1576);
#1579=IFCREPRESENTATIONMAP(#1578,#1773);
#1653=IFCCARTESIANPOINT((0.,0.,0.));
#1654=IFCDIRECTION((1.,0.,0.));
#1655=IFCDIRECTION((0.,0.,1.));
#1656=IFCAXIS2PLACEMENT3D(#1653,#1655,#1654);
#1657=IFCREPRESENTATIONMAP(#1656,#1837);
#1672=IFCCARTESIANPOINT((0.,0.,0.));
#1673=IFCDIRECTION((1.,0.,0.));
#1674=IFCDIRECTION((0.,0.,1.));
#1675=IFCAXIS2PLACEMENT3D(#1672,#1674,#1673);
#1676=IFCREPRESENTATIONMAP(#1675,#1848);
#1706=IFCDOOR('2nooWFoEDESQ5FFF_zT0jL',$,'Door',$,$,#1890,#1715,$,2.,1.3737373352050781,$,.SLIDING_TO_RIGHT.,$);
#1707=IFCRELDEFINESBYTYPE('1bZrKrKLr2W8NaZHjI3Li6',$,$,$,(#1706),#1569);
#1708=IFCCARTESIANPOINT((0.,0.,0.));
#1709=IFCDIRECTION((1.,0.,0.));
#1710=IFCDIRECTION((0.,1.,0.));
#1711=IFCDIRECTION((0.,0.,1.));
#1712=IFCCARTESIANTRANSFORMATIONOPERATOR3D(#1709,#1710,#1708,1.,#1711);
#1713=IFCMAPPEDITEM(#1579,#1712);
#1714=IFCSHAPEREPRESENTATION(#18,'Profile','MappedRepresentation',(#1713));
#1715=IFCPRODUCTDEFINITIONSHAPE($,$,(#1714,#1722,#1729,#1865));
#1716=IFCCARTESIANPOINT((0.,0.,0.));
#1717=IFCDIRECTION((1.,0.,0.));
#1718=IFCDIRECTION((0.,1.,0.));
#1719=IFCDIRECTION((0.,0.,1.));
#1720=IFCCARTESIANTRANSFORMATIONOPERATOR3D(#1717,#1718,#1716,1.,#1719);
#1721=IFCMAPPEDITEM(#1657,#1720);
#1722=IFCSHAPEREPRESENTATION(#11,'Body','MappedRepresentation',(#1721));
#1723=IFCCARTESIANPOINT((0.,0.,0.));
#1724=IFCDIRECTION((1.,0.,0.));
#1725=IFCDIRECTION((0.,1.,0.));
#1726=IFCDIRECTION((0.,0.,1.));
#1727=IFCCARTESIANTRANSFORMATIONOPERATOR3D(#1724,#1725,#1723,1.,#1726);
#1728=IFCMAPPEDITEM(#1676,#1727);
#1729=IFCSHAPEREPRESENTATION(#24,'Body','MappedRepresentation',(#1728));
#1730=IFCOPENINGELEMENT('3AcBrJhGD60RPlEp1Xf5MH',$,'Opening',$,$,#1885,#1758,$,.OPENING.);
#1746=IFCCARTESIANPOINT((0.,0.,0.));
#1747=IFCDIRECTION((1.,0.,0.));
#1748=IFCDIRECTION((0.,0.,1.));
#1749=IFCAXIS2PLACEMENT3D(#1746,#1748,#1747);
#1750=IFCREPRESENTATIONMAP(#1749,#1875);
#1751=IFCCARTESIANPOINT((0.,0.,0.));
#1752=IFCDIRECTION((1.,0.,0.));
#1753=IFCDIRECTION((0.,1.,0.));
#1754=IFCDIRECTION((0.,0.,1.));
#1755=IFCCARTESIANTRANSFORMATIONOPERATOR3D(#1752,#1753,#1751,1.,#1754);
#1756=IFCMAPPEDITEM(#1750,#1755);
#1757=IFCSHAPEREPRESENTATION(#11,'Body','MappedRepresentation',(#1756));
#1758=IFCPRODUCTDEFINITIONSHAPE($,$,(#1757));
#1759=IFCRELVOIDSELEMENT('1fnVKvlLz73RWuG2ZWcyCj',$,$,$,#881,#1730);
#1765=IFCRELFILLSELEMENT('2a2W4EVanBienyWcTQY_5$',$,$,$,#1730,#1706);
#1771=IFCCARTESIANPOINTLIST3D(((0.,0.,0.),(1.3737373352050781,0.,0.),(1.3737373352050781,0.,2.),(0.,0.,2.)));
#1772=IFCINDEXEDPOLYCURVE(#1771,(IFCLINEINDEX((1,2,3,4,1))),$);
#1773=IFCSHAPEREPRESENTATION(#18,'Profile','Curve3D',(#1772));
#1774=IFCCARTESIANPOINTLIST2D(((0.,0.),(0.,2.),(1.3737373352050781,2.),(1.3737373352050781,0.),(1.3237373344600201,0.),(1.3237373344600201,1.9499999992549419),(0.05000000074505806,1.9499999992549419),(0.05000000074505806,0.)));
#1775=IFCINDEXEDPOLYCURVE(#1774,(IFCLINEINDEX((1,2,3,4,5,6,7,8,1))),$);
#1776=IFCARBITRARYCLOSEDPROFILEDEF(.AREA.,$,#1775);
#1777=IFCCARTESIANPOINT((0.,0.,0.));
#1778=IFCDIRECTION((0.,-1.,0.));
#1779=IFCDIRECTION((1.,0.,0.));
#1780=IFCAXIS2PLACEMENT3D(#1777,#1778,#1779);
#1781=IFCDIRECTION((0.,0.,-1.));
#1782=IFCEXTRUDEDAREASOLID(#1776,#1780,#1781,0.05000000074505806);
#1783=IFCCARTESIANPOINTLIST2D(((0.,0.),(1.273737333714962,0.),(1.273737333714962,0.10000000149011612),(0.,0.10000000149011612)));
#1784=IFCINDEXEDPOLYCURVE(#1783,(IFCLINEINDEX((1,2,3,4,1))),$);
#1785=IFCARBITRARYCLOSEDPROFILEDEF(.AREA.,$,#1784);
#1786=IFCCARTESIANPOINT((0.05000000074505806,0.,0.));
#1787=IFCDIRECTION((0.,0.,1.));
#1788=IFCDIRECTION((1.,0.,0.));
#1789=IFCAXIS2PLACEMENT3D(#1786,#1787,#1788);
#1790=IFCDIRECTION((0.,0.,1.));
#1791=IFCEXTRUDEDAREASOLID(#1785,#1789,#1790,0.02500000037252903);
#1792=IFCCARTESIANPOINTLIST2D(((0.,0.),(0.,2.0250000022351742),(1.4237373396754265,2.0250000022351742),(1.4237373396754265,0.),(1.3487373366951942,0.),(1.3487373366951942,1.9499999992549419),(0.075000002980232239,1.9499999992549419),(0.075000002980232239,0.)));
#1793=IFCINDEXEDPOLYCURVE(#1792,(IFCLINEINDEX((1,2,3,4,5,6,7,8,1))),$);
#1794=IFCARBITRARYCLOSEDPROFILEDEF(.AREA.,$,#1793);
#1795=IFCCARTESIANPOINT((-0.025000002235174179,-0.004999999888241291,0.));
#1796=IFCDIRECTION((0.,-1.,0.));
#1797=IFCDIRECTION((1.,0.,0.));
#1798=IFCAXIS2PLACEMENT3D(#1795,#1796,#1797);
#1799=IFCDIRECTION((0.,0.,-1.));
#1800=IFCEXTRUDEDAREASOLID(#1794,#1798,#1799,0.004999999888241291);
#1801=IFCCARTESIANPOINTLIST2D(((0.,0.),(0.,2.0250000022351742),(1.4237373396754265,2.0250000022351742),(1.4237373396754265,0.),(1.3487373366951942,0.),(1.3487373366951942,1.9499999992549419),(0.075000002980232239,1.9499999992549419),(0.075000002980232239,0.)));
#1802=IFCINDEXEDPOLYCURVE(#1801,(IFCLINEINDEX((1,2,3,4,5,6,7,8,1))),$);
#1803=IFCARBITRARYCLOSEDPROFILEDEF(.AREA.,$,#1802);
#1804=IFCCARTESIANPOINT((-0.025000002235174179,0.05000000074505806,0.));
#1805=IFCDIRECTION((0.,-1.,0.));
#1806=IFCDIRECTION((1.,0.,0.));
#1807=IFCAXIS2PLACEMENT3D(#1804,#1805,#1806);
#1808=IFCDIRECTION((0.,0.,-1.));
#1809=IFCEXTRUDEDAREASOLID(#1803,#1807,#1808,0.004999999888241291);
#1810=IFCCARTESIANPOINTLIST2D(((0.,0.),(1.273737333714962,0.),(1.273737333714962,0.035000000149011612),(0.,0.035000000149011612)));
#1811=IFCINDEXEDPOLYCURVE(#1810,(IFCLINEINDEX((1,2,3,4,1))),$);
#1812=IFCARBITRARYCLOSEDPROFILEDEF(.AREA.,$,#1811);
#1813=IFCCARTESIANPOINT((0.05000000074505806,-0.035000000149011612,0.02500000037252903));
#1814=IFCDIRECTION((0.,0.,1.));
#1815=IFCDIRECTION((1.,0.,0.));
#1816=IFCAXIS2PLACEMENT3D(#1813,#1814,#1815);
#1817=IFCDIRECTION((0.,0.,1.));
#1818=IFCEXTRUDEDAREASOLID(#1812,#1816,#1817,1.9249999988824129);
#1819=IFCCARTESIANPOINTLIST2D(((0.,0.),(0.,-0.040000000000000001),(0.12,-0.040000000000000001),(0.12,-0.02),(0.02,-0.02),(0.02,0.)));
#1820=IFCINDEXEDPOLYCURVE(#1819,(IFCLINEINDEX((1,2,3,4,5,6,1))),$);
#1821=IFCARBITRARYCLOSEDPROFILEDEF(.AREA.,$,#1820);
#1822=IFCCARTESIANPOINT((0.10000000074505806,-0.035000000149011612,1.015000000372529));
#1823=IFCDIRECTION((0.,0.,1.));
#1824=IFCDIRECTION((1.,0.,0.));
#1825=IFCAXIS2PLACEMENT3D(#1822,#1823,#1824);
#1826=IFCDIRECTION((0.,0.,1.));
#1827=IFCEXTRUDEDAREASOLID(#1821,#1825,#1826,0.02);
#1828=IFCEXTRUDEDAREASOLID(#1829,#1832,#1836,0.02);
#1829=IFCARBITRARYCLOSEDPROFILEDEF(.AREA.,$,#1830);
#1830=IFCINDEXEDPOLYCURVE(#1831,(IFCLINEINDEX((1,2,3,4,5,6,1))),$);
#1831=IFCCARTESIANPOINTLIST2D(((0.,0.),(0.,0.040000000000000008),(0.11999999999999998,0.040000000000000008),(0.11999999999999998,0.020000000000000004),(0.020000000000000004,0.020000000000000004),(0.020000000000000004,0.)));
#1832=IFCAXIS2PLACEMENT3D(#1833,#1834,#1835);
#1833=IFCCARTESIANPOINT((0.10000000074505806,0.,1.015000000372529));
#1834=IFCDIRECTION((0.,0.,1.));
#1835=IFCDIRECTION((1.,0.,0.));
#1836=IFCDIRECTION((0.,0.,1.));
#1837=IFCSHAPEREPRESENTATION(#11,'Body','SweptSolid',(#1782,#1818,#1827,#1828,#1791,#1800,#1809));
#1838=IFCSHAPEREPRESENTATION(#11,'Body','SweptSolid',(#1782,#1791,#1800,#1809));
#1839=IFCSHAPEASPECT((#1838),'Lining',$,.T.,#1715);
#1840=IFCSHAPEREPRESENTATION(#11,'Body','SweptSolid',(#1818,#1827,#1828));
#1841=IFCSHAPEASPECT((#1840),'Framing',$,.T.,#1715);
#1842=IFCCARTESIANPOINTLIST2D(((0.,0.),(0.05000000074505806,0.),(0.05000000074505806,0.05000000074505806),(0.,0.05000000074505806)));
#1843=IFCINDEXEDPOLYCURVE(#1842,(IFCLINEINDEX((1,2,3,4,1))),$);
#1844=IFCINDEXEDPOLYCURVE(#1845,(IFCLINEINDEX((1,2,3,4,1))),$);
#1845=IFCCARTESIANPOINTLIST2D(((1.3737373352050781,0.),(1.3237373344600201,0.),(1.3237373344600201,0.05000000074505806),(1.3737373352050781,0.05000000074505806)));
#1846=IFCCARTESIANPOINTLIST2D(((1.9606060013175011,-0.035000000149011612),(0.68686866760253906,-0.035000000149011612),(0.68686866760253906,0.),(1.9606060013175011,0.)));
#1847=IFCINDEXEDPOLYCURVE(#1846,(IFCLINEINDEX((1,2,3,4,1))),$);
#1848=IFCSHAPEREPRESENTATION(#24,'Body','Curve2D',(#1843,#1844,#1847));
#1849=IFCCARTESIANPOINTLIST2D(((0.49580806754529472,-0.081587428267465345),(0.87792926765978341,-0.081587428267465345)));
#1850=IFCINDEXEDPOLYCURVE(#1849,$,$);
#1851=IFCCARTESIANPOINTLIST2D(((0.52580806754529474,-0.050529142855162856),(0.49580806754529472,-0.081587428267465345),(0.52580806754529474,-0.11264571367976783)));
#1852=IFCINDEXEDPOLYCURVE(#1851,$,$);
#1853=IFCSHAPEREPRESENTATION(#25,'Annotation','Curve2D',(#1850,#1852));
#1854=IFCCARTESIANPOINT((0.,0.,0.));
#1855=IFCDIRECTION((1.,0.,0.));
#1856=IFCDIRECTION((0.,0.,1.));
#1857=IFCAXIS2PLACEMENT3D(#1854,#1856,#1855);
#1858=IFCREPRESENTATIONMAP(#1857,#1853);
#1859=IFCCARTESIANPOINT((0.,0.,0.));
#1860=IFCDIRECTION((1.,0.,0.));
#1861=IFCDIRECTION((0.,1.,0.));
#1862=IFCDIRECTION((0.,0.,1.));
#1863=IFCCARTESIANTRANSFORMATIONOPERATOR3D(#1860,#1861,#1859,1.,#1862);
#1864=IFCMAPPEDITEM(#1858,#1863);
#1865=IFCSHAPEREPRESENTATION(#25,'Annotation','MappedRepresentation',(#1864));
#1866=IFCCARTESIANPOINTLIST2D(((0.,0.),(1.3737373352050781,0.),(1.3737373352050781,2.),(0.,2.)));
#1867=IFCINDEXEDPOLYCURVE(#1866,(IFCLINEINDEX((1,2,3,4,1))),$);
#1868=IFCARBITRARYCLOSEDPROFILEDEF(.AREA.,$,#1867);
#1869=IFCCARTESIANPOINT((0.,-0.60000002384185791,0.));
#1870=IFCDIRECTION((0.,-1.,0.));
#1871=IFCDIRECTION((1.,0.,0.));
#1872=IFCAXIS2PLACEMENT3D(#1869,#1870,#1871);
#1873=IFCDIRECTION((0.,0.,-1.));
#1874=IFCEXTRUDEDAREASOLID(#1868,#1872,#1873,1.2);
#1875=IFCSHAPEREPRESENTATION(#11,'Body','SweptSolid',(#1874));
#1881=IFCCARTESIANPOINT((1.8910782337188721,0.099999666213989258,0.));
#1882=IFCDIRECTION((0.,0.,1.));
#1883=IFCDIRECTION((-0.99999999999992428,3.8941436741876494E-07,0.));
#1884=IFCAXIS2PLACEMENT3D(#1881,#1882,#1883);
#1885=IFCLOCALPLACEMENT(#892,#1884);
#1886=IFCCARTESIANPOINT((0.,4.4408920985006262E-16,0.));
#1887=IFCDIRECTION((0.,0.,1.));
#1888=IFCDIRECTION((0.99999999999999989,5.2939559203393771E-23,0.));
#1889=IFCAXIS2PLACEMENT3D(#1886,#1887,#1888);
#1890=IFCLOCALPLACEMENT(#1885,#1889);
#1891=IFCDOORTYPE('1nm6gNOjbFr98FIGf9PCOE',$,'cr-gf',$,$,(#1892),(#1901,#1979,#1998),$,$,.DOOR.,.SINGLE_SWING_LEFT.,$,$);
#1892=IFCPROPERTYSET('1miPGJ7pbF2RSPHNK1SZu9',$,'BBIM_Door',$,(#1893));
#1893=IFCPROPERTYSINGLEVALUE('Data',$,IFCTEXT('{"door_type": "SINGLE_SWING_LEFT", "overall_height": 2.0, "overall_width": 0.7341920137405396, "lining_properties": {"lining_depth": 0.05000000074505806, "lining_thickness": 0.05000000074505806, "lining_offset": 0.0, "lining_to_panel_offset_x": 0.02500000037252903, "lining_to_panel_offset_y": 0.02500000037252903, "transom_thickness": 0.0, "casing_thickness": 0.07500000298023224, "casing_depth": 0.004999999888241291, "threshold_thickness": 0.02500000037252903, "threshold_depth": 0.10000000149011612, "threshold_offset": 0.0}, "panel_properties": {"panel_depth": 0.03500000014901161, "panel_width_ratio": 1.0}}'),$);
#1897=IFCCARTESIANPOINT((0.,0.,0.));
#1898=IFCDIRECTION((1.,0.,0.));
#1899=IFCDIRECTION((0.,0.,1.));
#1900=IFCAXIS2PLACEMENT3D(#1897,#1899,#1898);
#1901=IFCREPRESENTATIONMAP(#1900,#2066);
#1975=IFCCARTESIANPOINT((0.,0.,0.));
#1976=IFCDIRECTION((1.,0.,0.));
#1977=IFCDIRECTION((0.,0.,1.));
#1978=IFCAXIS2PLACEMENT3D(#1975,#1977,#1976);
#1979=IFCREPRESENTATIONMAP(#1978,#2139);
#1994=IFCCARTESIANPOINT((0.,0.,0.));
#1995=IFCDIRECTION((1.,0.,0.));
#1996=IFCDIRECTION((0.,0.,1.));
#1997=IFCAXIS2PLACEMENT3D(#1994,#1996,#1995);
#1998=IFCREPRESENTATIONMAP(#1997,#2157);
#1999=IFCDOOR('0KD1YBparFUeHMxrSfLf7y',$,'Door',$,$,#2182,#2008,$,2.,0.73419201374053955,$,.SINGLE_SWING_LEFT.,$);
#2000=IFCRELDEFINESBYTYPE('0SG1k279n5YhG13kvWhyZ1',$,$,$,(#1999),#1891);
#2001=IFCCARTESIANPOINT((0.,0.,0.));
#2002=IFCDIRECTION((1.,0.,0.));
#2003=IFCDIRECTION((0.,1.,0.));
#2004=IFCDIRECTION((0.,0.,1.));
#2005=IFCCARTESIANTRANSFORMATIONOPERATOR3D(#2002,#2003,#2001,1.,#2004);
#2006=IFCMAPPEDITEM(#1901,#2005);
#2007=IFCSHAPEREPRESENTATION(#18,'Profile','MappedRepresentation',(#2006));
#2008=IFCPRODUCTDEFINITIONSHAPE($,$,(#2007,#2015,#2022));
#2009=IFCCARTESIANPOINT((0.,0.,0.));
#2010=IFCDIRECTION((1.,0.,0.));
#2011=IFCDIRECTION((0.,1.,0.));
#2012=IFCDIRECTION((0.,0.,1.));
#2013=IFCCARTESIANTRANSFORMATIONOPERATOR3D(#2010,#2011,#2009,1.,#2012);
#2014=IFCMAPPEDITEM(#1979,#2013);
#2015=IFCSHAPEREPRESENTATION(#11,'Body','MappedRepresentation',(#2014));
#2016=IFCCARTESIANPOINT((0.,0.,0.));
#2017=IFCDIRECTION((1.,0.,0.));
#2018=IFCDIRECTION((0.,1.,0.));
#2019=IFCDIRECTION((0.,0.,1.));
#2020=IFCCARTESIANTRANSFORMATIONOPERATOR3D(#2017,#2018,#2016,1.,#2019);
#2021=IFCMAPPEDITEM(#1998,#2020);
#2022=IFCSHAPEREPRESENTATION(#24,'Body','MappedRepresentation',(#2021));
#2023=IFCOPENINGELEMENT('12Mx$_2Z1BzxvCRwjQxyYM',$,'Opening',$,$,#2177,#2051,$,.OPENING.);
#2039=IFCCARTESIANPOINT((0.,0.,0.));
#2040=IFCDIRECTION((1.,0.,0.));
#2041=IFCDIRECTION((0.,0.,1.));
#2042=IFCAXIS2PLACEMENT3D(#2039,#2041,#2040);
#2043=IFCREPRESENTATIONMAP(#2042,#2167);
#2044=IFCCARTESIANPOINT((0.,0.,0.));
#2045=IFCDIRECTION((1.,0.,0.));
#2046=IFCDIRECTION((0.,1.,0.));
#2047=IFCDIRECTION((0.,0.,1.));
#2048=IFCCARTESIANTRANSFORMATIONOPERATOR3D(#2045,#2046,#2044,1.,#2047);
#2049=IFCMAPPEDITEM(#2043,#2048);
#2050=IFCSHAPEREPRESENTATION(#11,'Body','MappedRepresentation',(#2049));
#2051=IFCPRODUCTDEFINITIONSHAPE($,$,(#2050));
#2052=IFCRELVOIDSELEMENT('1UCeNFldDAUxN0psFHN0UV',$,$,$,#786,#2023);
#2058=IFCRELFILLSELEMENT('3zvl$Ir6fEt8Ddf6TzTD27',$,$,$,#2023,#1999);
#2064=IFCCARTESIANPOINTLIST3D(((0.,0.,0.),(0.73419201374053955,0.,0.),(0.73419201374053955,0.,2.),(0.,0.,2.)));
#2065=IFCINDEXEDPOLYCURVE(#2064,(IFCLINEINDEX((1,2,3,4,1))),$);
#2066=IFCSHAPEREPRESENTATION(#18,'Profile','Curve3D',(#2065));
#2067=IFCCARTESIANPOINTLIST2D(((0.,0.),(0.,2.),(0.73419201374053955,2.),(0.73419201374053955,0.),(0.70919201336801052,0.),(0.70919201336801052,1.974999999627471),(0.02500000037252903,1.974999999627471),(0.02500000037252903,0.)));
#2068=IFCINDEXEDPOLYCURVE(#2067,(IFCLINEINDEX((1,2,3,4,5,6,7,8,1))),$);
#2069=IFCARBITRARYCLOSEDPROFILEDEF(.AREA.,$,#2068);
#2070=IFCCARTESIANPOINT((0.,0.02500000037252903,0.));
#2071=IFCDIRECTION((0.,-1.,0.));
#2072=IFCDIRECTION((1.,0.,0.));
#2073=IFCAXIS2PLACEMENT3D(#2070,#2071,#2072);
#2074=IFCDIRECTION((0.,0.,-1.));
#2075=IFCEXTRUDEDAREASOLID(#2069,#2073,#2074,0.02500000037252903);
#2076=IFCCARTESIANPOINTLIST2D(((0.,0.),(0.,2.),(0.73419201374053955,2.),(0.73419201374053955,0.),(0.68419201299548149,0.),(0.68419201299548149,1.9499999992549419),(0.05000000074505806,1.9499999992549419),(0.05000000074505806,0.)));
#2077=IFCINDEXEDPOLYCURVE(#2076,(IFCLINEINDEX((1,2,3,4,5,6,7,8,1))),$);
#2078=IFCARBITRARYCLOSEDPROFILEDEF(.AREA.,$,#2077);
#2079=IFCCARTESIANPOINT((0.,0.,0.));
#2080=IFCDIRECTION((0.,-1.,0.));
#2081=IFCDIRECTION((1.,0.,0.));
#2082=IFCAXIS2PLACEMENT3D(#2079,#2080,#2081);
#2083=IFCDIRECTION((0.,0.,-1.));
#2084=IFCEXTRUDEDAREASOLID(#2078,#2082,#2083,0.02500000037252903);
#2085=IFCCARTESIANPOINTLIST2D(((0.,0.),(0.63419201225042343,0.),(0.63419201225042343,0.10000000149011612),(0.,0.10000000149011612)));
#2086=IFCINDEXEDPOLYCURVE(#2085,(IFCLINEINDEX((1,2,3,4,1))),$);
#2087=IFCARBITRARYCLOSEDPROFILEDEF(.AREA.,$,#2086);
#2088=IFCCARTESIANPOINT((0.05000000074505806,0.,0.));
#2089=IFCDIRECTION((0.,0.,1.));
#2090=IFCDIRECTION((1.,0.,0.));
#2091=IFCAXIS2PLACEMENT3D(#2088,#2089,#2090);
#2092=IFCDIRECTION((0.,0.,1.));
#2093=IFCEXTRUDEDAREASOLID(#2087,#2091,#2092,0.02500000037252903);
#2094=IFCCARTESIANPOINTLIST2D(((0.,0.),(0.,2.0250000022351742),(0.78419201821088791,2.0250000022351742),(0.78419201821088791,0.),(0.70919201523065567,0.),(0.70919201523065567,1.9499999992549419),(0.075000002980232239,1.9499999992549419),(0.075000002980232239,0.)));
#2095=IFCINDEXEDPOLYCURVE(#2094,(IFCLINEINDEX((1,2,3,4,5,6,7,8,1))),$);
#2096=IFCARBITRARYCLOSEDPROFILEDEF(.AREA.,$,#2095);
#2097=IFCCARTESIANPOINT((-0.025000002235174179,-0.004999999888241291,0.));
#2098=IFCDIRECTION((0.,-1.,0.));
#2099=IFCDIRECTION((1.,0.,0.));
#2100=IFCAXIS2PLACEMENT3D(#2097,#2098,#2099);
#2101=IFCDIRECTION((0.,0.,-1.));
#2102=IFCEXTRUDEDAREASOLID(#2096,#2100,#2101,0.004999999888241291);
#2103=IFCCARTESIANPOINTLIST2D(((0.,0.),(0.,2.0250000022351742),(0.78419201821088791,2.0250000022351742),(0.78419201821088791,0.),(0.7341920156031847,0.),(0.7341920156031847,1.974999999627471),(0.050000002607703209,1.974999999627471),(0.050000002607703209,0.)));
#2104=IFCINDEXEDPOLYCURVE(#2103,(IFCLINEINDEX((1,2,3,4,5,6,7,8,1))),$);
#2105=IFCARBITRARYCLOSEDPROFILEDEF(.AREA.,$,#2104);
#2106=IFCCARTESIANPOINT((-0.025000002235174179,0.05000000074505806,0.));
#2107=IFCDIRECTION((0.,-1.,0.));
#2108=IFCDIRECTION((1.,0.,0.));
#2109=IFCAXIS2PLACEMENT3D(#2106,#2107,#2108);
#2110=IFCDIRECTION((0.,0.,-1.));
#2111=IFCEXTRUDEDAREASOLID(#2105,#2109,#2110,0.004999999888241291);
#2112=IFCCARTESIANPOINTLIST2D(((0.,0.),(0.68419201299548149,0.),(0.68419201299548149,0.035000000149011612),(0.,0.035000000149011612)));
#2113=IFCINDEXEDPOLYCURVE(#2112,(IFCLINEINDEX((1,2,3,4,1))),$);
#2114=IFCARBITRARYCLOSEDPROFILEDEF(.AREA.,$,#2113);
#2115=IFCCARTESIANPOINT((0.02500000037252903,0.02500000037252903,0.02500000037252903));
#2116=IFCDIRECTION((0.,0.,1.));
#2117=IFCDIRECTION((1.,0.,0.));
#2118=IFCAXIS2PLACEMENT3D(#2115,#2116,#2117);
#2119=IFCDIRECTION((0.,0.,1.));
#2120=IFCEXTRUDEDAREASOLID(#2114,#2118,#2119,1.9499999992549419);
#2121=IFCCARTESIANPOINTLIST2D(((0.,0.),(0.,-0.040000000000000001),(-0.11999999999999988,-0.040000000000000001),(-0.11999999999999988,-0.02),(-0.020000000000000018,-0.02),(-0.020000000000000018,0.)));
#2122=IFCINDEXEDPOLYCURVE(#2121,(IFCLINEINDEX((1,2,3,4,5,6,1))),$);
#2123=IFCARBITRARYCLOSEDPROFILEDEF(.AREA.,$,#2122);
#2124=IFCCARTESIANPOINT((0.65919201336801048,0.02500000037252903,1.015000000372529));
#2125=IFCDIRECTION((0.,0.,1.));
#2126=IFCDIRECTION((1.,0.,0.));
#2127=IFCAXIS2PLACEMENT3D(#2124,#2125,#2126);
#2128=IFCDIRECTION((0.,0.,1.));
#2129=IFCEXTRUDEDAREASOLID(#2123,#2127,#2128,0.02);
#2130=IFCEXTRUDEDAREASOLID(#2131,#2134,#2138,0.02);
#2131=IFCARBITRARYCLOSEDPROFILEDEF(.AREA.,$,#2132);
#2132=IFCINDEXEDPOLYCURVE(#2133,(IFCLINEINDEX((1,2,3,4,5,6,1))),$);
#2133=IFCCARTESIANPOINTLIST2D(((0.,0.),(0.,0.040000000000000008),(-0.11999999999999988,0.040000000000000008),(-0.11999999999999988,0.020000000000000004),(-0.020000000000000018,0.020000000000000004),(-0.020000000000000018,0.)));
#2134=IFCAXIS2PLACEMENT3D(#2135,#2136,#2137);
#2135=IFCCARTESIANPOINT((0.65919201336801048,0.060000000521540642,1.015000000372529));
#2136=IFCDIRECTION((0.,0.,1.));
#2137=IFCDIRECTION((1.,0.,0.));
#2138=IFCDIRECTION((0.,0.,1.));
#2139=IFCSHAPEREPRESENTATION(#11,'Body','SweptSolid',(#2075,#2084,#2120,#2129,#2130,#2093,#2102,#2111));
#2140=IFCSHAPEREPRESENTATION(#11,'Body','SweptSolid',(#2075,#2084,#2093,#2102,#2111));
#2141=IFCSHAPEASPECT((#2140),'Lining',$,.T.,#2008);
#2142=IFCSHAPEREPRESENTATION(#11,'Body','SweptSolid',(#2120,#2129,#2130));
#2143=IFCSHAPEASPECT((#2142),'Framing',$,.T.,#2008);
#2144=IFCCARTESIANPOINTLIST2D(((0.,0.),(0.,0.05000000074505806),(0.02500000037252903,0.05000000074505806),(0.02500000037252903,0.02500000037252903),(0.05000000074505806,0.02500000037252903),(0.05000000074505806,0.)));
#2145=IFCINDEXEDPOLYCURVE(#2144,(IFCLINEINDEX((1,2,3,4,5,6,1))),$);
#2146=IFCINDEXEDPOLYCURVE(#2147,(IFCLINEINDEX((1,2,3,4,5,6,1))),$);
#2147=IFCCARTESIANPOINTLIST2D(((0.73419201374053955,0.),(0.73419201374053955,0.05000000074505806),(0.70919201336801052,0.05000000074505806),(0.70919201336801052,0.02500000037252903),(0.68419201299548149,0.02500000037252903),(0.68419201299548149,0.)));
#2148=IFCDIRECTION((1.,0.));
#2149=IFCCARTESIANPOINT((0.060000000521540642,0.05000000074505806));
#2150=IFCAXIS2PLACEMENT2D(#2149,#2148);
#2151=IFCELLIPSE(#2150,0.64919201284646988,0.68419201299548149);
#2152=IFCCARTESIANPOINT((0.70919201336801052,0.05000000074505806));
#2153=IFCCARTESIANPOINT((0.060000000521540642,0.73419201374053955));
#2154=IFCTRIMMEDCURVE(#2151,(#2152),(#2153),.T.,.CARTESIAN.);
#2155=IFCCARTESIANPOINTLIST2D(((0.02500000037252903,0.05000000074505806),(0.060000000521540642,0.05000000074505806),(0.060000000521540642,0.73419201374053955),(0.02500000037252903,0.73419201374053955)));
#2156=IFCINDEXEDPOLYCURVE(#2155,(IFCLINEINDEX((1,2,3,4,1))),$);
#2157=IFCSHAPEREPRESENTATION(#24,'Body','Curve2D',(#2145,#2146,#2154,#2156));
#2158=IFCCARTESIANPOINTLIST2D(((0.,0.),(0.73419201374053955,0.),(0.73419201374053955,2.),(0.,2.)));
#2159=IFCINDEXEDPOLYCURVE(#2158,(IFCLINEINDEX((1,2,3,4,1))),$);
#2160=IFCARBITRARYCLOSEDPROFILEDEF(.AREA.,$,#2159);
#2161=IFCCARTESIANPOINT((0.,-0.60000002384185791,0.));
#2162=IFCDIRECTION((0.,-1.,0.));
#2163=IFCDIRECTION((1.,0.,0.));
#2164=IFCAXIS2PLACEMENT3D(#2161,#2162,#2163);
#2165=IFCDIRECTION((0.,0.,-1.));
#2166=IFCEXTRUDEDAREASOLID(#2160,#2164,#2165,1.2);
#2167=IFCSHAPEREPRESENTATION(#11,'Body','SweptSolid',(#2166));
#2173=IFCCARTESIANPOINT((0.035550591409205357,0.015000111826130702,0.));
#2174=IFCDIRECTION((0.,0.,1.));
#2175=IFCDIRECTION((0.99999999999999289,-1.1920928955077312E-07,0.));
#2176=IFCAXIS2PLACEMENT3D(#2173,#2174,#2175);
#2177=IFCLOCALPLACEMENT(#855,#2176);
#2178=IFCCARTESIANPOINT((-1.3322676295501878E-15,4.4408920985006262E-16,0.));
#2179=IFCDIRECTION((0.,0.,1.));
#2180=IFCDIRECTION((0.99999999999999989,0.,0.));
#2181=IFCAXIS2PLACEMENT3D(#2178,#2179,#2180);
#2182=IFCLOCALPLACEMENT(#2177,#2181);
#2183=IFCWINDOWTYPE('26dxUf9_n9h9nr30KTi_r6',$,'main-gf',$,$,(#2184),(#2193,#2241,#2263),$,$,.WINDOW.,.SINGLE_PANEL.,$,$);
#2184=IFCPROPERTYSET('0MluKjE_z5s8VKwtwAEmu8',$,'BBIM_Window',$,(#2185));
#2185=IFCPROPERTYSINGLEVALUE('Data',$,IFCTEXT('{"window_type": "SINGLE_PANEL", "overall_height": 0.8999999761581421, "overall_width": 0.800000011920929, "lining_properties": {"lining_depth": 0.05000000074505806, "lining_thickness": 0.05000000074505806, "lining_offset": 0.05000000074505806, "lining_to_panel_offset_x": 0.02500000037252903, "lining_to_panel_offset_y": 0.02500000037252903}, "panel_properties": {"frame_depth": [0.03500000014901161, 0.03500000014901161, 0.03500000014901161], "frame_thickness": [0.03500000014901161, 0.03500000014901161, 0.03500000014901161]}}'),$);
#2189=IFCCARTESIANPOINT((0.,0.,0.));
#2190=IFCDIRECTION((1.,0.,0.));
#2191=IFCDIRECTION((0.,0.,1.));
#2192=IFCAXIS2PLACEMENT3D(#2189,#2191,#2190);
#2193=IFCREPRESENTATIONMAP(#2192,#2346);
#2237=IFCCARTESIANPOINT((0.,0.,0.));
#2238=IFCDIRECTION((1.,0.,0.));
#2239=IFCDIRECTION((0.,0.,1.));
#2240=IFCAXIS2PLACEMENT3D(#2237,#2239,#2238);
#2241=IFCREPRESENTATIONMAP(#2240,#2389);
#2259=IFCCARTESIANPOINT((0.,0.,0.));
#2260=IFCDIRECTION((1.,0.,0.));
#2261=IFCDIRECTION((0.,0.,1.));
#2262=IFCAXIS2PLACEMENT3D(#2259,#2261,#2260);
#2263=IFCREPRESENTATIONMAP(#2262,#2412);
#2264=IFCWINDOW('0cQtPLAYX1QeAxL64vBslE',$,'Window',$,$,#2437,#2273,$,0.89999997615814209,0.80000001192092896,$,.SINGLE_PANEL.,$);
#2265=IFCRELDEFINESBYTYPE('1BmtyfQzb3lQAkAtVEh5cK',$,$,$,(#2264),#2183);
#2266=IFCCARTESIANPOINT((0.,0.,0.));
#2267=IFCDIRECTION((1.,0.,0.));
#2268=IFCDIRECTION((0.,1.,0.));
#2269=IFCDIRECTION((0.,0.,1.));
#2270=IFCCARTESIANTRANSFORMATIONOPERATOR3D(#2267,#2268,#2266,1.,#2269);
#2271=IFCMAPPEDITEM(#2193,#2270);
#2272=IFCSHAPEREPRESENTATION(#18,'Profile','MappedRepresentation',(#2271));
#2273=IFCPRODUCTDEFINITIONSHAPE($,$,(#2272,#2280,#2287));
#2274=IFCCARTESIANPOINT((0.,0.,0.));
#2275=IFCDIRECTION((1.,0.,0.));
#2276=IFCDIRECTION((0.,1.,0.));
#2277=IFCDIRECTION((0.,0.,1.));
#2278=IFCCARTESIANTRANSFORMATIONOPERATOR3D(#2275,#2276,#2274,1.,#2277);
#2279=IFCMAPPEDITEM(#2241,#2278);
#2280=IFCSHAPEREPRESENTATION(#11,'Body','MappedRepresentation',(#2279));
#2281=IFCCARTESIANPOINT((0.,0.,0.));
#2282=IFCDIRECTION((1.,0.,0.));
#2283=IFCDIRECTION((0.,1.,0.));
#2284=IFCDIRECTION((0.,0.,1.));
#2285=IFCCARTESIANTRANSFORMATIONOPERATOR3D(#2282,#2283,#2281,1.,#2284);
#2286=IFCMAPPEDITEM(#2263,#2285);
#2287=IFCSHAPEREPRESENTATION(#24,'Body','MappedRepresentation',(#2286));
#2288=IFCOPENINGELEMENT('03Wr8dNbTC7gJW9rIgd9u2',$,'Opening',$,$,#2432,#2316,$,.OPENING.);
#2304=IFCCARTESIANPOINT((0.,0.,0.));
#2305=IFCDIRECTION((1.,0.,0.));
#2306=IFCDIRECTION((0.,0.,1.));
#2307=IFCAXIS2PLACEMENT3D(#2304,#2306,#2305);
#2308=IFCREPRESENTATIONMAP(#2307,#2422);
#2309=IFCCARTESIANPOINT((0.,0.,0.));
#2310=IFCDIRECTION((1.,0.,0.));
#2311=IFCDIRECTION((0.,1.,0.));
#2312=IFCDIRECTION((0.,0.,1.));
#2313=IFCCARTESIANTRANSFORMATIONOPERATOR3D(#2310,#2311,#2309,1.,#2312);
#2314=IFCMAPPEDITEM(#2308,#2313);
#2315=IFCSHAPEREPRESENTATION(#11,'Body','MappedRepresentation',(#2314));
#2316=IFCPRODUCTDEFINITIONSHAPE($,$,(#2315));
#2317=IFCRELVOIDSELEMENT('0eMywlAxX3XPzXI38$Ov_k',$,$,$,#104,#2288);
#2323=IFCRELFILLSELEMENT('16T1UuvBv0COmSKfWym5Kc',$,$,$,#2288,#2264);
#2344=IFCCARTESIANPOINTLIST3D(((0.,0.,0.),(0.80000001192092896,0.,0.),(0.80000001192092896,0.,0.89999997615814209),(0.,0.,0.89999997615814209)));
#2345=IFCINDEXEDPOLYCURVE(#2344,(IFCLINEINDEX((1,2,3,4,1))),$);
#2346=IFCSHAPEREPRESENTATION(#18,'Profile','Curve3D',(#2345));
#2347=IFCCARTESIANPOINTLIST2D(((0.,0.),(0.80000001192092896,0.),(0.80000001192092896,0.89999997615814209),(0.,0.89999997615814209)));
#2348=IFCINDEXEDPOLYCURVE(#2347,(IFCLINEINDEX((1,2,3,4,1))),$);
#2349=IFCCARTESIANPOINTLIST2D(((0.02500000037252903,0.02500000037252903),(0.77500001154839993,0.02500000037252903),(0.77500001154839993,0.87499997578561306),(0.02500000037252903,0.87499997578561306)));
#2350=IFCINDEXEDPOLYCURVE(#2349,(IFCLINEINDEX((1,2,3,4,1))),$);
#2351=IFCARBITRARYPROFILEDEFWITHVOIDS(.AREA.,$,#2348,(#2350));
#2352=IFCCARTESIANPOINT((0.,0.090000001713633537,0.));
#2353=IFCDIRECTION((0.,-1.,0.));
#2354=IFCDIRECTION((1.,0.,0.));
#2355=IFCAXIS2PLACEMENT3D(#2352,#2353,#2354);
#2356=IFCDIRECTION((0.,0.,-1.));
#2357=IFCEXTRUDEDAREASOLID(#2351,#2355,#2356,0.0099999997764825821);
#2358=IFCCARTESIANPOINTLIST2D(((0.,0.),(0.80000001192092896,0.),(0.80000001192092896,0.89999997615814209),(0.,0.89999997615814209)));
#2359=IFCINDEXEDPOLYCURVE(#2358,(IFCLINEINDEX((1,2,3,4,1))),$);
#2360=IFCCARTESIANPOINTLIST2D(((0.05000000074505806,0.05000000074505806),(0.7500000111758709,0.05000000074505806),(0.7500000111758709,0.84999997541308403),(0.05000000074505806,0.84999997541308403)));
#2361=IFCINDEXEDPOLYCURVE(#2360,(IFCLINEINDEX((1,2,3,4,1))),$);
#2362=IFCARBITRARYPROFILEDEFWITHVOIDS(.AREA.,$,#2359,(#2361));
#2363=IFCCARTESIANPOINT((0.,0.05000000074505806,0.));
#2364=IFCDIRECTION((0.,-1.,0.));
#2365=IFCDIRECTION((1.,0.,0.));
#2366=IFCAXIS2PLACEMENT3D(#2363,#2364,#2365);
#2367=IFCDIRECTION((0.,0.,-1.));
#2368=IFCEXTRUDEDAREASOLID(#2362,#2366,#2367,0.040000000968575478);
#2369=IFCCARTESIANPOINTLIST2D(((0.,0.),(0.7500000111758709,0.),(0.7500000111758709,0.84999997541308403),(0.,0.84999997541308403)));
#2370=IFCINDEXEDPOLYCURVE(#2369,(IFCLINEINDEX((1,2,3,4,1))),$);
#2371=IFCCARTESIANPOINTLIST2D(((0.035000000149011612,0.035000000149011612),(0.71500001102685928,0.035000000149011612),(0.71500001102685928,0.81499997526407242),(0.035000000149011612,0.81499997526407242)));
#2372=IFCINDEXEDPOLYCURVE(#2371,(IFCLINEINDEX((1,2,3,4,1))),$);
#2373=IFCARBITRARYPROFILEDEFWITHVOIDS(.AREA.,$,#2370,(#2372));
#2374=IFCCARTESIANPOINT((0.02500000037252903,0.090000001713633537,0.02500000037252903));
#2375=IFCDIRECTION((0.,-1.,0.));
#2376=IFCDIRECTION((1.,0.,0.));
#2377=IFCAXIS2PLACEMENT3D(#2374,#2375,#2376);
#2378=IFCDIRECTION((0.,0.,-1.));
#2379=IFCEXTRUDEDAREASOLID(#2373,#2377,#2378,0.035000000149011612);
#2380=IFCINDEXEDPOLYCURVE(#2381,(IFCLINEINDEX((1,2,3,4,1))),$);
#2381=IFCCARTESIANPOINTLIST2D(((0.035000000149011612,0.035000000149011612),(0.71500001102685928,0.035000000149011612),(0.71500001102685928,0.81499997526407242),(0.035000000149011612,0.81499997526407242)));
#2382=IFCARBITRARYCLOSEDPROFILEDEF(.AREA.,$,#2380);
#2383=IFCCARTESIANPOINT((0.02500000037252903,0.10250000178813934,0.02500000037252903));
#2384=IFCDIRECTION((0.,-1.,0.));
#2385=IFCDIRECTION((1.,0.,0.));
#2386=IFCAXIS2PLACEMENT3D(#2383,#2384,#2385);
#2387=IFCDIRECTION((0.,0.,-1.));
#2388=IFCEXTRUDEDAREASOLID(#2382,#2386,#2387,0.01);
#2389=IFCSHAPEREPRESENTATION(#11,'Body','SweptSolid',(#2357,#2368,#2379,#2388));
#2390=IFCSHAPEREPRESENTATION(#11,'Body','SweptSolid',(#2357,#2368));
#2391=IFCSHAPEASPECT((#2390),'Lining',$,.T.,#2273);
#2392=IFCSHAPEREPRESENTATION(#11,'Body','SweptSolid',(#2379));
#2393=IFCSHAPEASPECT((#2392),'Framing',$,.T.,#2273);
#2394=IFCSHAPEREPRESENTATION(#11,'Body','SweptSolid',(#2388));
#2395=IFCSHAPEASPECT((#2394),'Glazing',$,.T.,#2273);
#2396=IFCCARTESIANPOINTLIST2D(((0.05000000074505806,0.05000000074505806),(0.7500000111758709,0.05000000074505806)));
#2397=IFCINDEXEDPOLYCURVE(#2396,$,$);
#2398=IFCCARTESIANPOINTLIST2D(((0.,0.10000000149011612),(0.02500000037252903,0.10000000149011612),(0.02500000037252903,0.090000001713633537),(0.05000000074505806,0.090000001713633537),(0.05000000074505806,0.05000000074505806),(0.,0.05000000074505806)));
#2399=IFCINDEXEDPOLYCURVE(#2398,(IFCLINEINDEX((1,2,3,4,5,6,1))),$);
#2400=IFCCARTESIANPOINTLIST2D(((0.80000001192092896,0.10000000149011612),(0.77500001154839993,0.10000000149011612),(0.77500001154839993,0.090000001713633537),(0.7500000111758709,0.090000001713633537),(0.7500000111758709,0.05000000074505806),(0.80000001192092896,0.05000000074505806)));
#2401=IFCINDEXEDPOLYCURVE(#2400,(IFCLINEINDEX((1,2,3,4,5,6,1))),$);
#2402=IFCCARTESIANPOINTLIST2D(((0.02500000037252903,0.090000001713633537),(0.060000000521540642,0.090000001713633537),(0.060000000521540642,0.12500000186264515),(0.02500000037252903,0.12500000186264515)));
#2403=IFCINDEXEDPOLYCURVE(#2402,(IFCLINEINDEX((1,2,3,4,1))),$);
#2404=IFCINDEXEDPOLYCURVE(#2405,(IFCLINEINDEX((1,2,3,4,1))),$);
#2405=IFCCARTESIANPOINTLIST2D(((0.77500001154839993,0.090000001713633537),(0.74000001139938831,0.090000001713633537),(0.74000001139938831,0.12500000186264515),(0.77500001154839993,0.12500000186264515)));
#2406=IFCCARTESIANPOINTLIST2D(((0.060000000521540642,0.090000001713633537),(0.74000001139938831,0.090000001713633537)));
#2407=IFCINDEXEDPOLYCURVE(#2406,$,$);
#2408=IFCINDEXEDPOLYCURVE(#2409,$,$);
#2409=IFCCARTESIANPOINTLIST2D(((0.060000000521540642,0.12500000186264515),(0.74000001139938831,0.12500000186264515)));
#2410=IFCINDEXEDPOLYCURVE(#2411,$,$);
#2411=IFCCARTESIANPOINTLIST2D(((0.060000000521540642,0.10750000178813934),(0.74000001139938831,0.10750000178813934)));
#2412=IFCSHAPEREPRESENTATION(#24,'Body','Curve2D',(#2397,#2399,#2401,#2403,#2404,#2407,#2408,#2410));
#2413=IFCCARTESIANPOINTLIST2D(((0.,0.),(0.80000001192092896,0.),(0.80000001192092896,0.89999997615814209),(0.,0.89999997615814209)));
#2414=IFCINDEXEDPOLYCURVE(#2413,(IFCLINEINDEX((1,2,3,4,1))),$);
#2415=IFCARBITRARYCLOSEDPROFILEDEF(.AREA.,$,#2414);
#2416=IFCCARTESIANPOINT((0.,-0.60000002384185791,0.));
#2417=IFCDIRECTION((0.,-1.,0.));
#2418=IFCDIRECTION((1.,0.,0.));
#2419=IFCAXIS2PLACEMENT3D(#2416,#2417,#2418);
#2420=IFCDIRECTION((0.,0.,-1.));
#2421=IFCEXTRUDEDAREASOLID(#2415,#2419,#2420,1.2);
#2422=IFCSHAPEREPRESENTATION(#11,'Body','SweptSolid',(#2421));
#2428=IFCCARTESIANPOINT((1.7600494523876635,2.384185791015625E-07,1.));
#2429=IFCDIRECTION((0.,0.,1.));
#2430=IFCDIRECTION((0.99999999999997158,-2.3841857910155572E-07,0.));
#2431=IFCAXIS2PLACEMENT3D(#2428,#2429,#2430);
#2432=IFCLOCALPLACEMENT(#655,#2431);
#2433=IFCCARTESIANPOINT((0.,0.,0.));
#2434=IFCDIRECTION((0.,0.,1.));
#2435=IFCDIRECTION((1.,0.,0.));
#2436=IFCAXIS2PLACEMENT3D(#2433,#2434,#2435);
#2437=IFCLOCALPLACEMENT(#2432,#2436);
#2438=IFCWINDOWTYPE('3cK_VV$JvFRPr4J8PdXeSI',$,'guest-1-gf',$,$,(#2439),(#2441,#2449,#2497),$,$,.WINDOW.,.SINGLE_PANEL.,$,$);
#2439=IFCPROPERTYSET('1s$tUZSqv5wPi1_zS0JOIt',$,'BBIM_Window',$,(#2440));
#2440=IFCPROPERTYSINGLEVALUE('Data',$,IFCTEXT('{"window_type": "DOUBLE_PANEL_VERTICAL", "overall_height": 0.8999999761581421, "overall_width": 1.2000000476837158, "lining_properties": {"lining_depth": 0.05000000074505806, "lining_thickness": 0.05000000074505806, "lining_offset": 0.05000000074505806, "lining_to_panel_offset_x": 0.02500000037252903, "lining_to_panel_offset_y": 0.02500000037252903, "mullion_thickness": 0.05000000074505806, "first_mullion_offset": 0.6000000238418579}, "panel_properties": {"frame_depth": [0.03500000014901161, 0.03500000014901161, 0.03500000014901161], "frame_thickness": [0.03500000014901161, 0.03500000014901161, 0.03500000014901161]}}'),$);
#2441=IFCREPRESENTATIONMAP(#2442,#3026);
#2442=IFCAXIS2PLACEMENT3D(#2443,#2444,#2445);
#2443=IFCCARTESIANPOINT((0.,0.,0.));
#2444=IFCDIRECTION((0.,0.,1.));
#2445=IFCDIRECTION((1.,0.,0.));
#2449=IFCREPRESENTATIONMAP(#2450,#3107);
#2450=IFCAXIS2PLACEMENT3D(#2451,#2452,#2453);
#2451=IFCCARTESIANPOINT((0.,0.,0.));
#2452=IFCDIRECTION((0.,0.,1.));
#2453=IFCDIRECTION((1.,0.,0.));
#2497=IFCREPRESENTATIONMAP(#2498,#3146);
#2498=IFCAXIS2PLACEMENT3D(#2499,#2500,#2501);
#2499=IFCCARTESIANPOINT((0.,0.,0.));
#2500=IFCDIRECTION((0.,0.,1.));
#2501=IFCDIRECTION((1.,0.,0.));
#2914=IFCWINDOW('2Xvp3lhyzFhPbgOrWyt76f',$,'Window',$,$,#3171,#2923,$,0.89999997615814209,1.2000000476837158,$,.DOUBLE_PANEL_VERTICAL.,$);
#2915=IFCRELDEFINESBYTYPE('2zxBh_z4rFB9hiqPtNkCZ1',$,$,$,(#2914),#2438);
#2916=IFCCARTESIANPOINT((0.,0.,0.));
#2917=IFCDIRECTION((1.,0.,0.));
#2918=IFCDIRECTION((0.,1.,0.));
#2919=IFCDIRECTION((0.,0.,1.));
#2920=IFCCARTESIANTRANSFORMATIONOPERATOR3D(#2917,#2918,#2916,1.,#2919);
#2921=IFCMAPPEDITEM(#2441,#2920);
#2922=IFCSHAPEREPRESENTATION(#18,'Profile','MappedRepresentation',(#2921));
#2923=IFCPRODUCTDEFINITIONSHAPE($,$,(#2922,#2930,#2937));
#2924=IFCCARTESIANPOINT((0.,0.,0.));
#2925=IFCDIRECTION((1.,0.,0.));
#2926=IFCDIRECTION((0.,1.,0.));
#2927=IFCDIRECTION((0.,0.,1.));
#2928=IFCCARTESIANTRANSFORMATIONOPERATOR3D(#2925,#2926,#2924,1.,#2927);
#2929=IFCMAPPEDITEM(#2449,#2928);
#2930=IFCSHAPEREPRESENTATION(#11,'Body','MappedRepresentation',(#2929));
#2931=IFCCARTESIANPOINT((0.,0.,0.));
#2932=IFCDIRECTION((1.,0.,0.));
#2933=IFCDIRECTION((0.,1.,0.));
#2934=IFCDIRECTION((0.,0.,1.));
#2935=IFCCARTESIANTRANSFORMATIONOPERATOR3D(#2932,#2933,#2931,1.,#2934);
#2936=IFCMAPPEDITEM(#2497,#2935);
#2937=IFCSHAPEREPRESENTATION(#24,'Body','MappedRepresentation',(#2936));
#2938=IFCOPENINGELEMENT('2RvdAoECLFTfLqFkFSI_5R',$,'Opening',$,$,#3166,#2966,$,.OPENING.);
#2954=IFCCARTESIANPOINT((0.,0.,0.));
#2955=IFCDIRECTION((1.,0.,0.));
#2956=IFCDIRECTION((0.,0.,1.));
#2957=IFCAXIS2PLACEMENT3D(#2954,#2956,#2955);
#2958=IFCREPRESENTATIONMAP(#2957,#3156);
#2959=IFCCARTESIANPOINT((0.,0.,0.));
#2960=IFCDIRECTION((1.,0.,0.));
#2961=IFCDIRECTION((0.,1.,0.));
#2962=IFCDIRECTION((0.,0.,1.));
#2963=IFCCARTESIANTRANSFORMATIONOPERATOR3D(#2960,#2961,#2959,1.,#2962);
#2964=IFCMAPPEDITEM(#2958,#2963);
#2965=IFCSHAPEREPRESENTATION(#11,'Body','MappedRepresentation',(#2964));
#2966=IFCPRODUCTDEFINITIONSHAPE($,$,(#2965));
#2967=IFCRELVOIDSELEMENT('0Gt7ZDD_jC995dc9DfeeVD',$,$,$,#256,#2938);
#2973=IFCRELFILLSELEMENT('1M9mvx3$HEduhdPRFPp3zg',$,$,$,#2938,#2914);
#3024=IFCCARTESIANPOINTLIST3D(((0.,0.,0.),(1.2000000476837158,0.,0.),(1.2000000476837158,0.,0.89999997615814209),(0.,0.,0.89999997615814209)));
#3025=IFCINDEXEDPOLYCURVE(#3024,(IFCLINEINDEX((1,2,3,4,1))),$);
#3026=IFCSHAPEREPRESENTATION(#18,'Profile','Curve3D',(#3025));
#3027=IFCCARTESIANPOINTLIST2D(((0.60000002384185791,0.),(0.,0.),(0.,0.89999997615814209),(0.60000002384185791,0.89999997615814209),(0.60000002384185791,0.87499997578561306),(0.02500000037252903,0.87499997578561306),(0.02500000037252903,0.02500000037252903),(0.60000002384185791,0.02500000037252903)));
#3028=IFCINDEXEDPOLYCURVE(#3027,(IFCLINEINDEX((1,2,3,4,5,6,7,8,1))),$);
#3029=IFCARBITRARYCLOSEDPROFILEDEF(.AREA.,$,#3028);
#3030=IFCCARTESIANPOINT((0.,0.090000001713633537,0.));
#3031=IFCDIRECTION((0.,-1.,0.));
#3032=IFCDIRECTION((1.,0.,0.));
#3033=IFCAXIS2PLACEMENT3D(#3030,#3031,#3032);
#3034=IFCDIRECTION((0.,0.,-1.));
#3035=IFCEXTRUDEDAREASOLID(#3029,#3033,#3034,0.0099999997764825821);
#3036=IFCCARTESIANPOINTLIST2D(((0.,0.),(0.60000002384185791,0.),(0.60000002384185791,0.89999997615814209),(0.,0.89999997615814209)));
#3037=IFCINDEXEDPOLYCURVE(#3036,(IFCLINEINDEX((1,2,3,4,1))),$);
#3038=IFCCARTESIANPOINTLIST2D(((0.05000000074505806,0.05000000074505806),(0.57500002346932888,0.05000000074505806),(0.57500002346932888,0.84999997541308403),(0.05000000074505806,0.84999997541308403)));
#3039=IFCINDEXEDPOLYCURVE(#3038,(IFCLINEINDEX((1,2,3,4,1))),$);
#3040=IFCARBITRARYPROFILEDEFWITHVOIDS(.AREA.,$,#3037,(#3039));
#3041=IFCCARTESIANPOINT((0.,0.05000000074505806,0.));
#3042=IFCDIRECTION((0.,-1.,0.));
#3043=IFCDIRECTION((1.,0.,0.));
#3044=IFCAXIS2PLACEMENT3D(#3041,#3042,#3043);
#3045=IFCDIRECTION((0.,0.,-1.));
#3046=IFCEXTRUDEDAREASOLID(#3040,#3044,#3045,0.040000000968575478);
#3047=IFCCARTESIANPOINTLIST2D(((0.,0.),(0.57500002346932888,0.),(0.57500002346932888,0.84999997541308403),(0.,0.84999997541308403)));
#3048=IFCINDEXEDPOLYCURVE(#3047,(IFCLINEINDEX((1,2,3,4,1))),$);
#3049=IFCCARTESIANPOINTLIST2D(((0.035000000149011612,0.035000000149011612),(0.54000002332031727,0.035000000149011612),(0.54000002332031727,0.81499997526407242),(0.035000000149011612,0.81499997526407242)));
#3050=IFCINDEXEDPOLYCURVE(#3049,(IFCLINEINDEX((1,2,3,4,1))),$);
#3051=IFCARBITRARYPROFILEDEFWITHVOIDS(.AREA.,$,#3048,(#3050));
#3052=IFCCARTESIANPOINT((0.02500000037252903,0.090000001713633537,0.02500000037252903));
#3053=IFCDIRECTION((0.,-1.,0.));
#3054=IFCDIRECTION((1.,0.,0.));
#3055=IFCAXIS2PLACEMENT3D(#3052,#3053,#3054);
#3056=IFCDIRECTION((0.,0.,-1.));
#3057=IFCEXTRUDEDAREASOLID(#3051,#3055,#3056,0.035000000149011612);
#3058=IFCINDEXEDPOLYCURVE(#3059,(IFCLINEINDEX((1,2,3,4,1))),$);
#3059=IFCCARTESIANPOINTLIST2D(((0.035000000149011612,0.035000000149011612),(0.54000002332031727,0.035000000149011612),(0.54000002332031727,0.81499997526407242),(0.035000000149011612,0.81499997526407242)));
#3060=IFCARBITRARYCLOSEDPROFILEDEF(.AREA.,$,#3058);
#3061=IFCCARTESIANPOINT((0.02500000037252903,0.10250000178813934,0.02500000037252903));
#3062=IFCDIRECTION((0.,-1.,0.));
#3063=IFCDIRECTION((1.,0.,0.));
#3064=IFCAXIS2PLACEMENT3D(#3061,#3062,#3063);
#3065=IFCDIRECTION((0.,0.,-1.));
#3066=IFCEXTRUDEDAREASOLID(#3060,#3064,#3065,0.01);
#3067=IFCCARTESIANPOINTLIST2D(((0.,0.89999997615814209),(0.60000002384185791,0.89999997615814209),(0.60000002384185791,0.),(0.,0.),(0.,0.02500000037252903),(0.57500002346932888,0.02500000037252903),(0.57500002346932888,0.87499997578561306),(0.,0.87499997578561306)));
#3068=IFCINDEXEDPOLYCURVE(#3067,(IFCLINEINDEX((1,2,3,4,5,6,7,8,1))),$);
#3069=IFCARBITRARYCLOSEDPROFILEDEF(.AREA.,$,#3068);
#3070=IFCCARTESIANPOINT((0.60000002384185791,0.090000001713633537,0.));
#3071=IFCDIRECTION((0.,-1.,0.));
#3072=IFCDIRECTION((1.,0.,0.));
#3073=IFCAXIS2PLACEMENT3D(#3070,#3071,#3072);
#3074=IFCDIRECTION((0.,0.,-1.));
#3075=IFCEXTRUDEDAREASOLID(#3069,#3073,#3074,0.0099999997764825821);
#3076=IFCCARTESIANPOINTLIST2D(((0.,0.),(0.60000002384185791,0.),(0.60000002384185791,0.89999997615814209),(0.,0.89999997615814209)));
#3077=IFCINDEXEDPOLYCURVE(#3076,(IFCLINEINDEX((1,2,3,4,1))),$);
#3078=IFCCARTESIANPOINTLIST2D(((0.02500000037252903,0.05000000074505806),(0.55000002309679985,0.05000000074505806),(0.55000002309679985,0.84999997541308403),(0.02500000037252903,0.84999997541308403)));
#3079=IFCINDEXEDPOLYCURVE(#3078,(IFCLINEINDEX((1,2,3,4,1))),$);
#3080=IFCARBITRARYPROFILEDEFWITHVOIDS(.AREA.,$,#3077,(#3079));
#3081=IFCCARTESIANPOINT((0.60000002384185791,0.05000000074505806,0.));
#3082=IFCDIRECTION((0.,-1.,0.));
#3083=IFCDIRECTION((1.,0.,0.));
#3084=IFCAXIS2PLACEMENT3D(#3081,#3082,#3083);
#3085=IFCDIRECTION((0.,0.,-1.));
#3086=IFCEXTRUDEDAREASOLID(#3080,#3084,#3085,0.040000000968575478);
#3087=IFCCARTESIANPOINTLIST2D(((0.,0.),(0.57500002346932888,0.),(0.57500002346932888,0.84999997541308403),(0.,0.84999997541308403)));
#3088=IFCINDEXEDPOLYCURVE(#3087,(IFCLINEINDEX((1,2,3,4,1))),$);
#3089=IFCCARTESIANPOINTLIST2D(((0.035000000149011612,0.035000000149011612),(0.54000002332031727,0.035000000149011612),(0.54000002332031727,0.81499997526407242),(0.035000000149011612,0.81499997526407242)));
#3090=IFCINDEXEDPOLYCURVE(#3089,(IFCLINEINDEX((1,2,3,4,1))),$);
#3091=IFCARBITRARYPROFILEDEFWITHVOIDS(.AREA.,$,#3088,(#3090));
#3092=IFCCARTESIANPOINT((0.60000002384185791,0.090000001713633537,0.02500000037252903));
#3093=IFCDIRECTION((0.,-1.,0.));
#3094=IFCDIRECTION((1.,0.,0.));
#3095=IFCAXIS2PLACEMENT3D(#3092,#3093,#3094);
#3096=IFCDIRECTION((0.,0.,-1.));
#3097=IFCEXTRUDEDAREASOLID(#3091,#3095,#3096,0.035000000149011612);
#3098=IFCINDEXEDPOLYCURVE(#3099,(IFCLINEINDEX((1,2,3,4,1))),$);
#3099=IFCCARTESIANPOINTLIST2D(((0.035000000149011612,0.035000000149011612),(0.54000002332031727,0.035000000149011612),(0.54000002332031727,0.81499997526407242),(0.035000000149011612,0.81499997526407242)));
#3100=IFCARBITRARYCLOSEDPROFILEDEF(.AREA.,$,#3098);
#3101=IFCCARTESIANPOINT((0.60000002384185791,0.10250000178813934,0.02500000037252903));
#3102=IFCDIRECTION((0.,-1.,0.));
#3103=IFCDIRECTION((1.,0.,0.));
#3104=IFCAXIS2PLACEMENT3D(#3101,#3102,#3103);
#3105=IFCDIRECTION((0.,0.,-1.));
#3106=IFCEXTRUDEDAREASOLID(#3100,#3104,#3105,0.01);
#3107=IFCSHAPEREPRESENTATION(#11,'Body','SweptSolid',(#3035,#3046,#3057,#3066,#3075,#3086,#3097,#3106));
#3108=IFCSHAPEREPRESENTATION(#11,'Body','SweptSolid',(#3035,#3046,#3075,#3086));
#3109=IFCSHAPEASPECT((#3108),'Lining',$,.T.,#2923);
#3110=IFCSHAPEREPRESENTATION(#11,'Body','SweptSolid',(#3057,#3097));
#3111=IFCSHAPEASPECT((#3110),'Framing',$,.T.,#2923);
#3112=IFCSHAPEREPRESENTATION(#11,'Body','SweptSolid',(#3066,#3106));
#3113=IFCSHAPEASPECT((#3112),'Glazing',$,.T.,#2923);
#3114=IFCCARTESIANPOINTLIST2D(((0.05000000074505806,0.05000000074505806),(0.57500002346932888,0.05000000074505806)));
#3115=IFCINDEXEDPOLYCURVE(#3114,$,$);
#3116=IFCCARTESIANPOINTLIST2D(((0.,0.10000000149011612),(0.02500000037252903,0.10000000149011612),(0.02500000037252903,0.090000001713633537),(0.05000000074505806,0.090000001713633537),(0.05000000074505806,0.05000000074505806),(0.,0.05000000074505806)));
#3117=IFCINDEXEDPOLYCURVE(#3116,(IFCLINEINDEX((1,2,3,4,5,6,1))),$);
#3118=IFCCARTESIANPOINTLIST2D(((0.60000002384185791,0.10000000149011612),(0.60000002384185791,0.10000000149011612),(0.60000002384185791,0.090000001713633537),(0.57500002346932888,0.090000001713633537),(0.57500002346932888,0.05000000074505806),(0.60000002384185791,0.05000000074505806)));
#3119=IFCINDEXEDPOLYCURVE(#3118,$,$);
#3120=IFCCARTESIANPOINTLIST2D(((0.02500000037252903,0.090000001713633537),(0.060000000521540642,0.090000001713633537),(0.060000000521540642,0.12500000186264515),(0.02500000037252903,0.12500000186264515)));
#3121=IFCINDEXEDPOLYCURVE(#3120,(IFCLINEINDEX((1,2,3,4,1))),$);
#3122=IFCINDEXEDPOLYCURVE(#3123,(IFCLINEINDEX((1,2,3,4,1))),$);
#3123=IFCCARTESIANPOINTLIST2D(((0.60000002384185791,0.090000001713633537),(0.5650000236928463,0.090000001713633537),(0.5650000236928463,0.12500000186264515),(0.60000002384185791,0.12500000186264515)));
#3124=IFCCARTESIANPOINTLIST2D(((0.060000000521540642,0.090000001713633537),(0.5650000236928463,0.090000001713633537)));
#3125=IFCINDEXEDPOLYCURVE(#3124,$,$);
#3126=IFCINDEXEDPOLYCURVE(#3127,$,$);
#3127=IFCCARTESIANPOINTLIST2D(((0.060000000521540642,0.12500000186264515),(0.5650000236928463,0.12500000186264515)));
#3128=IFCINDEXEDPOLYCURVE(#3129,$,$);
#3129=IFCCARTESIANPOINTLIST2D(((0.060000000521540642,0.10750000178813934),(0.5650000236928463,0.10750000178813934)));
#3130=IFCCARTESIANPOINTLIST2D(((0.62500002421438694,0.05000000074505806),(1.1500000469386578,0.05000000074505806)));
#3131=IFCINDEXEDPOLYCURVE(#3130,$,$);
#3132=IFCCARTESIANPOINTLIST2D(((0.60000002384185791,0.10000000149011612),(0.60000002384185791,0.10000000149011612),(0.60000002384185791,0.090000001713633537),(0.62500002421438694,0.090000001713633537),(0.62500002421438694,0.05000000074505806),(0.60000002384185791,0.05000000074505806)));
#3133=IFCINDEXEDPOLYCURVE(#3132,$,$);
#3134=IFCCARTESIANPOINTLIST2D(((1.2000000476837158,0.10000000149011612),(1.1750000473111868,0.10000000149011612),(1.1750000473111868,0.090000001713633537),(1.1500000469386578,0.090000001713633537),(1.1500000469386578,0.05000000074505806),(1.2000000476837158,0.05000000074505806)));
#3135=IFCINDEXEDPOLYCURVE(#3134,(IFCLINEINDEX((1,2,3,4,5,6,1))),$);
#3136=IFCCARTESIANPOINTLIST2D(((0.60000002384185791,0.090000001713633537),(0.63500002399086952,0.090000001713633537),(0.63500002399086952,0.12500000186264515),(0.60000002384185791,0.12500000186264515)));
#3137=IFCINDEXEDPOLYCURVE(#3136,(IFCLINEINDEX((1,2,3,4,1))),$);
#3138=IFCINDEXEDPOLYCURVE(#3139,(IFCLINEINDEX((1,2,3,4,1))),$);
#3139=IFCCARTESIANPOINTLIST2D(((1.1750000473111868,0.090000001713633537),(1.1400000471621752,0.090000001713633537),(1.1400000471621752,0.12500000186264515),(1.1750000473111868,0.12500000186264515)));
#3140=IFCCARTESIANPOINTLIST2D(((0.63500002399086952,0.090000001713633537),(1.1400000471621752,0.090000001713633537)));
#3141=IFCINDEXEDPOLYCURVE(#3140,$,$);
#3142=IFCINDEXEDPOLYCURVE(#3143,$,$);
#3143=IFCCARTESIANPOINTLIST2D(((0.63500002399086952,0.12500000186264515),(1.1400000471621752,0.12500000186264515)));
#3144=IFCINDEXEDPOLYCURVE(#3145,$,$);
#3145=IFCCARTESIANPOINTLIST2D(((0.63500002399086952,0.10750000178813934),(1.1400000471621752,0.10750000178813934)));
#3146=IFCSHAPEREPRESENTATION(#24,'Body','Curve2D',(#3115,#3117,#3119,#3121,#3122,#3125,#3126,#3128,#3131,#3133,#3135,#3137,#3138,#3141,#3142,#3144));
#3147=IFCCARTESIANPOINTLIST2D(((0.,0.),(1.2000000476837158,0.),(1.2000000476837158,0.89999997615814209),(0.,0.89999997615814209)));
#3148=IFCINDEXEDPOLYCURVE(#3147,(IFCLINEINDEX((1,2,3,4,1))),$);
#3149=IFCARBITRARYCLOSEDPROFILEDEF(.AREA.,$,#3148);
#3150=IFCCARTESIANPOINT((0.,-0.60000002384185791,0.));
#3151=IFCDIRECTION((0.,-1.,0.));
#3152=IFCDIRECTION((1.,0.,0.));
#3153=IFCAXIS2PLACEMENT3D(#3150,#3151,#3152);
#3154=IFCDIRECTION((0.,0.,-1.));
#3155=IFCEXTRUDEDAREASOLID(#3149,#3153,#3154,1.2);
#3156=IFCSHAPEREPRESENTATION(#11,'Body','SweptSolid',(#3155));
#3162=IFCCARTESIANPOINT((1.0584287354219208,1.4156103134155273E-06,1.));
#3163=IFCDIRECTION((0.,0.,1.));
#3164=IFCDIRECTION((0.99999999999988631,-4.7683715820307079E-07,0.));
#3165=IFCAXIS2PLACEMENT3D(#3162,#3163,#3164);
#3166=IFCLOCALPLACEMENT(#578,#3165);
#3167=IFCCARTESIANPOINT((0.,0.,0.));
#3168=IFCDIRECTION((0.,0.,1.));
#3169=IFCDIRECTION((1.,0.,0.));
#3170=IFCAXIS2PLACEMENT3D(#3167,#3168,#3169);
#3171=IFCLOCALPLACEMENT(#3166,#3170);
#3172=IFCWINDOWTYPE('1jZY5bW9v8XPLi2dZKHbBb',$,'guest-2-gf',$,$,(#3173),(#3182,#3230,#3252),$,$,.WINDOW.,.SINGLE_PANEL.,$,$);
#3173=IFCPROPERTYSET('3iNVUulw986vl9$dUm6L$a',$,'BBIM_Window',$,(#3174));
#3174=IFCPROPERTYSINGLEVALUE('Data',$,IFCTEXT('{"window_type": "SINGLE_PANEL", "overall_height": 0.8999999761581421, "overall_width": 0.800000011920929, "lining_properties": {"lining_depth": 0.05000000074505806, "lining_thickness": 0.05000000074505806, "lining_offset": 0.05000000074505806, "lining_to_panel_offset_x": 0.02500000037252903, "lining_to_panel_offset_y": 0.02500000037252903}, "panel_properties": {"frame_depth": [0.03500000014901161, 0.03500000014901161, 0.03500000014901161], "frame_thickness": [0.03500000014901161, 0.03500000014901161, 0.03500000014901161]}}'),$);
#3178=IFCCARTESIANPOINT((0.,0.,0.));
#3179=IFCDIRECTION((1.,0.,0.));
#3180=IFCDIRECTION((0.,0.,1.));
#3181=IFCAXIS2PLACEMENT3D(#3178,#3180,#3179);
#3182=IFCREPRESENTATIONMAP(#3181,#3364);
#3226=IFCCARTESIANPOINT((0.,0.,0.));
#3227=IFCDIRECTION((1.,0.,0.));
#3228=IFCDIRECTION((0.,0.,1.));
#3229=IFCAXIS2PLACEMENT3D(#3226,#3228,#3227);
#3230=IFCREPRESENTATIONMAP(#3229,#3407);
#3248=IFCCARTESIANPOINT((0.,0.,0.));
#3249=IFCDIRECTION((1.,0.,0.));
#3250=IFCDIRECTION((0.,0.,1.));
#3251=IFCAXIS2PLACEMENT3D(#3248,#3250,#3249);
#3252=IFCREPRESENTATIONMAP(#3251,#3430);
#3282=IFCWINDOW('3Wk7FtJ8jBgQJ9BrqyK40t',$,'Window',$,$,#3455,#3291,$,0.89999997615814209,0.80000001192092896,$,.SINGLE_PANEL.,$);
#3283=IFCRELDEFINESBYTYPE('0xOJ0VjN58gQJI0LYJvwRA',$,$,$,(#3282),#3172);
#3284=IFCCARTESIANPOINT((0.,0.,0.));
#3285=IFCDIRECTION((1.,0.,0.));
#3286=IFCDIRECTION((0.,1.,0.));
#3287=IFCDIRECTION((0.,0.,1.));
#3288=IFCCARTESIANTRANSFORMATIONOPERATOR3D(#3285,#3286,#3284,1.,#3287);
#3289=IFCMAPPEDITEM(#3182,#3288);
#3290=IFCSHAPEREPRESENTATION(#18,'Profile','MappedRepresentation',(#3289));
#3291=IFCPRODUCTDEFINITIONSHAPE($,$,(#3290,#3298,#3305));
#3292=IFCCARTESIANPOINT((0.,0.,0.));
#3293=IFCDIRECTION((1.,0.,0.));
#3294=IFCDIRECTION((0.,1.,0.));
#3295=IFCDIRECTION((0.,0.,1.));
#3296=IFCCARTESIANTRANSFORMATIONOPERATOR3D(#3293,#3294,#3292,1.,#3295);
#3297=IFCMAPPEDITEM(#3230,#3296);
#3298=IFCSHAPEREPRESENTATION(#11,'Body','MappedRepresentation',(#3297));
#3299=IFCCARTESIANPOINT((0.,0.,0.));
#3300=IFCDIRECTION((1.,0.,0.));
#3301=IFCDIRECTION((0.,1.,0.));
#3302=IFCDIRECTION((0.,0.,1.));
#3303=IFCCARTESIANTRANSFORMATIONOPERATOR3D(#3300,#3301,#3299,1.,#3302);
#3304=IFCMAPPEDITEM(#3252,#3303);
#3305=IFCSHAPEREPRESENTATION(#24,'Body','MappedRepresentation',(#3304));
#3306=IFCOPENINGELEMENT('326$8Ex41AaBejzjwCC$CG',$,'Opening',$,$,#3450,#3334,$,.OPENING.);
#3322=IFCCARTESIANPOINT((0.,0.,0.));
#3323=IFCDIRECTION((1.,0.,0.));
#3324=IFCDIRECTION((0.,0.,1.));
#3325=IFCAXIS2PLACEMENT3D(#3322,#3324,#3323);
#3326=IFCREPRESENTATIONMAP(#3325,#3440);
#3327=IFCCARTESIANPOINT((0.,0.,0.));
#3328=IFCDIRECTION((1.,0.,0.));
#3329=IFCDIRECTION((0.,1.,0.));
#3330=IFCDIRECTION((0.,0.,1.));
#3331=IFCCARTESIANTRANSFORMATIONOPERATOR3D(#3328,#3329,#3327,1.,#3330);
#3332=IFCMAPPEDITEM(#3326,#3331);
#3333=IFCSHAPEREPRESENTATION(#11,'Body','MappedRepresentation',(#3332));
#3334=IFCPRODUCTDEFINITIONSHAPE($,$,(#3333));
#3335=IFCRELVOIDSELEMENT('3GIicPA$vClxhpcSU1PGkR',$,$,$,#231,#3306);
#3341=IFCRELFILLSELEMENT('2Jwqq_tRT0DOHtfLcU6DVh',$,$,$,#3306,#3282);
#3362=IFCCARTESIANPOINTLIST3D(((0.,0.,0.),(0.80000001192092896,0.,0.),(0.80000001192092896,0.,0.89999997615814209),(0.,0.,0.89999997615814209)));
#3363=IFCINDEXEDPOLYCURVE(#3362,(IFCLINEINDEX((1,2,3,4,1))),$);
#3364=IFCSHAPEREPRESENTATION(#18,'Profile','Curve3D',(#3363));
#3365=IFCCARTESIANPOINTLIST2D(((0.,0.),(0.80000001192092896,0.),(0.80000001192092896,0.89999997615814209),(0.,0.89999997615814209)));
#3366=IFCINDEXEDPOLYCURVE(#3365,(IFCLINEINDEX((1,2,3,4,1))),$);
#3367=IFCCARTESIANPOINTLIST2D(((0.02500000037252903,0.02500000037252903),(0.77500001154839993,0.02500000037252903),(0.77500001154839993,0.87499997578561306),(0.02500000037252903,0.87499997578561306)));
#3368=IFCINDEXEDPOLYCURVE(#3367,(IFCLINEINDEX((1,2,3,4,1))),$);
#3369=IFCARBITRARYPROFILEDEFWITHVOIDS(.AREA.,$,#3366,(#3368));
#3370=IFCCARTESIANPOINT((0.,0.090000001713633537,0.));
#3371=IFCDIRECTION((0.,-1.,0.));
#3372=IFCDIRECTION((1.,0.,0.));
#3373=IFCAXIS2PLACEMENT3D(#3370,#3371,#3372);
#3374=IFCDIRECTION((0.,0.,-1.));
#3375=IFCEXTRUDEDAREASOLID(#3369,#3373,#3374,0.0099999997764825821);
#3376=IFCCARTESIANPOINTLIST2D(((0.,0.),(0.80000001192092896,0.),(0.80000001192092896,0.89999997615814209),(0.,0.89999997615814209)));
#3377=IFCINDEXEDPOLYCURVE(#3376,(IFCLINEINDEX((1,2,3,4,1))),$);
#3378=IFCCARTESIANPOINTLIST2D(((0.05000000074505806,0.05000000074505806),(0.7500000111758709,0.05000000074505806),(0.7500000111758709,0.84999997541308403),(0.05000000074505806,0.84999997541308403)));
#3379=IFCINDEXEDPOLYCURVE(#3378,(IFCLINEINDEX((1,2,3,4,1))),$);
#3380=IFCARBITRARYPROFILEDEFWITHVOIDS(.AREA.,$,#3377,(#3379));
#3381=IFCCARTESIANPOINT((0.,0.05000000074505806,0.));
#3382=IFCDIRECTION((0.,-1.,0.));
#3383=IFCDIRECTION((1.,0.,0.));
#3384=IFCAXIS2PLACEMENT3D(#3381,#3382,#3383);
#3385=IFCDIRECTION((0.,0.,-1.));
#3386=IFCEXTRUDEDAREASOLID(#3380,#3384,#3385,0.040000000968575478);
#3387=IFCCARTESIANPOINTLIST2D(((0.,0.),(0.7500000111758709,0.),(0.7500000111758709,0.84999997541308403),(0.,0.84999997541308403)));
#3388=IFCINDEXEDPOLYCURVE(#3387,(IFCLINEINDEX((1,2,3,4,1))),$);
#3389=IFCCARTESIANPOINTLIST2D(((0.035000000149011612,0.035000000149011612),(0.71500001102685928,0.035000000149011612),(0.71500001102685928,0.81499997526407242),(0.035000000149011612,0.81499997526407242)));
#3390=IFCINDEXEDPOLYCURVE(#3389,(IFCLINEINDEX((1,2,3,4,1))),$);
#3391=IFCARBITRARYPROFILEDEFWITHVOIDS(.AREA.,$,#3388,(#3390));
#3392=IFCCARTESIANPOINT((0.02500000037252903,0.090000001713633537,0.02500000037252903));
#3393=IFCDIRECTION((0.,-1.,0.));
#3394=IFCDIRECTION((1.,0.,0.));
#3395=IFCAXIS2PLACEMENT3D(#3392,#3393,#3394);
#3396=IFCDIRECTION((0.,0.,-1.));
#3397=IFCEXTRUDEDAREASOLID(#3391,#3395,#3396,0.035000000149011612);
#3398=IFCINDEXEDPOLYCURVE(#3399,(IFCLINEINDEX((1,2,3,4,1))),$);
#3399=IFCCARTESIANPOINTLIST2D(((0.035000000149011612,0.035000000149011612),(0.71500001102685928,0.035000000149011612),(0.71500001102685928,0.81499997526407242),(0.035000000149011612,0.81499997526407242)));
#3400=IFCARBITRARYCLOSEDPROFILEDEF(.AREA.,$,#3398);
#3401=IFCCARTESIANPOINT((0.02500000037252903,0.10250000178813934,0.02500000037252903));
#3402=IFCDIRECTION((0.,-1.,0.));
#3403=IFCDIRECTION((1.,0.,0.));
#3404=IFCAXIS2PLACEMENT3D(#3401,#3402,#3403);
#3405=IFCDIRECTION((0.,0.,-1.));
#3406=IFCEXTRUDEDAREASOLID(#3400,#3404,#3405,0.01);
#3407=IFCSHAPEREPRESENTATION(#11,'Body','SweptSolid',(#3375,#3386,#3397,#3406));
#3408=IFCSHAPEREPRESENTATION(#11,'Body','SweptSolid',(#3375,#3386));
#3409=IFCSHAPEASPECT((#3408),'Lining',$,.T.,#3291);
#3410=IFCSHAPEREPRESENTATION(#11,'Body','SweptSolid',(#3397));
#3411=IFCSHAPEASPECT((#3410),'Framing',$,.T.,#3291);
#3412=IFCSHAPEREPRESENTATION(#11,'Body','SweptSolid',(#3406));
#3413=IFCSHAPEASPECT((#3412),'Glazing',$,.T.,#3291);
#3414=IFCCARTESIANPOINTLIST2D(((0.05000000074505806,0.05000000074505806),(0.7500000111758709,0.05000000074505806)));
#3415=IFCINDEXEDPOLYCURVE(#3414,$,$);
#3416=IFCCARTESIANPOINTLIST2D(((0.,0.10000000149011612),(0.02500000037252903,0.10000000149011612),(0.02500000037252903,0.090000001713633537),(0.05000000074505806,0.090000001713633537),(0.05000000074505806,0.05000000074505806),(0.,0.05000000074505806)));
#3417=IFCINDEXEDPOLYCURVE(#3416,(IFCLINEINDEX((1,2,3,4,5,6,1))),$);
#3418=IFCCARTESIANPOINTLIST2D(((0.80000001192092896,0.10000000149011612),(0.77500001154839993,0.10000000149011612),(0.77500001154839993,0.090000001713633537),(0.7500000111758709,0.090000001713633537),(0.7500000111758709,0.05000000074505806),(0.80000001192092896,0.05000000074505806)));
#3419=IFCINDEXEDPOLYCURVE(#3418,(IFCLINEINDEX((1,2,3,4,5,6,1))),$);
#3420=IFCCARTESIANPOINTLIST2D(((0.02500000037252903,0.090000001713633537),(0.060000000521540642,0.090000001713633537),(0.060000000521540642,0.12500000186264515),(0.02500000037252903,0.12500000186264515)));
#3421=IFCINDEXEDPOLYCURVE(#3420,(IFCLINEINDEX((1,2,3,4,1))),$);
#3422=IFCINDEXEDPOLYCURVE(#3423,(IFCLINEINDEX((1,2,3,4,1))),$);
#3423=IFCCARTESIANPOINTLIST2D(((0.77500001154839993,0.090000001713633537),(0.74000001139938831,0.090000001713633537),(0.74000001139938831,0.12500000186264515),(0.77500001154839993,0.12500000186264515)));
#3424=IFCCARTESIANPOINTLIST2D(((0.060000000521540642,0.090000001713633537),(0.74000001139938831,0.090000001713633537)));
#3425=IFCINDEXEDPOLYCURVE(#3424,$,$);
#3426=IFCINDEXEDPOLYCURVE(#3427,$,$);
#3427=IFCCARTESIANPOINTLIST2D(((0.060000000521540642,0.12500000186264515),(0.74000001139938831,0.12500000186264515)));
#3428=IFCINDEXEDPOLYCURVE(#3429,$,$);
#3429=IFCCARTESIANPOINTLIST2D(((0.060000000521540642,0.10750000178813934),(0.74000001139938831,0.10750000178813934)));
#3430=IFCSHAPEREPRESENTATION(#24,'Body','Curve2D',(#3415,#3417,#3419,#3421,#3422,#3425,#3426,#3428));
#3431=IFCCARTESIANPOINTLIST2D(((0.,0.),(0.80000001192092896,0.),(0.80000001192092896,0.89999997615814209),(0.,0.89999997615814209)));
#3432=IFCINDEXEDPOLYCURVE(#3431,(IFCLINEINDEX((1,2,3,4,1))),$);
#3433=IFCARBITRARYCLOSEDPROFILEDEF(.AREA.,$,#3432);
#3434=IFCCARTESIANPOINT((0.,-0.60000002384185791,0.));
#3435=IFCDIRECTION((0.,-1.,0.));
#3436=IFCDIRECTION((1.,0.,0.));
#3437=IFCAXIS2PLACEMENT3D(#3434,#3435,#3436);
#3438=IFCDIRECTION((0.,0.,-1.));
#3439=IFCEXTRUDEDAREASOLID(#3433,#3437,#3438,1.2);
#3440=IFCSHAPEREPRESENTATION(#11,'Body','SweptSolid',(#3439));
#3446=IFCCARTESIANPOINT((3.0310614859168883,7.2483560442648809E-07,1.));
#3447=IFCDIRECTION((0.,0.,1.));
#3448=IFCDIRECTION((0.99999999999999289,1.1920928244535129E-07,0.));
#3449=IFCAXIS2PLACEMENT3D(#3446,#3447,#3448);
#3450=IFCLOCALPLACEMENT(#546,#3449);
#3451=IFCCARTESIANPOINT((0.,0.,0.));
#3452=IFCDIRECTION((0.,0.,1.));
#3453=IFCDIRECTION((1.,0.,0.));
#3454=IFCAXIS2PLACEMENT3D(#3451,#3452,#3453);
#3455=IFCLOCALPLACEMENT(#3450,#3454);
#3456=IFCWINDOWTYPE('3eL1csFmb4_8ohRsRoTymW',$,'maids-gf',$,$,(#3457),(#3466,#3514,#3536),$,$,.WINDOW.,.SINGLE_PANEL.,$,$);
#3457=IFCPROPERTYSET('0frwb4P0565PW_vsFaoLzG',$,'BBIM_Window',$,(#3458));
#3458=IFCPROPERTYSINGLEVALUE('Data',$,IFCTEXT('{"window_type": "SINGLE_PANEL", "overall_height": 0.8999999761581421, "overall_width": 0.800000011920929, "lining_properties": {"lining_depth": 0.05000000074505806, "lining_thickness": 0.05000000074505806, "lining_offset": 0.05000000074505806, "lining_to_panel_offset_x": 0.02500000037252903, "lining_to_panel_offset_y": 0.02500000037252903}, "panel_properties": {"frame_depth": [0.03500000014901161, 0.03500000014901161, 0.03500000014901161], "frame_thickness": [0.03500000014901161, 0.03500000014901161, 0.03500000014901161]}}'),$);
#3462=IFCCARTESIANPOINT((0.,0.,0.));
#3463=IFCDIRECTION((1.,0.,0.));
#3464=IFCDIRECTION((0.,0.,1.));
#3465=IFCAXIS2PLACEMENT3D(#3462,#3464,#3463);
#3466=IFCREPRESENTATIONMAP(#3465,#3619);
#3510=IFCCARTESIANPOINT((0.,0.,0.));
#3511=IFCDIRECTION((1.,0.,0.));
#3512=IFCDIRECTION((0.,0.,1.));
#3513=IFCAXIS2PLACEMENT3D(#3510,#3512,#3511);
#3514=IFCREPRESENTATIONMAP(#3513,#3662);
#3532=IFCCARTESIANPOINT((0.,0.,0.));
#3533=IFCDIRECTION((1.,0.,0.));
#3534=IFCDIRECTION((0.,0.,1.));
#3535=IFCAXIS2PLACEMENT3D(#3532,#3534,#3533);
#3536=IFCREPRESENTATIONMAP(#3535,#3685);
#3537=IFCWINDOW('2b_NMT3Qf5FP85WIzzUQzD',$,'Window',$,$,#3710,#3546,$,0.89999997615814209,0.80000001192092896,$,.SINGLE_PANEL.,$);
#3538=IFCRELDEFINESBYTYPE('3nPXkmIN98zvyLyPk8G5zg',$,$,$,(#3537),#3456);
#3539=IFCCARTESIANPOINT((0.,0.,0.));
#3540=IFCDIRECTION((1.,0.,0.));
#3541=IFCDIRECTION((0.,1.,0.));
#3542=IFCDIRECTION((0.,0.,1.));
#3543=IFCCARTESIANTRANSFORMATIONOPERATOR3D(#3540,#3541,#3539,1.,#3542);
#3544=IFCMAPPEDITEM(#3466,#3543);
#3545=IFCSHAPEREPRESENTATION(#18,'Profile','MappedRepresentation',(#3544));
#3546=IFCPRODUCTDEFINITIONSHAPE($,$,(#3545,#3553,#3560));
#3547=IFCCARTESIANPOINT((0.,0.,0.));
#3548=IFCDIRECTION((1.,0.,0.));
#3549=IFCDIRECTION((0.,1.,0.));
#3550=IFCDIRECTION((0.,0.,1.));
#3551=IFCCARTESIANTRANSFORMATIONOPERATOR3D(#3548,#3549,#3547,1.,#3550);
#3552=IFCMAPPEDITEM(#3514,#3551);
#3553=IFCSHAPEREPRESENTATION(#11,'Body','MappedRepresentation',(#3552));
#3554=IFCCARTESIANPOINT((0.,0.,0.));
#3555=IFCDIRECTION((1.,0.,0.));
#3556=IFCDIRECTION((0.,1.,0.));
#3557=IFCDIRECTION((0.,0.,1.));
#3558=IFCCARTESIANTRANSFORMATIONOPERATOR3D(#3555,#3556,#3554,1.,#3557);
#3559=IFCMAPPEDITEM(#3536,#3558);
#3560=IFCSHAPEREPRESENTATION(#24,'Body','MappedRepresentation',(#3559));
#3561=IFCOPENINGELEMENT('0Mth12SpL6VupVmLInZgKh',$,'Opening',$,$,#3705,#3589,$,.OPENING.);
#3577=IFCCARTESIANPOINT((0.,0.,0.));
#3578=IFCDIRECTION((1.,0.,0.));
#3579=IFCDIRECTION((0.,0.,1.));
#3580=IFCAXIS2PLACEMENT3D(#3577,#3579,#3578);
#3581=IFCREPRESENTATIONMAP(#3580,#3695);
#3582=IFCCARTESIANPOINT((0.,0.,0.));
#3583=IFCDIRECTION((1.,0.,0.));
#3584=IFCDIRECTION((0.,1.,0.));
#3585=IFCDIRECTION((0.,0.,1.));
#3586=IFCCARTESIANTRANSFORMATIONOPERATOR3D(#3583,#3584,#3582,1.,#3585);
#3587=IFCMAPPEDITEM(#3581,#3586);
#3588=IFCSHAPEREPRESENTATION(#11,'Body','MappedRepresentation',(#3587));
#3589=IFCPRODUCTDEFINITIONSHAPE($,$,(#3588));
#3590=IFCRELVOIDSELEMENT('2X9F4YnHfFZOyCi0vcTcUg',$,$,$,#206,#3561);
#3596=IFCRELFILLSELEMENT('0zFWKUETH4VeY6TEV$MJU_',$,$,$,#3561,#3537);
#3617=IFCCARTESIANPOINTLIST3D(((0.,0.,0.),(0.80000001192092896,0.,0.),(0.80000001192092896,0.,0.89999997615814209),(0.,0.,0.89999997615814209)));
#3618=IFCINDEXEDPOLYCURVE(#3617,(IFCLINEINDEX((1,2,3,4,1))),$);
#3619=IFCSHAPEREPRESENTATION(#18,'Profile','Curve3D',(#3618));
#3620=IFCCARTESIANPOINTLIST2D(((0.,0.),(0.80000001192092896,0.),(0.80000001192092896,0.89999997615814209),(0.,0.89999997615814209)));
#3621=IFCINDEXEDPOLYCURVE(#3620,(IFCLINEINDEX((1,2,3,4,1))),$);
#3622=IFCCARTESIANPOINTLIST2D(((0.02500000037252903,0.02500000037252903),(0.77500001154839993,0.02500000037252903),(0.77500001154839993,0.87499997578561306),(0.02500000037252903,0.87499997578561306)));
#3623=IFCINDEXEDPOLYCURVE(#3622,(IFCLINEINDEX((1,2,3,4,1))),$);
#3624=IFCARBITRARYPROFILEDEFWITHVOIDS(.AREA.,$,#3621,(#3623));
#3625=IFCCARTESIANPOINT((0.,0.090000001713633537,0.));
#3626=IFCDIRECTION((0.,-1.,0.));
#3627=IFCDIRECTION((1.,0.,0.));
#3628=IFCAXIS2PLACEMENT3D(#3625,#3626,#3627);
#3629=IFCDIRECTION((0.,0.,-1.));
#3630=IFCEXTRUDEDAREASOLID(#3624,#3628,#3629,0.0099999997764825821);
#3631=IFCCARTESIANPOINTLIST2D(((0.,0.),(0.80000001192092896,0.),(0.80000001192092896,0.89999997615814209),(0.,0.89999997615814209)));
#3632=IFCINDEXEDPOLYCURVE(#3631,(IFCLINEINDEX((1,2,3,4,1))),$);
#3633=IFCCARTESIANPOINTLIST2D(((0.05000000074505806,0.05000000074505806),(0.7500000111758709,0.05000000074505806),(0.7500000111758709,0.84999997541308403),(0.05000000074505806,0.84999997541308403)));
#3634=IFCINDEXEDPOLYCURVE(#3633,(IFCLINEINDEX((1,2,3,4,1))),$);
#3635=IFCARBITRARYPROFILEDEFWITHVOIDS(.AREA.,$,#3632,(#3634));
#3636=IFCCARTESIANPOINT((0.,0.05000000074505806,0.));
#3637=IFCDIRECTION((0.,-1.,0.));
#3638=IFCDIRECTION((1.,0.,0.));
#3639=IFCAXIS2PLACEMENT3D(#3636,#3637,#3638);
#3640=IFCDIRECTION((0.,0.,-1.));
#3641=IFCEXTRUDEDAREASOLID(#3635,#3639,#3640,0.040000000968575478);
#3642=IFCCARTESIANPOINTLIST2D(((0.,0.),(0.7500000111758709,0.),(0.7500000111758709,0.84999997541308403),(0.,0.84999997541308403)));
#3643=IFCINDEXEDPOLYCURVE(#3642,(IFCLINEINDEX((1,2,3,4,1))),$);
#3644=IFCCARTESIANPOINTLIST2D(((0.035000000149011612,0.035000000149011612),(0.71500001102685928,0.035000000149011612),(0.71500001102685928,0.81499997526407242),(0.035000000149011612,0.81499997526407242)));
#3645=IFCINDEXEDPOLYCURVE(#3644,(IFCLINEINDEX((1,2,3,4,1))),$);
#3646=IFCARBITRARYPROFILEDEFWITHVOIDS(.AREA.,$,#3643,(#3645));
#3647=IFCCARTESIANPOINT((0.02500000037252903,0.090000001713633537,0.02500000037252903));
#3648=IFCDIRECTION((0.,-1.,0.));
#3649=IFCDIRECTION((1.,0.,0.));
#3650=IFCAXIS2PLACEMENT3D(#3647,#3648,#3649);
#3651=IFCDIRECTION((0.,0.,-1.));
#3652=IFCEXTRUDEDAREASOLID(#3646,#3650,#3651,0.035000000149011612);
#3653=IFCINDEXEDPOLYCURVE(#3654,(IFCLINEINDEX((1,2,3,4,1))),$);
#3654=IFCCARTESIANPOINTLIST2D(((0.035000000149011612,0.035000000149011612),(0.71500001102685928,0.035000000149011612),(0.71500001102685928,0.81499997526407242),(0.035000000149011612,0.81499997526407242)));
#3655=IFCARBITRARYCLOSEDPROFILEDEF(.AREA.,$,#3653);
#3656=IFCCARTESIANPOINT((0.02500000037252903,0.10250000178813934,0.02500000037252903));
#3657=IFCDIRECTION((0.,-1.,0.));
#3658=IFCDIRECTION((1.,0.,0.));
#3659=IFCAXIS2PLACEMENT3D(#3656,#3657,#3658);
#3660=IFCDIRECTION((0.,0.,-1.));
#3661=IFCEXTRUDEDAREASOLID(#3655,#3659,#3660,0.01);
#3662=IFCSHAPEREPRESENTATION(#11,'Body','SweptSolid',(#3630,#3641,#3652,#3661));
#3663=IFCSHAPEREPRESENTATION(#11,'Body','SweptSolid',(#3630,#3641));
#3664=IFCSHAPEASPECT((#3663),'Lining',$,.T.,#3546);
#3665=IFCSHAPEREPRESENTATION(#11,'Body','SweptSolid',(#3652));
#3666=IFCSHAPEASPECT((#3665),'Framing',$,.T.,#3546);
#3667=IFCSHAPEREPRESENTATION(#11,'Body','SweptSolid',(#3661));
#3668=IFCSHAPEASPECT((#3667),'Glazing',$,.T.,#3546);
#3669=IFCCARTESIANPOINTLIST2D(((0.05000000074505806,0.05000000074505806),(0.7500000111758709,0.05000000074505806)));
#3670=IFCINDEXEDPOLYCURVE(#3669,$,$);
#3671=IFCCARTESIANPOINTLIST2D(((0.,0.10000000149011612),(0.02500000037252903,0.10000000149011612),(0.02500000037252903,0.090000001713633537),(0.05000000074505806,0.090000001713633537),(0.05000000074505806,0.05000000074505806),(0.,0.05000000074505806)));
#3672=IFCINDEXEDPOLYCURVE(#3671,(IFCLINEINDEX((1,2,3,4,5,6,1))),$);
#3673=IFCCARTESIANPOINTLIST2D(((0.80000001192092896,0.10000000149011612),(0.77500001154839993,0.10000000149011612),(0.77500001154839993,0.090000001713633537),(0.7500000111758709,0.090000001713633537),(0.7500000111758709,0.05000000074505806),(0.80000001192092896,0.05000000074505806)));
#3674=IFCINDEXEDPOLYCURVE(#3673,(IFCLINEINDEX((1,2,3,4,5,6,1))),$);
#3675=IFCCARTESIANPOINTLIST2D(((0.02500000037252903,0.090000001713633537),(0.060000000521540642,0.090000001713633537),(0.060000000521540642,0.12500000186264515),(0.02500000037252903,0.12500000186264515)));
#3676=IFCINDEXEDPOLYCURVE(#3675,(IFCLINEINDEX((1,2,3,4,1))),$);
#3677=IFCINDEXEDPOLYCURVE(#3678,(IFCLINEINDEX((1,2,3,4,1))),$);
#3678=IFCCARTESIANPOINTLIST2D(((0.77500001154839993,0.090000001713633537),(0.74000001139938831,0.090000001713633537),(0.74000001139938831,0.12500000186264515),(0.77500001154839993,0.12500000186264515)));
#3679=IFCCARTESIANPOINTLIST2D(((0.060000000521540642,0.090000001713633537),(0.74000001139938831,0.090000001713633537)));
#3680=IFCINDEXEDPOLYCURVE(#3679,$,$);
#3681=IFCINDEXEDPOLYCURVE(#3682,$,$);
#3682=IFCCARTESIANPOINTLIST2D(((0.060000000521540642,0.12500000186264515),(0.74000001139938831,0.12500000186264515)));
#3683=IFCINDEXEDPOLYCURVE(#3684,$,$);
#3684=IFCCARTESIANPOINTLIST2D(((0.060000000521540642,0.10750000178813934),(0.74000001139938831,0.10750000178813934)));
#3685=IFCSHAPEREPRESENTATION(#24,'Body','Curve2D',(#3670,#3672,#3674,#3676,#3677,#3680,#3681,#3683));
#3686=IFCCARTESIANPOINTLIST2D(((0.,0.),(0.80000001192092896,0.),(0.80000001192092896,0.89999997615814209),(0.,0.89999997615814209)));
#3687=IFCINDEXEDPOLYCURVE(#3686,(IFCLINEINDEX((1,2,3,4,1))),$);
#3688=IFCARBITRARYCLOSEDPROFILEDEF(.AREA.,$,#3687);
#3689=IFCCARTESIANPOINT((0.,-0.60000002384185791,0.));
#3690=IFCDIRECTION((0.,-1.,0.));
#3691=IFCDIRECTION((1.,0.,0.));
#3692=IFCAXIS2PLACEMENT3D(#3689,#3690,#3691);
#3693=IFCDIRECTION((0.,0.,-1.));
#3694=IFCEXTRUDEDAREASOLID(#3688,#3692,#3693,1.2);
#3695=IFCSHAPEREPRESENTATION(#11,'Body','SweptSolid',(#3694));
#3701=IFCCARTESIANPOINT((0.77811622619641574,-1.7382752037775617E-07,1.));
#3702=IFCDIRECTION((0.,0.,1.));
#3703=IFCDIRECTION((0.99999999999997158,-2.3841857910149749E-07,0.));
#3704=IFCAXIS2PLACEMENT3D(#3701,#3702,#3703);
#3705=IFCLOCALPLACEMENT(#217,#3704);
#3706=IFCCARTESIANPOINT((-4.3368086899420177E-19,0.,0.));
#3707=IFCDIRECTION((0.,0.,1.));
#3708=IFCDIRECTION((1.,0.,0.));
#3709=IFCAXIS2PLACEMENT3D(#3706,#3707,#3708);
#3710=IFCLOCALPLACEMENT(#3705,#3709);
#3711=IFCCARTESIANPOINT((0.,0.,3.));
#3712=IFCDIRECTION((0.,0.,1.));
#3713=IFCDIRECTION((1.,0.,0.));
#3714=IFCAXIS2PLACEMENT3D(#3711,#3712,#3713);
#3715=IFCLOCALPLACEMENT(#56,#3714);
#3716=IFCCARTESIANPOINT((0.,0.,6.));
#3717=IFCDIRECTION((0.,0.,1.));
#3718=IFCDIRECTION((1.,0.,0.));
#3719=IFCAXIS2PLACEMENT3D(#3716,#3717,#3718);
#3720=IFCLOCALPLACEMENT(#56,#3719);
#3722=IFCMATERIALLAYERSET((#3724),$,$);
#3724=IFCMATERIALLAYER(#98,0.10000000000000001,$,$,$,$,$);
#3727=IFCWALLTYPE('19hilo2sb4ywjoD6VV__eZ',$,'wall-2f',$,$,(#3731),$,$,$,.SOLIDWALL.);
#3728=IFCMATERIALLAYERSET((#3730),$,$);
#3729=IFCRELASSOCIATESMATERIAL('2ZZI5bc6v8vuGd4c4Y8cmE',$,$,$,(#3727),#3728);
#3730=IFCMATERIALLAYER(#98,0.10000000000000001,$,$,$,$,$);
#3731=IFCPROPERTYSET('0Mb32slqT1c9dK2hagfwZF',$,'EPset_Parametric',$,(#3732));
#3732=IFCPROPERTYSINGLEVALUE('LayerSetDirection',$,IFCLABEL('AXIS2'),$);
#3733=IFCWALL('1vor3TsPfBW8Jhzys8EmrA',$,'Wall',$,$,#4424,#3741,$,$);
#3734=IFCRELCONTAINEDINSPATIALSTRUCTURE('25zwPFZnf0CxV3XTGtPARU',$,$,$,(#10949,#7502,#4425,#3733,#3910,#3810,#3835,#10922,#3935,#6297,#7799,#7734,#7945,#6124,#5951,#4746,#4646,#4549,#4989,#3860,#5426,#11047,#5778,#11177,#4717,#3960,#3885,#3785,#8091),#39);
#3735=IFCRELDEFINESBYTYPE('1N0NDWcPn16O$XFhPBbnxv',$,$,$,(#3960,#3835,#3885,#3935,#3785,#4746,#4646,#3810,#4549,#3860,#4425,#3733,#3910),#3727);
#3736=IFCMATERIALLAYERSETUSAGE(#3728,.AXIS2.,.POSITIVE.,0.,$);
#3737=IFCRELASSOCIATESMATERIAL('164DmoipD9C9B5w2OUSt$I',$,$,$,(#3733),#3736);
#3741=IFCPRODUCTDEFINITIONSHAPE($,$,(#4516,#4513));
#3757=IFCPROPERTYSET('0OHx2vUHfAEhg2zs6kQ5HC',$,'EPset_Parametric',$,(#3759));
#3758=IFCRELDEFINESBYPROPERTIES('04OPbbSUr5gfLzh$f$j2qh',$,$,$,(#3733),#3757);
#3759=IFCPROPERTYSINGLEVALUE('Engine',$,IFCLABEL('Bonsai.DumbLayer2'),$);
#3785=IFCWALL('2ZjKM_Pk96_fl9T$4pvUpk',$,'Wall',$,$,#4535,#3791,$,$);
#3786=IFCMATERIALLAYERSETUSAGE(#3728,.AXIS2.,.POSITIVE.,0.,$);
#3787=IFCRELASSOCIATESMATERIAL('1N5nhFgLD8UQrQhmxT5gkz',$,$,$,(#3785),#3786);
#3791=IFCPRODUCTDEFINITIONSHAPE($,$,(#4530,#4527));
#3807=IFCPROPERTYSET('2mDSo8ej1918rdhsn0Q_EP',$,'EPset_Parametric',$,(#3809));
#3808=IFCRELDEFINESBYPROPERTIES('3P6tfwDyHFleqQOQBhmk6d',$,$,$,(#3785),#3807);
#3809=IFCPROPERTYSINGLEVALUE('Engine',$,IFCLABEL('Bonsai.DumbLayer2'),$);
#3810=IFCWALL('1htx2jUm13FuUpH2UK4rW3',$,'Wall',$,$,#4192,#3816,$,$);
#3811=IFCMATERIALLAYERSETUSAGE(#3728,.AXIS2.,.POSITIVE.,0.,$);
#3812=IFCRELASSOCIATESMATERIAL('1fOoZdT_517QSEZJD0jGOY',$,$,$,(#3810),#3811);
#3816=IFCPRODUCTDEFINITIONSHAPE($,$,(#4645,#4642));
#3832=IFCPROPERTYSET('03xlJH7$HEuPSK$PljKNim',$,'EPset_Parametric',$,(#3834));
#3833=IFCRELDEFINESBYPROPERTIES('08f0pRIGj4rQeyVTOBlmF1',$,$,$,(#3810),#3832);
#3834=IFCPROPERTYSINGLEVALUE('Engine',$,IFCLABEL('Bonsai.DumbLayer2'),$);
#3835=IFCWALL('1FVlTvvfbCWum0WIeY9JKc',$,'Wall',$,$,#4224,#3841,$,$);
#3836=IFCMATERIALLAYERSETUSAGE(#3728,.AXIS2.,.POSITIVE.,0.,$);
#3837=IFCRELASSOCIATESMATERIAL('0PI9LmccrAzhGcAfN_Gk0_',$,$,$,(#3835),#3836);
#3841=IFCPRODUCTDEFINITIONSHAPE($,$,(#4269,#4266));
#3857=IFCPROPERTYSET('3nGdZk1JHCqf7HZu9_L3tx',$,'EPset_Parametric',$,(#3859));
#3858=IFCRELDEFINESBYPROPERTIES('2ZU$bfpOj4Rfnb44UxYoIX',$,$,$,(#3835),#3857);
#3859=IFCPROPERTYSINGLEVALUE('Engine',$,IFCLABEL('Bonsai.DumbLayer2'),$);
#3860=IFCWALL('2yNgDfoC5BEPHvgisVgKf9',$,'Wall',$,$,#4256,#3866,$,$);
#3861=IFCMATERIALLAYERSETUSAGE(#3728,.AXIS2.,.POSITIVE.,0.,$);
#3862=IFCRELASSOCIATESMATERIAL('0vGO16ihL6hwmlaeo6X6Pa',$,$,$,(#3860),#3861);
#3866=IFCPRODUCTDEFINITIONSHAPE($,$,(#4301,#4298));
#3882=IFCPROPERTYSET('3bemJQyTjCKP07HXPNfDnS',$,'EPset_Parametric',$,(#3884));
#3883=IFCRELDEFINESBYPROPERTIES('2c6Nz3ZoP14wF9Oxdiu7Re',$,$,$,(#3860),#3882);
#3884=IFCPROPERTYSINGLEVALUE('Engine',$,IFCLABEL('Bonsai.DumbLayer2'),$);
#3885=IFCWALL('0sB8nT2sjClvtltH4mzx67',$,'Wall',$,$,#4288,#3891,$,$);
#3886=IFCMATERIALLAYERSETUSAGE(#3728,.AXIS2.,.POSITIVE.,0.,$);
#3887=IFCRELASSOCIATESMATERIAL('2QtZXgAd15l8Bwr0NX8bYc',$,$,$,(#3885),#3886);
#3891=IFCPRODUCTDEFINITIONSHAPE($,$,(#4328,#4325));
#3907=IFCPROPERTYSET('0m3MV1LtP8bxJ74sbhJ6LG',$,'EPset_Parametric',$,(#3909));
#3908=IFCRELDEFINESBYPROPERTIES('1miZC3TNL6qvPKoLgJaKEy',$,$,$,(#3885),#3907);
#3909=IFCPROPERTYSINGLEVALUE('Engine',$,IFCLABEL('Bonsai.DumbLayer2'),$);
#3910=IFCWALL('28siOMe9vE_Rod4yr9F9kb',$,'Wall',$,$,#3921,#3916,$,$);
#3911=IFCMATERIALLAYERSETUSAGE(#3728,.AXIS2.,.POSITIVE.,0.,$);
#3912=IFCRELASSOCIATESMATERIAL('22QxUW4VD1HvjanZDOA_3P',$,$,$,(#3910),#3911);
#3916=IFCPRODUCTDEFINITIONSHAPE($,$,(#4360,#4357));
#3917=IFCCARTESIANPOINT((1.8499999046325684,-2.1774530410766602,0.));
#3918=IFCDIRECTION((0.,0.,1.));
#3919=IFCDIRECTION((-1.6292068494294437E-07,-0.99999999999998668,0.));
#3920=IFCAXIS2PLACEMENT3D(#3917,#3918,#3919);
#3921=IFCLOCALPLACEMENT(#3715,#3920);
#3932=IFCPROPERTYSET('04AQr1hXv8HxNc$epNKuv2',$,'EPset_Parametric',$,(#3934));
#3933=IFCRELDEFINESBYPROPERTIES('2p7kIsUdbD5w$ERnEzJijl',$,$,$,(#3910),#3932);
#3934=IFCPROPERTYSINGLEVALUE('Engine',$,IFCLABEL('Bonsai.DumbLayer2'),$);
#3935=IFCWALL('17WpLdm7n17g$XB7mEHrJS',$,'Wall',$,$,#4347,#3941,$,$);
#3936=IFCMATERIALLAYERSETUSAGE(#3728,.AXIS2.,.POSITIVE.,0.,$);
#3937=IFCRELASSOCIATESMATERIAL('0h0Tg0iy56hPW6GwOOYP8G',$,$,$,(#3935),#3936);
#3941=IFCPRODUCTDEFINITIONSHAPE($,$,(#4392,#4389));
#3957=IFCPROPERTYSET('1gdW3dBizFEeugbzkXCGJp',$,'EPset_Parametric',$,(#3959));
#3958=IFCRELDEFINESBYPROPERTIES('2VJMxlIZbCEhNhdCtR9wHK',$,$,$,(#3935),#3957);
#3959=IFCPROPERTYSINGLEVALUE('Engine',$,IFCLABEL('Bonsai.DumbLayer2'),$);
#3960=IFCWALL('0$TPE1iIz7phDO1qtHTj18',$,'Wall',$,$,#4379,#3966,$,$);
#3961=IFCMATERIALLAYERSETUSAGE(#3728,.AXIS2.,.POSITIVE.,0.,$);
#3962=IFCRELASSOCIATESMATERIAL('0DhWuVqV16V8pLwWI$_EOW',$,$,$,(#3960),#3961);
#3966=IFCPRODUCTDEFINITIONSHAPE($,$,(#4879,#4876));
#3982=IFCPROPERTYSET('1bEVYz_V9ESRkpG4zgNUtt',$,'EPset_Parametric',$,(#3984));
#3983=IFCRELDEFINESBYPROPERTIES('0vsaCOljP6ygnN8x2Dld0E',$,$,$,(#3960),#3982);
#3984=IFCPROPERTYSINGLEVALUE('Engine',$,IFCLABEL('Bonsai.DumbLayer2'),$);
#4174=IFCRELCONNECTSPATHELEMENTS('1GCeAUjgL7XuuSFYi9MSBk',$,$,$,$,#3810,#3785,(),(),.ATEND.,.ATSTART.);
#4188=IFCCARTESIANPOINT((-3.2500004768372253,5.5225476543016336,0.));
#4189=IFCDIRECTION((0.,0.,1.));
#4190=IFCDIRECTION((7.5497901264043123E-08,-0.99999999999999722,0.));
#4191=IFCAXIS2PLACEMENT3D(#4188,#4189,#4190);
#4192=IFCLOCALPLACEMENT(#3715,#4191);
#4206=IFCRELCONNECTSPATHELEMENTS('3cCRworbzAd9JSerZBRFf6',$,$,$,$,#3835,#3810,(),(),.ATEND.,.ATSTART.);
#4220=IFCCARTESIANPOINT((-3.2499999408020668,-1.5774531364440918,0.));
#4221=IFCDIRECTION((0.,0.,1.));
#4222=IFCDIRECTION((1.,0.,0.));
#4223=IFCAXIS2PLACEMENT3D(#4220,#4221,#4222);
#4224=IFCLOCALPLACEMENT(#3715,#4223);
#4238=IFCRELCONNECTSPATHELEMENTS('0igVY7sEHEYgbHTE2voy0x',$,$,$,$,#3860,#3835,(),(),.ATEND.,.ATSTART.);
#4252=IFCCARTESIANPOINT((0.29999995231627374,-1.5774531364440918,0.));
#4253=IFCDIRECTION((0.,0.,1.));
#4254=IFCDIRECTION((-4.3711388286737889E-08,-0.99999999999999911,0.));
#4255=IFCAXIS2PLACEMENT3D(#4252,#4253,#4254);
#4256=IFCLOCALPLACEMENT(#3715,#4255);
#4257=IFCCARTESIANPOINTLIST2D(((0.,0.),(0.099999992450210171,0.10000000000000001),(3.6499998974894798,0.10000000000000001),(3.5499998931183407,0.)));
#4258=IFCINDEXEDPOLYCURVE(#4257,(IFCLINEINDEX((1,2,3,4,1))),$);
#4259=IFCARBITRARYCLOSEDPROFILEDEF(.AREA.,$,#4258);
#4260=IFCCARTESIANPOINT((0.,0.,0.));
#4261=IFCDIRECTION((0.,0.,1.));
#4262=IFCDIRECTION((1.,0.,0.));
#4263=IFCAXIS2PLACEMENT3D(#4260,#4261,#4262);
#4264=IFCDIRECTION((0.,0.,1.));
#4265=IFCEXTRUDEDAREASOLID(#4259,#4263,#4264,3.);
#4266=IFCSHAPEREPRESENTATION(#11,'Body','SweptSolid',(#4265));
#4267=IFCCARTESIANPOINTLIST2D(((0.,0.),(3.5499998931183407,0.)));
#4268=IFCINDEXEDPOLYCURVE(#4267,$,$);
#4269=IFCSHAPEREPRESENTATION(#23,'Axis','Curve2D',(#4268));
#4270=IFCRELCONNECTSPATHELEMENTS('1wn$RbjzX6GeX1piBvLeRJ',$,$,$,$,#3885,#3860,(),(),.ATEND.,.ATSTART.);
#4284=IFCCARTESIANPOINT((0.29999992608944492,-2.1774530410766602,0.));
#4285=IFCDIRECTION((0.,0.,1.));
#4286=IFCDIRECTION((1.,0.,0.));
#4287=IFCAXIS2PLACEMENT3D(#4284,#4285,#4286);
#4288=IFCLOCALPLACEMENT(#3715,#4287);
#4289=IFCCARTESIANPOINTLIST2D(((0.,0.),(-0.10000000437113893,0.10000000000000001),(0.49999990026142976,0.10000000000000001),(0.59999990463256869,0.)));
#4290=IFCINDEXEDPOLYCURVE(#4289,(IFCLINEINDEX((1,2,3,4,1))),$);
#4291=IFCARBITRARYCLOSEDPROFILEDEF(.AREA.,$,#4290);
#4292=IFCCARTESIANPOINT((0.,0.,0.));
#4293=IFCDIRECTION((0.,0.,1.));
#4294=IFCDIRECTION((1.,0.,0.));
#4295=IFCAXIS2PLACEMENT3D(#4292,#4293,#4294);
#4296=IFCDIRECTION((0.,0.,1.));
#4297=IFCEXTRUDEDAREASOLID(#4291,#4295,#4296,3.);
#4298=IFCSHAPEREPRESENTATION(#11,'Body','SweptSolid',(#4297));
#4299=IFCCARTESIANPOINTLIST2D(((0.,0.),(0.59999990463256869,0.)));
#4300=IFCINDEXEDPOLYCURVE(#4299,$,$);
#4301=IFCSHAPEREPRESENTATION(#23,'Axis','Curve2D',(#4300));
#4302=IFCRELCONNECTSPATHELEMENTS('0e_soRoMb7FRb4SWtZrMS0',$,$,$,$,#3910,#3885,(),(),.ATEND.,.ATSTART.);
#4316=IFCCARTESIANPOINTLIST2D(((0.,0.),(0.10000000437113894,0.10000000000000001),(1.6499999948351936,0.10000000000000001),(1.5499999785431235,0.)));
#4317=IFCINDEXEDPOLYCURVE(#4316,(IFCLINEINDEX((1,2,3,4,1))),$);
#4318=IFCARBITRARYCLOSEDPROFILEDEF(.AREA.,$,#4317);
#4319=IFCCARTESIANPOINT((0.,0.,0.));
#4320=IFCDIRECTION((0.,0.,1.));
#4321=IFCDIRECTION((1.,0.,0.));
#4322=IFCAXIS2PLACEMENT3D(#4319,#4320,#4321);
#4323=IFCDIRECTION((0.,0.,1.));
#4324=IFCEXTRUDEDAREASOLID(#4318,#4322,#4323,3.);
#4325=IFCSHAPEREPRESENTATION(#11,'Body','SweptSolid',(#4324));
#4326=IFCCARTESIANPOINTLIST2D(((0.,0.),(1.5499999785431235,0.)));
#4327=IFCINDEXEDPOLYCURVE(#4326,$,$);
#4328=IFCSHAPEREPRESENTATION(#23,'Axis','Curve2D',(#4327));
#4329=IFCRELCONNECTSPATHELEMENTS('14WH6zG$HASQ2vf8zuaZ2T',$,$,$,$,#3935,#3910,(),(),.ATEND.,.ATSTART.);
#4343=IFCCARTESIANPOINT((1.8499997580039365,-3.0774531364440918,0.));
#4344=IFCDIRECTION((0.,0.,1.));
#4345=IFCDIRECTION((1.,0.,0.));
#4346=IFCAXIS2PLACEMENT3D(#4343,#4344,#4345);
#4347=IFCLOCALPLACEMENT(#3715,#4346);
#4348=IFCCARTESIANPOINTLIST2D(((0.,0.),(-0.10000001629206982,0.10000000000000001),(0.80000007907537363,0.10000000000000001),(0.90000009536744341,0.)));
#4349=IFCINDEXEDPOLYCURVE(#4348,(IFCLINEINDEX((1,2,3,4,1))),$);
#4350=IFCARBITRARYCLOSEDPROFILEDEF(.AREA.,$,#4349);
#4351=IFCCARTESIANPOINT((0.,0.,0.));
#4352=IFCDIRECTION((0.,0.,1.));
#4353=IFCDIRECTION((1.,0.,0.));
#4354=IFCAXIS2PLACEMENT3D(#4351,#4352,#4353);
#4355=IFCDIRECTION((0.,0.,1.));
#4356=IFCEXTRUDEDAREASOLID(#4350,#4354,#4355,3.);
#4357=IFCSHAPEREPRESENTATION(#11,'Body','SweptSolid',(#4356));
#4358=IFCCARTESIANPOINTLIST2D(((0.,0.),(0.90000009536744341,0.)));
#4359=IFCINDEXEDPOLYCURVE(#4358,$,$);
#4360=IFCSHAPEREPRESENTATION(#23,'Axis','Curve2D',(#4359));
#4361=IFCRELCONNECTSPATHELEMENTS('2KfJddnw18kR7QpgxgmKh2',$,$,$,$,#3960,#3935,(),(),.ATEND.,.ATSTART.);
#4375=IFCCARTESIANPOINT((4.199999809265119,-3.0774531364440918,0.));
#4376=IFCDIRECTION((0.,0.,1.));
#4377=IFCDIRECTION((7.5497901264043123E-08,0.99999999999999722,0.));
#4378=IFCAXIS2PLACEMENT3D(#4375,#4376,#4377);
#4379=IFCLOCALPLACEMENT(#3715,#4378);
#4380=IFCCARTESIANPOINTLIST2D(((0.,0.),(0.10000001629206984,0.10000000000000001),(2.2500000588109725,0.10000000000000001),(2.3500000512611825,0.)));
#4381=IFCINDEXEDPOLYCURVE(#4380,(IFCLINEINDEX((1,2,3,4,1))),$);
#4382=IFCARBITRARYCLOSEDPROFILEDEF(.AREA.,$,#4381);
#4383=IFCCARTESIANPOINT((0.,0.,0.));
#4384=IFCDIRECTION((0.,0.,1.));
#4385=IFCDIRECTION((1.,0.,0.));
#4386=IFCAXIS2PLACEMENT3D(#4383,#4384,#4385);
#4387=IFCDIRECTION((0.,0.,1.));
#4388=IFCEXTRUDEDAREASOLID(#4382,#4386,#4387,3.);
#4389=IFCSHAPEREPRESENTATION(#11,'Body','SweptSolid',(#4388));
#4390=IFCCARTESIANPOINTLIST2D(((0.,0.),(2.3500000512611825,0.)));
#4391=IFCINDEXEDPOLYCURVE(#4390,$,$);
#4392=IFCSHAPEREPRESENTATION(#23,'Axis','Curve2D',(#4391));
#4393=IFCRELCONNECTSPATHELEMENTS('1NfMVxiJH94Pvs7N7JcMBc',$,$,$,$,#3960,#3733,(),(),.ATSTART.,.ATEND.);
#4420=IFCCARTESIANPOINT((4.2000005340449276,6.5225462869800994,0.));
#4421=IFCDIRECTION((0.,0.,1.));
#4422=IFCDIRECTION((-0.99999999999999623,8.7422776573475527E-08,0.));
#4423=IFCAXIS2PLACEMENT3D(#4420,#4421,#4422);
#4424=IFCLOCALPLACEMENT(#3715,#4423);
#4425=IFCWALL('19oRYSXYj0Z9ghqaxyIGqN',$,'Wall',$,$,#4436,#4431,$,$);
#4426=IFCMATERIALLAYERSETUSAGE(#3728,.AXIS2.,.POSITIVE.,0.,$);
#4427=IFCRELASSOCIATESMATERIAL('2OpR8utlzCR8oMQc3r2DZ8',$,$,$,(#4425),#4426);
#4431=IFCPRODUCTDEFINITIONSHAPE($,$,(#4810,#4807));
#4432=IFCCARTESIANPOINT((0.39999985694885254,-1.4774531126022339,0.));
#4433=IFCDIRECTION((0.,0.,1.));
#4434=IFCDIRECTION((7.5497901264043109E-08,0.99999999999999711,0.));
#4435=IFCAXIS2PLACEMENT3D(#4432,#4433,#4434);
#4436=IFCLOCALPLACEMENT(#3715,#4435);
#4447=IFCPROPERTYSET('03C6Kf5p51b9HOnNSriu1t',$,'EPset_Parametric',$,(#4449));
#4448=IFCRELDEFINESBYPROPERTIES('097r8sVuDBBugR_TZY68Il',$,$,$,(#4425),#4447);
#4449=IFCPROPERTYSINGLEVALUE('Engine',$,IFCLABEL('Bonsai.DumbLayer2'),$);
#4490=IFCRELCONNECTSPATHELEMENTS('03G8z1WDLB9ersrQ4MRRsL',$,$,$,$,#4425,#3733,(),(),.ATEND.,.ATEND.);
#4504=IFCCARTESIANPOINTLIST2D(((0.,0.),(0.09999999880751248,0.10000000000000001),(3.8000000719204126,0.10000000000000001),(3.9000000731129001,0.)));
#4505=IFCINDEXEDPOLYCURVE(#4504,(IFCLINEINDEX((1,2,3,4,1))),$);
#4506=IFCARBITRARYCLOSEDPROFILEDEF(.AREA.,$,#4505);
#4507=IFCCARTESIANPOINT((0.,0.,0.));
#4508=IFCDIRECTION((0.,0.,1.));
#4509=IFCDIRECTION((1.,0.,0.));
#4510=IFCAXIS2PLACEMENT3D(#4507,#4508,#4509);
#4511=IFCDIRECTION((0.,0.,1.));
#4512=IFCEXTRUDEDAREASOLID(#4506,#4510,#4511,3.);
#4513=IFCSHAPEREPRESENTATION(#11,'Body','SweptSolid',(#4512));
#4514=IFCCARTESIANPOINTLIST2D(((0.,0.),(3.8000000731129,0.)));
#4515=IFCINDEXEDPOLYCURVE(#4514,$,$);
#4516=IFCSHAPEREPRESENTATION(#23,'Axis','Curve2D',(#4515));
#4517=IFCRELCONNECTSPATHELEMENTS('1R8Z_VNev2t9ZswHAmdEhh',$,$,$,$,#3785,#4425,(),(),.ATPATH.,.ATSTART.);
#4518=IFCCARTESIANPOINTLIST2D(((0.10000000000000493,0.),(0.099999968608358317,0.10000000000000001),(3.5500008157803755,0.10000000000000001),(3.6500008622716131,0.)));
#4519=IFCINDEXEDPOLYCURVE(#4518,(IFCLINEINDEX((1,2,3,4,1))),$);
#4520=IFCARBITRARYCLOSEDPROFILEDEF(.AREA.,$,#4519);
#4521=IFCCARTESIANPOINT((0.,0.,0.));
#4522=IFCDIRECTION((0.,0.,1.));
#4523=IFCDIRECTION((1.,0.,0.));
#4524=IFCAXIS2PLACEMENT3D(#4521,#4522,#4523);
#4525=IFCDIRECTION((0.,0.,1.));
#4526=IFCEXTRUDEDAREASOLID(#4520,#4524,#4525,3.);
#4527=IFCSHAPEREPRESENTATION(#11,'Body','SweptSolid',(#4526));
#4528=IFCCARTESIANPOINTLIST2D(((0.,0.),(3.6500008622716131,0.)));
#4529=IFCINDEXEDPOLYCURVE(#4528,$,$);
#4530=IFCSHAPEREPRESENTATION(#23,'Axis','Curve2D',(#4529));
#4531=IFCCARTESIANPOINT((0.40000038543411198,5.5225462329388568,0.));
#4532=IFCDIRECTION((0.,0.,1.));
#4533=IFCDIRECTION((-0.99999999999992428,3.8941436741876494E-07,0.));
#4534=IFCAXIS2PLACEMENT3D(#4531,#4532,#4533);
#4535=IFCLOCALPLACEMENT(#3715,#4534);
#4549=IFCWALL('2njAoAFb19hxdtTAJgyCVI',$,'Wall',$,$,#4605,#4555,$,$);
#4550=IFCMATERIALLAYERSETUSAGE(#3728,.AXIS2.,.POSITIVE.,0.,$);
#4551=IFCRELASSOCIATESMATERIAL('3QSTnKSIrAVhXUVS7ZucZL',$,$,$,(#4549),#4550);
#4555=IFCPRODUCTDEFINITIONSHAPE($,$,(#4632,#4629));
#4571=IFCPROPERTYSET('2Q$O$i7nnByvrB7ujo6rdB',$,'EPset_Parametric',$,(#4573));
#4572=IFCRELDEFINESBYPROPERTIES('347P$Es1PCzQK3Mw8LnXRz',$,$,$,(#4549),#4571);
#4573=IFCPROPERTYSINGLEVALUE('Engine',$,IFCLABEL('Bonsai.DumbLayer2'),$);
#4587=IFCRELCONNECTSPATHELEMENTS('1$4k8fkbr4BubSHIsFbCID',$,$,$,$,#4549,#4425,(),(),.ATPATH.,.ATSTART.);
#4601=IFCCARTESIANPOINT((0.40000016744411082,2.6351811872019786,0.));
#4602=IFCDIRECTION((0.,0.,1.));
#4603=IFCDIRECTION((-0.99999999999999623,8.7422776573475527E-08,0.));
#4604=IFCAXIS2PLACEMENT3D(#4601,#4602,#4603);
#4605=IFCLOCALPLACEMENT(#3715,#4604);
#4619=IFCRELCONNECTSPATHELEMENTS('1DkDHlncf0MQoaFEyOzL71',$,$,$,$,#4549,#3810,(),(),.ATPATH.,.ATEND.);
#4620=IFCCARTESIANPOINTLIST2D(((0.10000000000000001,0.),(0.09999999880751248,0.10000000000000001),(3.5500004099991962,0.10000000000000001),(3.5500004262912639,0.)));
#4621=IFCINDEXEDPOLYCURVE(#4620,(IFCLINEINDEX((1,2,3,4,1))),$);
#4622=IFCARBITRARYCLOSEDPROFILEDEF(.AREA.,$,#4621);
#4623=IFCCARTESIANPOINT((0.,0.,0.));
#4624=IFCDIRECTION((0.,0.,1.));
#4625=IFCDIRECTION((1.,0.,0.));
#4626=IFCAXIS2PLACEMENT3D(#4623,#4624,#4625);
#4627=IFCDIRECTION((0.,0.,1.));
#4628=IFCEXTRUDEDAREASOLID(#4622,#4626,#4627,3.);
#4629=IFCSHAPEREPRESENTATION(#11,'Body','SweptSolid',(#4628));
#4630=IFCCARTESIANPOINTLIST2D(((0.,0.),(3.6500004262912653,0.)));
#4631=IFCINDEXEDPOLYCURVE(#4630,$,$);
#4632=IFCSHAPEREPRESENTATION(#23,'Axis','Curve2D',(#4631));
#4633=IFCCARTESIANPOINTLIST2D(((0.,0.),(0.10000004649123768,0.10000000000000001),(7.0000007982955346,0.10000000000000001),(7.100000790745745,0.)));
#4634=IFCINDEXEDPOLYCURVE(#4633,(IFCLINEINDEX((1,2,3,4,1))),$);
#4635=IFCARBITRARYCLOSEDPROFILEDEF(.AREA.,$,#4634);
#4636=IFCCARTESIANPOINT((0.,0.,0.));
#4637=IFCDIRECTION((0.,0.,1.));
#4638=IFCDIRECTION((1.,0.,0.));
#4639=IFCAXIS2PLACEMENT3D(#4636,#4637,#4638);
#4640=IFCDIRECTION((0.,0.,1.));
#4641=IFCEXTRUDEDAREASOLID(#4635,#4639,#4640,3.);
#4642=IFCSHAPEREPRESENTATION(#11,'Body','SweptSolid',(#4641));
#4643=IFCCARTESIANPOINTLIST2D(((0.,0.),(7.100000790745745,0.)));
#4644=IFCINDEXEDPOLYCURVE(#4643,$,$);
#4645=IFCSHAPEREPRESENTATION(#23,'Axis','Curve2D',(#4644));
#4646=IFCWALL('0Aq7Hgd4L7uuKyJTMPbcJx',$,'Wall',$,$,#4657,#4652,$,$);
#4647=IFCMATERIALLAYERSETUSAGE(#3728,.AXIS2.,.POSITIVE.,0.,$);
#4648=IFCRELASSOCIATESMATERIAL('1D1NpNGTL4c91LkNmzQXPi',$,$,$,(#4646),#4647);
#4652=IFCPRODUCTDEFINITIONSHAPE($,$,(#4697,#4694));
#4653=IFCCARTESIANPOINT((4.1446051597595215,5.0281672477722168,0.));
#4654=IFCDIRECTION((0.,0.,1.));
#4655=IFCDIRECTION((-0.99999999999999623,8.7422776573475527E-08,0.));
#4656=IFCAXIS2PLACEMENT3D(#4653,#4654,#4655);
#4657=IFCLOCALPLACEMENT(#3715,#4656);
#4668=IFCPROPERTYSET('1lG6S0gJ5AnOnkXArvTn79',$,'EPset_Parametric',$,(#4670));
#4669=IFCRELDEFINESBYPROPERTIES('02RqY$bmXC1ei0i5BASc5P',$,$,$,(#4646),#4668);
#4670=IFCPROPERTYSINGLEVALUE('Engine',$,IFCLABEL('Bonsai.DumbLayer2'),$);
#4684=IFCRELCONNECTSPATHELEMENTS('1QrjYdqaL6cBc9m5yZGMxU',$,$,$,$,#4646,#4425,(),(),.ATPATH.,.ATEND.);
#4685=IFCCARTESIANPOINTLIST2D(((0.,0.),(0.,0.10000000000000001),(3.7446048104574876,0.10000000000000001),(3.7446048116499751,0.)));
#4686=IFCINDEXEDPOLYCURVE(#4685,(IFCLINEINDEX((1,2,3,4,1))),$);
#4687=IFCARBITRARYCLOSEDPROFILEDEF(.AREA.,$,#4686);
#4688=IFCCARTESIANPOINT((0.,0.,0.));
#4689=IFCDIRECTION((0.,0.,1.));
#4690=IFCDIRECTION((1.,0.,0.));
#4691=IFCAXIS2PLACEMENT3D(#4688,#4689,#4690);
#4692=IFCDIRECTION((0.,0.,1.));
#4693=IFCEXTRUDEDAREASOLID(#4687,#4691,#4692,3.);
#4694=IFCSHAPEREPRESENTATION(#11,'Body','SweptSolid',(#4693));
#4695=IFCCARTESIANPOINTLIST2D(((0.,0.),(3.7446048116499751,0.)));
#4696=IFCINDEXEDPOLYCURVE(#4695,$,$);
#4697=IFCSHAPEREPRESENTATION(#23,'Axis','Curve2D',(#4696));
#4711=IFCSLABTYPE('1oydgy4Kb44vFazfnfic0I',$,'floor-2f',$,$,(#4715),$,$,$,.FLOOR.);
#4712=IFCMATERIALLAYERSET((#4714),$,$);
#4713=IFCRELASSOCIATESMATERIAL('1IQHVNTEf9UOQTEVq_xtwr',$,$,$,(#4711),#4712);
#4714=IFCMATERIALLAYER(#98,0.10000000000000001,$,$,$,$,$);
#4715=IFCPROPERTYSET('3J8fZc5_rDm9kIFbIu01jf',$,'EPset_Parametric',$,(#4716));
#4716=IFCPROPERTYSINGLEVALUE('LayerSetDirection',$,IFCLABEL('AXIS3'),$);
#4717=IFCSLAB('2m3pe$73L7SQGi6UicpCw1',$,'Slab',$,$,#4725,#4732,$,$);
#4718=IFCRELDEFINESBYTYPE('02SpM4TUPCFORQv7CYqnZc',$,$,$,(#4717),#4711);
#4719=IFCMATERIALLAYERSETUSAGE(#4712,.AXIS3.,.POSITIVE.,-0.10000000149011612,$);
#4720=IFCRELASSOCIATESMATERIAL('3$QHiFH3TF7PNc3zQkOg1G',$,$,$,(#4717),#4719);
#4721=IFCCARTESIANPOINT((4.2000007629394531,6.5225462913513184,0.));
#4722=IFCDIRECTION((0.,0.,1.));
#4723=IFCDIRECTION((1.,0.,0.));
#4724=IFCAXIS2PLACEMENT3D(#4721,#4722,#4723);
#4725=IFCLOCALPLACEMENT(#3715,#4724);
#4728=IFCDIRECTION((0.,0.,1.));
#4730=IFCEXTRUDEDAREASOLID(#4745,#4739,#4728,0.10000000000000001);
#4731=IFCSHAPEREPRESENTATION(#11,'Body','SweptSolid',(#4730));
#4732=IFCPRODUCTDEFINITIONSHAPE($,$,(#4731));
#4733=IFCPROPERTYSET('3XcioQQKLE0hXEHuovoT4G',$,'EPset_Parametric',$,(#4735));
#4734=IFCRELDEFINESBYPROPERTIES('3VtU4Utof67efb8TVX64k3',$,$,$,(#4717),#4733);
#4735=IFCPROPERTYSINGLEVALUE('Engine',$,IFCLABEL('Bonsai.DumbLayer3'),$);
#4736=IFCCARTESIANPOINT((-0.,-0.,-0.10000000149011612));
#4737=IFCDIRECTION((0.,0.,1.));
#4738=IFCDIRECTION((1.,0.,0.));
#4739=IFCAXIS2PLACEMENT3D(#4736,#4737,#4738);
#4743=IFCCARTESIANPOINTLIST2D(((-7.4500012397766113,-0.99999856948852539),(-7.4499998092651367,-9.5999994277954102),(-2.3500008583068848,-9.5999994277954102),(-2.3500008583068848,-9.5999994277954102),(-9.5367431640625E-07,-9.5999994277954102),(0.,0.),(-3.8999993801116943,0.),(-3.9000003337860107,-1.),(-7.4500012397766113,-0.99999856948852539)));
#4744=IFCINDEXEDPOLYCURVE(#4743,$,$);
#4745=IFCARBITRARYCLOSEDPROFILEDEF(.AREA.,$,#4744);
#4746=IFCWALL('3$810m7_zEWRWO$Wl7XBW7',$,'Wall',$,$,#4866,#4752,$,$);
#4747=IFCMATERIALLAYERSETUSAGE(#3728,.AXIS2.,.POSITIVE.,0.,$);
#4748=IFCRELASSOCIATESMATERIAL('1Jnd7xzHH1d8yTZQMSVFem',$,$,$,(#4746),#4747);
#4752=IFCPRODUCTDEFINITIONSHAPE($,$,(#4861,#4858));
#4768=IFCPROPERTYSET('3TIYDAPxn33esBM6nVFzPU',$,'EPset_Parametric',$,(#4770));
#4769=IFCRELDEFINESBYPROPERTIES('3SQ4VBS0T4ix8ucE2xDi9Z',$,$,$,(#4746),#4768);
#4770=IFCPROPERTYSINGLEVALUE('Engine',$,IFCLABEL('Bonsai.DumbLayer2'),$);
#4784=IFCRELCONNECTSPATHELEMENTS('1$d4ZNi75FOBBS4hGaUFpG',$,$,$,$,#4746,#4425,(),(),.ATPATH.,.ATEND.);
#4798=IFCCARTESIANPOINTLIST2D(((0.,0.),(0.,0.10000000000000001),(7.9999997329814008,0.10000000000000001),(7.8999997317889123,0.)));
#4799=IFCINDEXEDPOLYCURVE(#4798,(IFCLINEINDEX((1,2,3,4,1))),$);
#4800=IFCARBITRARYCLOSEDPROFILEDEF(.AREA.,$,#4799);
#4801=IFCCARTESIANPOINT((0.,0.,0.));
#4802=IFCDIRECTION((0.,0.,1.));
#4803=IFCDIRECTION((1.,0.,0.));
#4804=IFCAXIS2PLACEMENT3D(#4801,#4802,#4803);
#4805=IFCDIRECTION((0.,0.,1.));
#4806=IFCEXTRUDEDAREASOLID(#4800,#4804,#4805,3.);
#4807=IFCSHAPEREPRESENTATION(#11,'Body','SweptSolid',(#4806));
#4808=IFCCARTESIANPOINTLIST2D(((0.,0.),(7.9999997317889129,0.)));
#4809=IFCINDEXEDPOLYCURVE(#4808,$,$);
#4810=IFCSHAPEREPRESENTATION(#23,'Axis','Curve2D',(#4809));
#4848=IFCRELCONNECTSPATHELEMENTS('27X56o8urCmeonEQbfjBAm',$,$,$,$,#4746,#3960,(),(),.ATPATH.,.ATSTART.);
#4849=IFCCARTESIANPOINTLIST2D(((0.10000000000000001,0.),(0.09999999880751248,0.10000000000000001),(3.8000000719204126,0.10000000000000001),(3.8000000731129,0.)));
#4850=IFCINDEXEDPOLYCURVE(#4849,(IFCLINEINDEX((1,2,3,4,1))),$);
#4851=IFCARBITRARYCLOSEDPROFILEDEF(.AREA.,$,#4850);
#4852=IFCCARTESIANPOINT((0.,0.,0.));
#4853=IFCDIRECTION((0.,0.,1.));
#4854=IFCDIRECTION((1.,0.,0.));
#4855=IFCAXIS2PLACEMENT3D(#4852,#4853,#4854);
#4856=IFCDIRECTION((0.,0.,1.));
#4857=IFCEXTRUDEDAREASOLID(#4851,#4855,#4856,3.);
#4858=IFCSHAPEREPRESENTATION(#11,'Body','SweptSolid',(#4857));
#4859=IFCCARTESIANPOINTLIST2D(((0.,0.),(3.8000000731129,0.)));
#4860=IFCINDEXEDPOLYCURVE(#4859,$,$);
#4861=IFCSHAPEREPRESENTATION(#23,'Axis','Curve2D',(#4860));
#4862=IFCCARTESIANPOINT((4.2000000818477066,0.53301262164737429,0.));
#4863=IFCDIRECTION((0.,0.,1.));
#4864=IFCDIRECTION((-0.99999999999999623,8.7422776573475527E-08,0.));
#4865=IFCAXIS2PLACEMENT3D(#4862,#4863,#4864);
#4866=IFCLOCALPLACEMENT(#3715,#4865);
#4867=IFCCARTESIANPOINTLIST2D(((0.,0.),(0.099999992450210157,0.10000000000000001),(9.499999424616707,0.10000000000000001),(9.5999994234242187,0.)));
#4868=IFCINDEXEDPOLYCURVE(#4867,(IFCLINEINDEX((1,2,3,4,1))),$);
#4869=IFCARBITRARYCLOSEDPROFILEDEF(.AREA.,$,#4868);
#4870=IFCCARTESIANPOINT((0.,0.,0.));
#4871=IFCDIRECTION((0.,0.,1.));
#4872=IFCDIRECTION((1.,0.,0.));
#4873=IFCAXIS2PLACEMENT3D(#4870,#4871,#4872);
#4874=IFCDIRECTION((0.,0.,1.));
#4875=IFCEXTRUDEDAREASOLID(#4869,#4873,#4874,3.);
#4876=IFCSHAPEREPRESENTATION(#11,'Body','SweptSolid',(#4875));
#4877=IFCCARTESIANPOINTLIST2D(((0.,0.),(9.5999994234242187,0.)));
#4878=IFCINDEXEDPOLYCURVE(#4877,$,$);
#4879=IFCSHAPEREPRESENTATION(#23,'Axis','Curve2D',(#4878));
#4881=IFCDOORTYPE('3I0l5jlMf9Jwq7Si2gmJIe',$,'bedroom2-1-2f',$,$,(#4882),(#4891,#4969,#4988),$,$,.DOOR.,.SINGLE_SWING_LEFT.,$,$);
#4882=IFCPROPERTYSET('10PEVIoAD1fP5_bhc7FJpD',$,'BBIM_Door',$,(#4883));
#4883=IFCPROPERTYSINGLEVALUE('Data',$,IFCTEXT('{"door_type": "SINGLE_SWING_LEFT", "overall_height": 2.0, "overall_width": 0.8901262283325195, "lining_properties": {"lining_depth": 0.05000000074505806, "lining_thickness": 0.05000000074505806, "lining_offset": 0.0, "lining_to_panel_offset_x": 0.02500000037252903, "lining_to_panel_offset_y": 0.02500000037252903, "transom_thickness": 0.0, "casing_thickness": 0.07500000298023224, "casing_depth": 0.004999999888241291, "threshold_thickness": 0.02500000037252903, "threshold_depth": 0.10000000149011612, "threshold_offset": 0.0}, "panel_properties": {"panel_depth": 0.03500000014901161, "panel_width_ratio": 1.0}}'),$);
#4887=IFCCARTESIANPOINT((0.,0.,0.));
#4888=IFCDIRECTION((1.,0.,0.));
#4889=IFCDIRECTION((0.,0.,1.));
#4890=IFCAXIS2PLACEMENT3D(#4887,#4889,#4888);
#4891=IFCREPRESENTATIONMAP(#4890,#5205);
#4965=IFCCARTESIANPOINT((0.,0.,0.));
#4966=IFCDIRECTION((1.,0.,0.));
#4967=IFCDIRECTION((0.,0.,1.));
#4968=IFCAXIS2PLACEMENT3D(#4965,#4967,#4966);
#4969=IFCREPRESENTATIONMAP(#4968,#5278);
#4984=IFCCARTESIANPOINT((0.,0.,0.));
#4985=IFCDIRECTION((1.,0.,0.));
#4986=IFCDIRECTION((0.,0.,1.));
#4987=IFCAXIS2PLACEMENT3D(#4984,#4986,#4985);
#4988=IFCREPRESENTATIONMAP(#4987,#5292);
#4989=IFCDOOR('2l13TpoVn0Je$e39jzTaDC',$,'Door',$,$,#5317,#4998,$,2.,0.89012622833251953,$,.SINGLE_SWING_LEFT.,$);
#4990=IFCRELDEFINESBYTYPE('23h_6KIijFVxIhnE5YWe2L',$,$,$,(#4989),#4881);
#4991=IFCCARTESIANPOINT((0.,0.,0.));
#4992=IFCDIRECTION((1.,0.,0.));
#4993=IFCDIRECTION((0.,1.,0.));
#4994=IFCDIRECTION((0.,0.,1.));
#4995=IFCCARTESIANTRANSFORMATIONOPERATOR3D(#4992,#4993,#4991,1.,#4994);
#4996=IFCMAPPEDITEM(#4891,#4995);
#4997=IFCSHAPEREPRESENTATION(#18,'Profile','MappedRepresentation',(#4996));
#4998=IFCPRODUCTDEFINITIONSHAPE($,$,(#4997,#5005,#5012));
#4999=IFCCARTESIANPOINT((0.,0.,0.));
#5000=IFCDIRECTION((1.,0.,0.));
#5001=IFCDIRECTION((0.,1.,0.));
#5002=IFCDIRECTION((0.,0.,1.));
#5003=IFCCARTESIANTRANSFORMATIONOPERATOR3D(#5000,#5001,#4999,1.,#5002);
#5004=IFCMAPPEDITEM(#4969,#5003);
#5005=IFCSHAPEREPRESENTATION(#11,'Body','MappedRepresentation',(#5004));
#5006=IFCCARTESIANPOINT((0.,0.,0.));
#5007=IFCDIRECTION((1.,0.,0.));
#5008=IFCDIRECTION((0.,1.,0.));
#5009=IFCDIRECTION((0.,0.,1.));
#5010=IFCCARTESIANTRANSFORMATIONOPERATOR3D(#5007,#5008,#5006,1.,#5009);
#5011=IFCMAPPEDITEM(#4988,#5010);
#5012=IFCSHAPEREPRESENTATION(#24,'Body','MappedRepresentation',(#5011));
#5013=IFCOPENINGELEMENT('0vzryvq2b6rvGFv1fA733a',$,'Opening',$,$,#5312,#5041,$,.OPENING.);
#5029=IFCCARTESIANPOINT((0.,0.,0.));
#5030=IFCDIRECTION((1.,0.,0.));
#5031=IFCDIRECTION((0.,0.,1.));
#5032=IFCAXIS2PLACEMENT3D(#5029,#5031,#5030);
#5033=IFCREPRESENTATIONMAP(#5032,#5302);
#5034=IFCCARTESIANPOINT((0.,0.,0.));
#5035=IFCDIRECTION((1.,0.,0.));
#5036=IFCDIRECTION((0.,1.,0.));
#5037=IFCDIRECTION((0.,0.,1.));
#5038=IFCCARTESIANTRANSFORMATIONOPERATOR3D(#5035,#5036,#5034,1.,#5037);
#5039=IFCMAPPEDITEM(#5033,#5038);
#5040=IFCSHAPEREPRESENTATION(#11,'Body','MappedRepresentation',(#5039));
#5041=IFCPRODUCTDEFINITIONSHAPE($,$,(#5040));
#5042=IFCRELVOIDSELEMENT('1vp0YwhuD7JPT1SI$z49fC',$,$,$,#3885,#5013);
#5048=IFCRELFILLSELEMENT('0UcAGmw6n1feKQhVMvvn4v',$,$,$,#5013,#4989);
#5087=IFCCARTESIANPOINTLIST2D(((0.,0.),(0.,2.),(0.89012622833251953,2.),(0.89012622833251953,0.),(0.8651262279599905,0.),(0.8651262279599905,1.974999999627471),(0.02500000037252903,1.974999999627471),(0.02500000037252903,0.)));
#5088=IFCINDEXEDPOLYCURVE(#5087,(IFCLINEINDEX((1,2,3,4,5,6,7,8,1))),$);
#5089=IFCARBITRARYCLOSEDPROFILEDEF(.AREA.,$,#5088);
#5090=IFCCARTESIANPOINT((0.,0.02500000037252903,0.));
#5091=IFCDIRECTION((0.,-1.,0.));
#5092=IFCDIRECTION((1.,0.,0.));
#5093=IFCAXIS2PLACEMENT3D(#5090,#5091,#5092);
#5094=IFCDIRECTION((0.,0.,-1.));
#5095=IFCEXTRUDEDAREASOLID(#5089,#5093,#5094,0.02500000037252903);
#5096=IFCCARTESIANPOINTLIST2D(((0.,0.),(0.,2.),(0.89012622833251953,2.),(0.89012622833251953,0.),(0.84012622758746147,0.),(0.84012622758746147,1.9499999992549419),(0.05000000074505806,1.9499999992549419),(0.05000000074505806,0.)));
#5097=IFCINDEXEDPOLYCURVE(#5096,(IFCLINEINDEX((1,2,3,4,5,6,7,8,1))),$);
#5098=IFCARBITRARYCLOSEDPROFILEDEF(.AREA.,$,#5097);
#5099=IFCCARTESIANPOINT((0.,0.,0.));
#5100=IFCDIRECTION((0.,-1.,0.));
#5101=IFCDIRECTION((1.,0.,0.));
#5102=IFCAXIS2PLACEMENT3D(#5099,#5100,#5101);
#5103=IFCDIRECTION((0.,0.,-1.));
#5104=IFCEXTRUDEDAREASOLID(#5098,#5102,#5103,0.02500000037252903);
#5105=IFCCARTESIANPOINTLIST2D(((0.,0.),(0.79012622684240341,0.),(0.79012622684240341,0.10000000149011612),(0.,0.10000000149011612)));
#5106=IFCINDEXEDPOLYCURVE(#5105,(IFCLINEINDEX((1,2,3,4,1))),$);
#5107=IFCARBITRARYCLOSEDPROFILEDEF(.AREA.,$,#5106);
#5108=IFCCARTESIANPOINT((0.05000000074505806,0.,0.));
#5109=IFCDIRECTION((0.,0.,1.));
#5110=IFCDIRECTION((1.,0.,0.));
#5111=IFCAXIS2PLACEMENT3D(#5108,#5109,#5110);
#5112=IFCDIRECTION((0.,0.,1.));
#5113=IFCEXTRUDEDAREASOLID(#5107,#5111,#5112,0.02500000037252903);
#5114=IFCCARTESIANPOINTLIST2D(((0.,0.),(0.,2.0250000022351742),(0.94012623280286789,2.0250000022351742),(0.94012623280286789,0.),(0.86512622982263565,0.),(0.86512622982263565,1.9499999992549419),(0.075000002980232239,1.9499999992549419),(0.075000002980232239,0.)));
#5115=IFCINDEXEDPOLYCURVE(#5114,(IFCLINEINDEX((1,2,3,4,5,6,7,8,1))),$);
#5116=IFCARBITRARYCLOSEDPROFILEDEF(.AREA.,$,#5115);
#5117=IFCCARTESIANPOINT((-0.025000002235174179,-0.004999999888241291,0.));
#5118=IFCDIRECTION((0.,-1.,0.));
#5119=IFCDIRECTION((1.,0.,0.));
#5120=IFCAXIS2PLACEMENT3D(#5117,#5118,#5119);
#5121=IFCDIRECTION((0.,0.,-1.));
#5122=IFCEXTRUDEDAREASOLID(#5116,#5120,#5121,0.004999999888241291);
#5123=IFCCARTESIANPOINTLIST2D(((0.,0.),(0.,2.0250000022351742),(0.94012623280286789,2.0250000022351742),(0.94012623280286789,0.),(0.89012623019516468,0.),(0.89012623019516468,1.974999999627471),(0.050000002607703209,1.974999999627471),(0.050000002607703209,0.)));
#5124=IFCINDEXEDPOLYCURVE(#5123,(IFCLINEINDEX((1,2,3,4,5,6,7,8,1))),$);
#5125=IFCARBITRARYCLOSEDPROFILEDEF(.AREA.,$,#5124);
#5126=IFCCARTESIANPOINT((-0.025000002235174179,0.05000000074505806,0.));
#5127=IFCDIRECTION((0.,-1.,0.));
#5128=IFCDIRECTION((1.,0.,0.));
#5129=IFCAXIS2PLACEMENT3D(#5126,#5127,#5128);
#5130=IFCDIRECTION((0.,0.,-1.));
#5131=IFCEXTRUDEDAREASOLID(#5125,#5129,#5130,0.004999999888241291);
#5132=IFCCARTESIANPOINTLIST2D(((0.,0.),(0.84012622758746147,0.),(0.84012622758746147,0.035000000149011612),(0.,0.035000000149011612)));
#5133=IFCINDEXEDPOLYCURVE(#5132,(IFCLINEINDEX((1,2,3,4,1))),$);
#5134=IFCARBITRARYCLOSEDPROFILEDEF(.AREA.,$,#5133);
#5135=IFCCARTESIANPOINT((0.02500000037252903,0.02500000037252903,0.02500000037252903));
#5136=IFCDIRECTION((0.,0.,1.));
#5137=IFCDIRECTION((1.,0.,0.));
#5138=IFCAXIS2PLACEMENT3D(#5135,#5136,#5137);
#5139=IFCDIRECTION((0.,0.,1.));
#5140=IFCEXTRUDEDAREASOLID(#5134,#5138,#5139,1.9499999992549419);
#5141=IFCCARTESIANPOINTLIST2D(((0.,0.),(0.,-0.040000000000000001),(-0.11999999999999988,-0.040000000000000001),(-0.11999999999999988,-0.02),(-0.020000000000000018,-0.02),(-0.020000000000000018,0.)));
#5142=IFCINDEXEDPOLYCURVE(#5141,(IFCLINEINDEX((1,2,3,4,5,6,1))),$);
#5143=IFCARBITRARYCLOSEDPROFILEDEF(.AREA.,$,#5142);
#5144=IFCCARTESIANPOINT((0.81512622795999046,0.02500000037252903,1.015000000372529));
#5145=IFCDIRECTION((0.,0.,1.));
#5146=IFCDIRECTION((1.,0.,0.));
#5147=IFCAXIS2PLACEMENT3D(#5144,#5145,#5146);
#5148=IFCDIRECTION((0.,0.,1.));
#5149=IFCEXTRUDEDAREASOLID(#5143,#5147,#5148,0.02);
#5150=IFCEXTRUDEDAREASOLID(#5151,#5154,#5158,0.02);
#5151=IFCARBITRARYCLOSEDPROFILEDEF(.AREA.,$,#5152);
#5152=IFCINDEXEDPOLYCURVE(#5153,(IFCLINEINDEX((1,2,3,4,5,6,1))),$);
#5153=IFCCARTESIANPOINTLIST2D(((0.,0.),(0.,0.040000000000000008),(-0.11999999999999988,0.040000000000000008),(-0.11999999999999988,0.020000000000000004),(-0.020000000000000018,0.020000000000000004),(-0.020000000000000018,0.)));
#5154=IFCAXIS2PLACEMENT3D(#5155,#5156,#5157);
#5155=IFCCARTESIANPOINT((0.81512622795999046,0.060000000521540642,1.015000000372529));
#5156=IFCDIRECTION((0.,0.,1.));
#5157=IFCDIRECTION((1.,0.,0.));
#5158=IFCDIRECTION((0.,0.,1.));
#5160=IFCSHAPEREPRESENTATION(#11,'Body','SweptSolid',(#5122,#5241,#5232,#5095,#5250,#5104,#5223,#5113,#5214,#5131));
#5161=IFCSHAPEASPECT((#5160),'Lining',$,.T.,#4998);
#5162=IFCSHAPEREPRESENTATION(#11,'Body','SweptSolid',(#5149,#5140,#5268,#5150,#5259,#5269));
#5163=IFCSHAPEASPECT((#5162),'Framing',$,.T.,#4998);
#5203=IFCCARTESIANPOINTLIST3D(((0.,0.,0.),(0.89012622833251953,0.,0.),(0.89012622833251953,0.,2.),(0.,0.,2.)));
#5204=IFCINDEXEDPOLYCURVE(#5203,(IFCLINEINDEX((1,2,3,4,1))),$);
#5205=IFCSHAPEREPRESENTATION(#18,'Profile','Curve3D',(#5204));
#5206=IFCCARTESIANPOINTLIST2D(((0.,0.),(0.,2.),(0.89012622833251953,2.),(0.89012622833251953,0.),(0.8651262279599905,0.),(0.8651262279599905,1.974999999627471),(0.02500000037252903,1.974999999627471),(0.02500000037252903,0.)));
#5207=IFCINDEXEDPOLYCURVE(#5206,(IFCLINEINDEX((1,2,3,4,5,6,7,8,1))),$);
#5208=IFCARBITRARYCLOSEDPROFILEDEF(.AREA.,$,#5207);
#5209=IFCCARTESIANPOINT((0.,0.02500000037252903,0.));
#5210=IFCDIRECTION((0.,-1.,0.));
#5211=IFCDIRECTION((1.,0.,0.));
#5212=IFCAXIS2PLACEMENT3D(#5209,#5210,#5211);
#5213=IFCDIRECTION((0.,0.,-1.));
#5214=IFCEXTRUDEDAREASOLID(#5208,#5212,#5213,0.02500000037252903);
#5215=IFCCARTESIANPOINTLIST2D(((0.,0.),(0.,2.),(0.89012622833251953,2.),(0.89012622833251953,0.),(0.84012622758746147,0.),(0.84012622758746147,1.9499999992549419),(0.05000000074505806,1.9499999992549419),(0.05000000074505806,0.)));
#5216=IFCINDEXEDPOLYCURVE(#5215,(IFCLINEINDEX((1,2,3,4,5,6,7,8,1))),$);
#5217=IFCARBITRARYCLOSEDPROFILEDEF(.AREA.,$,#5216);
#5218=IFCCARTESIANPOINT((0.,0.,0.));
#5219=IFCDIRECTION((0.,-1.,0.));
#5220=IFCDIRECTION((1.,0.,0.));
#5221=IFCAXIS2PLACEMENT3D(#5218,#5219,#5220);
#5222=IFCDIRECTION((0.,0.,-1.));
#5223=IFCEXTRUDEDAREASOLID(#5217,#5221,#5222,0.02500000037252903);
#5224=IFCCARTESIANPOINTLIST2D(((0.,0.),(0.79012622684240341,0.),(0.79012622684240341,0.10000000149011612),(0.,0.10000000149011612)));
#5225=IFCINDEXEDPOLYCURVE(#5224,(IFCLINEINDEX((1,2,3,4,1))),$);
#5226=IFCARBITRARYCLOSEDPROFILEDEF(.AREA.,$,#5225);
#5227=IFCCARTESIANPOINT((0.05000000074505806,0.,0.));
#5228=IFCDIRECTION((0.,0.,1.));
#5229=IFCDIRECTION((1.,0.,0.));
#5230=IFCAXIS2PLACEMENT3D(#5227,#5228,#5229);
#5231=IFCDIRECTION((0.,0.,1.));
#5232=IFCEXTRUDEDAREASOLID(#5226,#5230,#5231,0.02500000037252903);
#5233=IFCCARTESIANPOINTLIST2D(((0.,0.),(0.,2.0250000022351742),(0.94012623280286789,2.0250000022351742),(0.94012623280286789,0.),(0.86512622982263565,0.),(0.86512622982263565,1.9499999992549419),(0.075000002980232239,1.9499999992549419),(0.075000002980232239,0.)));
#5234=IFCINDEXEDPOLYCURVE(#5233,(IFCLINEINDEX((1,2,3,4,5,6,7,8,1))),$);
#5235=IFCARBITRARYCLOSEDPROFILEDEF(.AREA.,$,#5234);
#5236=IFCCARTESIANPOINT((-0.025000002235174179,-0.004999999888241291,0.));
#5237=IFCDIRECTION((0.,-1.,0.));
#5238=IFCDIRECTION((1.,0.,0.));
#5239=IFCAXIS2PLACEMENT3D(#5236,#5237,#5238);
#5240=IFCDIRECTION((0.,0.,-1.));
#5241=IFCEXTRUDEDAREASOLID(#5235,#5239,#5240,0.004999999888241291);
#5242=IFCCARTESIANPOINTLIST2D(((0.,0.),(0.,2.0250000022351742),(0.94012623280286789,2.0250000022351742),(0.94012623280286789,0.),(0.89012623019516468,0.),(0.89012623019516468,1.974999999627471),(0.050000002607703209,1.974999999627471),(0.050000002607703209,0.)));
#5243=IFCINDEXEDPOLYCURVE(#5242,(IFCLINEINDEX((1,2,3,4,5,6,7,8,1))),$);
#5244=IFCARBITRARYCLOSEDPROFILEDEF(.AREA.,$,#5243);
#5245=IFCCARTESIANPOINT((-0.025000002235174179,0.05000000074505806,0.));
#5246=IFCDIRECTION((0.,-1.,0.));
#5247=IFCDIRECTION((1.,0.,0.));
#5248=IFCAXIS2PLACEMENT3D(#5245,#5246,#5247);
#5249=IFCDIRECTION((0.,0.,-1.));
#5250=IFCEXTRUDEDAREASOLID(#5244,#5248,#5249,0.004999999888241291);
#5251=IFCCARTESIANPOINTLIST2D(((0.,0.),(0.84012622758746147,0.),(0.84012622758746147,0.035000000149011612),(0.,0.035000000149011612)));
#5252=IFCINDEXEDPOLYCURVE(#5251,(IFCLINEINDEX((1,2,3,4,1))),$);
#5253=IFCARBITRARYCLOSEDPROFILEDEF(.AREA.,$,#5252);
#5254=IFCCARTESIANPOINT((0.02500000037252903,0.02500000037252903,0.02500000037252903));
#5255=IFCDIRECTION((0.,0.,1.));
#5256=IFCDIRECTION((1.,0.,0.));
#5257=IFCAXIS2PLACEMENT3D(#5254,#5255,#5256);
#5258=IFCDIRECTION((0.,0.,1.));
#5259=IFCEXTRUDEDAREASOLID(#5253,#5257,#5258,1.9499999992549419);
#5260=IFCCARTESIANPOINTLIST2D(((0.,0.),(0.,-0.040000000000000001),(-0.11999999999999988,-0.040000000000000001),(-0.11999999999999988,-0.02),(-0.020000000000000018,-0.02),(-0.020000000000000018,0.)));
#5261=IFCINDEXEDPOLYCURVE(#5260,(IFCLINEINDEX((1,2,3,4,5,6,1))),$);
#5262=IFCARBITRARYCLOSEDPROFILEDEF(.AREA.,$,#5261);
#5263=IFCCARTESIANPOINT((0.81512622795999046,0.02500000037252903,1.015000000372529));
#5264=IFCDIRECTION((0.,0.,1.));
#5265=IFCDIRECTION((1.,0.,0.));
#5266=IFCAXIS2PLACEMENT3D(#5263,#5264,#5265);
#5267=IFCDIRECTION((0.,0.,1.));
#5268=IFCEXTRUDEDAREASOLID(#5262,#5266,#5267,0.02);
#5269=IFCEXTRUDEDAREASOLID(#5270,#5273,#5277,0.02);
#5270=IFCARBITRARYCLOSEDPROFILEDEF(.AREA.,$,#5271);
#5271=IFCINDEXEDPOLYCURVE(#5272,(IFCLINEINDEX((1,2,3,4,5,6,1))),$);
#5272=IFCCARTESIANPOINTLIST2D(((0.,0.),(0.,0.040000000000000008),(-0.11999999999999988,0.040000000000000008),(-0.11999999999999988,0.020000000000000004),(-0.020000000000000018,0.020000000000000004),(-0.020000000000000018,0.)));
#5273=IFCAXIS2PLACEMENT3D(#5274,#5275,#5276);
#5274=IFCCARTESIANPOINT((0.81512622795999046,0.060000000521540642,1.015000000372529));
#5275=IFCDIRECTION((0.,0.,1.));
#5276=IFCDIRECTION((1.,0.,0.));
#5277=IFCDIRECTION((0.,0.,1.));
#5278=IFCSHAPEREPRESENTATION(#11,'Body','SweptSolid',(#5214,#5223,#5259,#5268,#5269,#5232,#5241,#5250));
#5279=IFCCARTESIANPOINTLIST2D(((0.,0.),(0.,0.05000000074505806),(0.02500000037252903,0.05000000074505806),(0.02500000037252903,0.02500000037252903),(0.05000000074505806,0.02500000037252903),(0.05000000074505806,0.)));
#5280=IFCINDEXEDPOLYCURVE(#5279,(IFCLINEINDEX((1,2,3,4,5,6,1))),$);
#5281=IFCINDEXEDPOLYCURVE(#5282,(IFCLINEINDEX((1,2,3,4,5,6,1))),$);
#5282=IFCCARTESIANPOINTLIST2D(((0.89012622833251953,0.),(0.89012622833251953,0.05000000074505806),(0.8651262279599905,0.05000000074505806),(0.8651262279599905,0.02500000037252903),(0.84012622758746147,0.02500000037252903),(0.84012622758746147,0.)));
#5283=IFCDIRECTION((1.,0.));
#5284=IFCCARTESIANPOINT((0.060000000521540642,0.05000000074505806));
#5285=IFCAXIS2PLACEMENT2D(#5284,#5283);
#5286=IFCELLIPSE(#5285,0.80512622743844986,0.84012622758746147);
#5287=IFCCARTESIANPOINT((0.8651262279599905,0.05000000074505806));
#5288=IFCCARTESIANPOINT((0.060000000521540642,0.89012622833251953));
#5289=IFCTRIMMEDCURVE(#5286,(#5287),(#5288),.T.,.CARTESIAN.);
#5290=IFCCARTESIANPOINTLIST2D(((0.02500000037252903,0.05000000074505806),(0.060000000521540642,0.05000000074505806),(0.060000000521540642,0.89012622833251953),(0.02500000037252903,0.89012622833251953)));
#5291=IFCINDEXEDPOLYCURVE(#5290,(IFCLINEINDEX((1,2,3,4,1))),$);
#5292=IFCSHAPEREPRESENTATION(#24,'Body','Curve2D',(#5280,#5281,#5289,#5291));
#5293=IFCCARTESIANPOINTLIST2D(((0.,0.),(0.89012622833251953,0.),(0.89012622833251953,2.),(0.,2.)));
#5294=IFCINDEXEDPOLYCURVE(#5293,(IFCLINEINDEX((1,2,3,4,1))),$);
#5295=IFCARBITRARYCLOSEDPROFILEDEF(.AREA.,$,#5294);
#5296=IFCCARTESIANPOINT((0.,-0.60000002384185791,0.));
#5297=IFCDIRECTION((0.,-1.,0.));
#5298=IFCDIRECTION((1.,0.,0.));
#5299=IFCAXIS2PLACEMENT3D(#5296,#5297,#5298);
#5300=IFCDIRECTION((0.,0.,-1.));
#5301=IFCEXTRUDEDAREASOLID(#5295,#5299,#5300,1.2);
#5302=IFCSHAPEREPRESENTATION(#11,'Body','SweptSolid',(#5301));
#5308=IFCCARTESIANPOINT((0.20783033609469814,0.0149993896484375,0.));
#5309=IFCDIRECTION((0.,0.,1.));
#5310=IFCDIRECTION((0.99999999999988631,-4.7683715820307079E-07,0.));
#5311=IFCAXIS2PLACEMENT3D(#5308,#5309,#5310);
#5312=IFCLOCALPLACEMENT(#4288,#5311);
#5313=IFCCARTESIANPOINT((0.,0.,0.));
#5314=IFCDIRECTION((0.,0.,1.));
#5315=IFCDIRECTION((1.,0.,0.));
#5316=IFCAXIS2PLACEMENT3D(#5313,#5314,#5315);
#5317=IFCLOCALPLACEMENT(#5312,#5316);
#5318=IFCDOORTYPE('3xp8nLGsr58gVkS3eapUpS',$,'bedroom2-2-2f',$,$,(#5319),(#5321,#5329,#5407),$,$,.DOOR.,.SINGLE_SWING_LEFT.,$,$);
#5319=IFCPROPERTYSET('1zsCyFAXHEnuIFtqdZgRzL',$,'BBIM_Door',$,(#5320));
#5320=IFCPROPERTYSINGLEVALUE('Data',$,IFCTEXT('{"door_type": "SINGLE_SWING_RIGHT", "overall_height": 2.0, "overall_width": 0.8968583345413208, "lining_properties": {"lining_depth": 0.05000000074505806, "lining_thickness": 0.05000000074505806, "lining_offset": 0.0, "lining_to_panel_offset_x": 0.02500000037252903, "lining_to_panel_offset_y": 0.02500000037252903, "transom_thickness": 0.0, "casing_thickness": 0.07500000298023224, "casing_depth": 0.004999999888241291, "threshold_thickness": 0.02500000037252903, "threshold_depth": 0.10000000149011612, "threshold_offset": 0.0}, "panel_properties": {"panel_depth": 0.03500000014901161, "panel_width_ratio": 1.0}}'),$);
#5321=IFCREPRESENTATIONMAP(#5322,#5553);
#5322=IFCAXIS2PLACEMENT3D(#5323,#5324,#5325);
#5323=IFCCARTESIANPOINT((0.,0.,0.));
#5324=IFCDIRECTION((0.,0.,1.));
#5325=IFCDIRECTION((1.,0.,0.));
#5329=IFCREPRESENTATIONMAP(#5330,#5626);
#5330=IFCAXIS2PLACEMENT3D(#5331,#5332,#5333);
#5331=IFCCARTESIANPOINT((0.,0.,0.));
#5332=IFCDIRECTION((0.,0.,1.));
#5333=IFCDIRECTION((1.,0.,0.));
#5407=IFCREPRESENTATIONMAP(#5408,#5644);
#5408=IFCAXIS2PLACEMENT3D(#5409,#5410,#5411);
#5409=IFCCARTESIANPOINT((0.,0.,0.));
#5410=IFCDIRECTION((0.,0.,1.));
#5411=IFCDIRECTION((1.,0.,0.));
#5426=IFCDOOR('3YZlHCBdvAXxjZCJoe$X78',$,'Door',$,$,#9049,#5435,$,2.,0.8968583345413208,$,.SINGLE_SWING_RIGHT.,$);
#5427=IFCRELDEFINESBYTYPE('3HjOCRssb959o201N0AoYV',$,$,$,(#5426),#5318);
#5428=IFCCARTESIANPOINT((0.,0.,0.));
#5429=IFCDIRECTION((1.,0.,0.));
#5430=IFCDIRECTION((0.,1.,0.));
#5431=IFCDIRECTION((0.,0.,1.));
#5432=IFCCARTESIANTRANSFORMATIONOPERATOR3D(#5429,#5430,#5428,1.,#5431);
#5433=IFCMAPPEDITEM(#5321,#5432);
#5434=IFCSHAPEREPRESENTATION(#18,'Profile','MappedRepresentation',(#5433));
#5435=IFCPRODUCTDEFINITIONSHAPE($,$,(#5434,#5442,#5449));
#5436=IFCCARTESIANPOINT((0.,0.,0.));
#5437=IFCDIRECTION((1.,0.,0.));
#5438=IFCDIRECTION((0.,1.,0.));
#5439=IFCDIRECTION((0.,0.,1.));
#5440=IFCCARTESIANTRANSFORMATIONOPERATOR3D(#5437,#5438,#5436,1.,#5439);
#5441=IFCMAPPEDITEM(#5329,#5440);
#5442=IFCSHAPEREPRESENTATION(#11,'Body','MappedRepresentation',(#5441));
#5443=IFCCARTESIANPOINT((0.,0.,0.));
#5444=IFCDIRECTION((1.,0.,0.));
#5445=IFCDIRECTION((0.,1.,0.));
#5446=IFCDIRECTION((0.,0.,1.));
#5447=IFCCARTESIANTRANSFORMATIONOPERATOR3D(#5444,#5445,#5443,1.,#5446);
#5448=IFCMAPPEDITEM(#5407,#5447);
#5449=IFCSHAPEREPRESENTATION(#24,'Body','MappedRepresentation',(#5448));
#5450=IFCOPENINGELEMENT('05WOvA6C59SgYuIvU7MjB0',$,'Opening',$,$,#5664,#5478,$,.OPENING.);
#5466=IFCCARTESIANPOINT((0.,0.,0.));
#5467=IFCDIRECTION((1.,0.,0.));
#5468=IFCDIRECTION((0.,0.,1.));
#5469=IFCAXIS2PLACEMENT3D(#5466,#5468,#5467);
#5470=IFCREPRESENTATIONMAP(#5469,#5654);
#5471=IFCCARTESIANPOINT((0.,0.,0.));
#5472=IFCDIRECTION((1.,0.,0.));
#5473=IFCDIRECTION((0.,1.,0.));
#5474=IFCDIRECTION((0.,0.,1.));
#5475=IFCCARTESIANTRANSFORMATIONOPERATOR3D(#5472,#5473,#5471,1.,#5474);
#5476=IFCMAPPEDITEM(#5470,#5475);
#5477=IFCSHAPEREPRESENTATION(#11,'Body','MappedRepresentation',(#5476));
#5478=IFCPRODUCTDEFINITIONSHAPE($,$,(#5477));
#5479=IFCRELVOIDSELEMENT('0V$olZbCv9rv0xyqMmXcaj',$,$,$,#4746,#5450);
#5485=IFCRELFILLSELEMENT('0bdIgrBujCCQNZl9h$z1nj',$,$,$,#5450,#5426);
#5551=IFCCARTESIANPOINTLIST3D(((0.,0.,0.),(0.8968583345413208,0.,0.),(0.8968583345413208,0.,2.),(0.,0.,2.)));
#5552=IFCINDEXEDPOLYCURVE(#5551,(IFCLINEINDEX((1,2,3,4,1))),$);
#5553=IFCSHAPEREPRESENTATION(#18,'Profile','Curve3D',(#5552));
#5554=IFCCARTESIANPOINTLIST2D(((0.,0.),(0.,2.),(0.8968583345413208,2.),(0.8968583345413208,0.),(0.87185833416879177,0.),(0.87185833416879177,1.974999999627471),(0.02500000037252903,1.974999999627471),(0.02500000037252903,0.)));
#5555=IFCINDEXEDPOLYCURVE(#5554,(IFCLINEINDEX((1,2,3,4,5,6,7,8,1))),$);
#5556=IFCARBITRARYCLOSEDPROFILEDEF(.AREA.,$,#5555);
#5557=IFCCARTESIANPOINT((0.,0.02500000037252903,0.));
#5558=IFCDIRECTION((0.,-1.,0.));
#5559=IFCDIRECTION((1.,0.,0.));
#5560=IFCAXIS2PLACEMENT3D(#5557,#5558,#5559);
#5561=IFCDIRECTION((0.,0.,-1.));
#5562=IFCEXTRUDEDAREASOLID(#5556,#5560,#5561,0.02500000037252903);
#5563=IFCCARTESIANPOINTLIST2D(((0.,0.),(0.,2.),(0.8968583345413208,2.),(0.8968583345413208,0.),(0.84685833379626274,0.),(0.84685833379626274,1.9499999992549419),(0.05000000074505806,1.9499999992549419),(0.05000000074505806,0.)));
#5564=IFCINDEXEDPOLYCURVE(#5563,(IFCLINEINDEX((1,2,3,4,5,6,7,8,1))),$);
#5565=IFCARBITRARYCLOSEDPROFILEDEF(.AREA.,$,#5564);
#5566=IFCCARTESIANPOINT((0.,0.,0.));
#5567=IFCDIRECTION((0.,-1.,0.));
#5568=IFCDIRECTION((1.,0.,0.));
#5569=IFCAXIS2PLACEMENT3D(#5566,#5567,#5568);
#5570=IFCDIRECTION((0.,0.,-1.));
#5571=IFCEXTRUDEDAREASOLID(#5565,#5569,#5570,0.02500000037252903);
#5572=IFCCARTESIANPOINTLIST2D(((0.,0.),(0.79685833305120468,0.),(0.79685833305120468,0.10000000149011612),(0.,0.10000000149011612)));
#5573=IFCINDEXEDPOLYCURVE(#5572,(IFCLINEINDEX((1,2,3,4,1))),$);
#5574=IFCARBITRARYCLOSEDPROFILEDEF(.AREA.,$,#5573);
#5575=IFCCARTESIANPOINT((0.05000000074505806,0.,0.));
#5576=IFCDIRECTION((0.,0.,1.));
#5577=IFCDIRECTION((1.,0.,0.));
#5578=IFCAXIS2PLACEMENT3D(#5575,#5576,#5577);
#5579=IFCDIRECTION((0.,0.,1.));
#5580=IFCEXTRUDEDAREASOLID(#5574,#5578,#5579,0.02500000037252903);
#5581=IFCCARTESIANPOINTLIST2D(((0.,0.),(0.,2.0250000022351742),(0.94685833901166916,2.0250000022351742),(0.94685833901166916,0.),(0.87185833603143692,0.),(0.87185833603143692,1.9499999992549419),(0.075000002980232239,1.9499999992549419),(0.075000002980232239,0.)));
#5582=IFCINDEXEDPOLYCURVE(#5581,(IFCLINEINDEX((1,2,3,4,5,6,7,8,1))),$);
#5583=IFCARBITRARYCLOSEDPROFILEDEF(.AREA.,$,#5582);
#5584=IFCCARTESIANPOINT((-0.025000002235174179,-0.004999999888241291,0.));
#5585=IFCDIRECTION((0.,-1.,0.));
#5586=IFCDIRECTION((1.,0.,0.));
#5587=IFCAXIS2PLACEMENT3D(#5584,#5585,#5586);
#5588=IFCDIRECTION((0.,0.,-1.));
#5589=IFCEXTRUDEDAREASOLID(#5583,#5587,#5588,0.004999999888241291);
#5590=IFCCARTESIANPOINTLIST2D(((0.,0.),(0.,2.0250000022351742),(0.94685833901166916,2.0250000022351742),(0.94685833901166916,0.),(0.89685833640396595,0.),(0.89685833640396595,1.974999999627471),(0.050000002607703209,1.974999999627471),(0.050000002607703209,0.)));
#5591=IFCINDEXEDPOLYCURVE(#5590,(IFCLINEINDEX((1,2,3,4,5,6,7,8,1))),$);
#5592=IFCARBITRARYCLOSEDPROFILEDEF(.AREA.,$,#5591);
#5593=IFCCARTESIANPOINT((-0.025000002235174179,0.05000000074505806,0.));
#5594=IFCDIRECTION((0.,-1.,0.));
#5595=IFCDIRECTION((1.,0.,0.));
#5596=IFCAXIS2PLACEMENT3D(#5593,#5594,#5595);
#5597=IFCDIRECTION((0.,0.,-1.));
#5598=IFCEXTRUDEDAREASOLID(#5592,#5596,#5597,0.004999999888241291);
#5599=IFCCARTESIANPOINTLIST2D(((0.,0.),(0.84685833379626274,0.),(0.84685833379626274,0.035000000149011612),(0.,0.035000000149011612)));
#5600=IFCINDEXEDPOLYCURVE(#5599,(IFCLINEINDEX((1,2,3,4,1))),$);
#5601=IFCARBITRARYCLOSEDPROFILEDEF(.AREA.,$,#5600);
#5602=IFCCARTESIANPOINT((0.02500000037252903,0.02500000037252903,0.02500000037252903));
#5603=IFCDIRECTION((0.,0.,1.));
#5604=IFCDIRECTION((1.,0.,0.));
#5605=IFCAXIS2PLACEMENT3D(#5602,#5603,#5604);
#5606=IFCDIRECTION((0.,0.,1.));
#5607=IFCEXTRUDEDAREASOLID(#5601,#5605,#5606,1.9499999992549419);
#5608=IFCCARTESIANPOINTLIST2D(((0.,0.),(0.,-0.040000000000000001),(0.12,-0.040000000000000001),(0.12,-0.02),(0.02,-0.02),(0.02,0.)));
#5609=IFCINDEXEDPOLYCURVE(#5608,(IFCLINEINDEX((1,2,3,4,5,6,1))),$);
#5610=IFCARBITRARYCLOSEDPROFILEDEF(.AREA.,$,#5609);
#5611=IFCCARTESIANPOINT((0.075000000372529033,0.02500000037252903,1.015000000372529));
#5612=IFCDIRECTION((0.,0.,1.));
#5613=IFCDIRECTION((1.,0.,0.));
#5614=IFCAXIS2PLACEMENT3D(#5611,#5612,#5613);
#5615=IFCDIRECTION((0.,0.,1.));
#5616=IFCEXTRUDEDAREASOLID(#5610,#5614,#5615,0.02);
#5617=IFCEXTRUDEDAREASOLID(#5618,#5621,#5625,0.02);
#5618=IFCARBITRARYCLOSEDPROFILEDEF(.AREA.,$,#5619);
#5619=IFCINDEXEDPOLYCURVE(#5620,(IFCLINEINDEX((1,2,3,4,5,6,1))),$);
#5620=IFCCARTESIANPOINTLIST2D(((0.,0.),(0.,0.040000000000000008),(0.11999999999999998,0.040000000000000008),(0.11999999999999998,0.020000000000000004),(0.020000000000000004,0.020000000000000004),(0.020000000000000004,0.)));
#5621=IFCAXIS2PLACEMENT3D(#5622,#5623,#5624);
#5622=IFCCARTESIANPOINT((0.075000000372529033,0.060000000521540642,1.015000000372529));
#5623=IFCDIRECTION((0.,0.,1.));
#5624=IFCDIRECTION((1.,0.,0.));
#5625=IFCDIRECTION((0.,0.,1.));
#5626=IFCSHAPEREPRESENTATION(#11,'Body','SweptSolid',(#5562,#5571,#5607,#5616,#5617,#5580,#5589,#5598));
#5627=IFCSHAPEREPRESENTATION(#11,'Body','SweptSolid',(#5562,#5571,#5580,#5589,#5598));
#5628=IFCSHAPEASPECT((#5627),'Lining',$,.T.,#5435);
#5629=IFCSHAPEREPRESENTATION(#11,'Body','SweptSolid',(#5607,#5616,#5617));
#5630=IFCSHAPEASPECT((#5629),'Framing',$,.T.,#5435);
#5631=IFCCARTESIANPOINTLIST2D(((0.,0.),(0.,0.05000000074505806),(0.02500000037252903,0.05000000074505806),(0.02500000037252903,0.02500000037252903),(0.05000000074505806,0.02500000037252903),(0.05000000074505806,0.)));
#5632=IFCINDEXEDPOLYCURVE(#5631,(IFCLINEINDEX((1,2,3,4,5,6,1))),$);
#5633=IFCINDEXEDPOLYCURVE(#5634,(IFCLINEINDEX((1,2,3,4,5,6,1))),$);
#5634=IFCCARTESIANPOINTLIST2D(((0.8968583345413208,0.),(0.8968583345413208,0.05000000074505806),(0.87185833416879177,0.05000000074505806),(0.87185833416879177,0.02500000037252903),(0.84685833379626274,0.02500000037252903),(0.84685833379626274,0.)));
#5635=IFCDIRECTION((1.,0.));
#5636=IFCCARTESIANPOINT((0.83685833401978016,0.05000000074505806));
#5637=IFCAXIS2PLACEMENT2D(#5636,#5635);
#5638=IFCELLIPSE(#5637,0.81185833364725113,0.84685833379626274);
#5639=IFCCARTESIANPOINT((0.83685833401978016,0.8968583345413208));
#5640=IFCCARTESIANPOINT((0.02500000037252903,0.05000000074505806));
#5641=IFCTRIMMEDCURVE(#5638,(#5639),(#5640),.T.,.CARTESIAN.);
#5642=IFCCARTESIANPOINTLIST2D(((0.87185833416879177,0.05000000074505806),(0.83685833401978016,0.05000000074505806),(0.83685833401978016,0.8968583345413208),(0.87185833416879177,0.8968583345413208)));
#5643=IFCINDEXEDPOLYCURVE(#5642,(IFCLINEINDEX((1,2,3,4,1))),$);
#5644=IFCSHAPEREPRESENTATION(#24,'Body','Curve2D',(#5632,#5633,#5641,#5643));
#5645=IFCCARTESIANPOINTLIST2D(((0.,0.),(0.8968583345413208,0.),(0.8968583345413208,2.),(0.,2.)));
#5646=IFCINDEXEDPOLYCURVE(#5645,(IFCLINEINDEX((1,2,3,4,1))),$);
#5647=IFCARBITRARYCLOSEDPROFILEDEF(.AREA.,$,#5646);
#5648=IFCCARTESIANPOINT((0.,-0.60000002384185791,0.));
#5649=IFCDIRECTION((0.,-1.,0.));
#5650=IFCDIRECTION((1.,0.,0.));
#5651=IFCAXIS2PLACEMENT3D(#5648,#5649,#5650);
#5652=IFCDIRECTION((0.,0.,-1.));
#5653=IFCEXTRUDEDAREASOLID(#5647,#5651,#5652,1.2);
#5654=IFCSHAPEREPRESENTATION(#11,'Body','SweptSolid',(#5653));
#5660=IFCCARTESIANPOINT((3.6914619474712635,0.085000294352257699,0.));
#5661=IFCDIRECTION((0.,0.,1.));
#5662=IFCDIRECTION((-0.99999999999980282,6.2783296073104869E-07,0.));
#5663=IFCAXIS2PLACEMENT3D(#5660,#5661,#5662);
#5664=IFCLOCALPLACEMENT(#4866,#5663);
#5670=IFCDOORTYPE('1dYlbRI35FX8Aw6A8ZnuXo',$,'masters-2f',$,$,(#5671),(#5680,#5758,#5777),$,$,.DOOR.,.SINGLE_SWING_LEFT.,$,$);
#5671=IFCPROPERTYSET('0$YFIJTzT0TRiwa6alY0_G',$,'BBIM_Door',$,(#5672));
#5672=IFCPROPERTYSINGLEVALUE('Data',$,IFCTEXT('{"door_type": "SINGLE_SWING_RIGHT", "overall_height": 2.0, "overall_width": 0.800000011920929, "lining_properties": {"lining_depth": 0.05000000074505806, "lining_thickness": 0.05000000074505806, "lining_offset": 0.0, "lining_to_panel_offset_x": 0.02500000037252903, "lining_to_panel_offset_y": 0.02500000037252903, "transom_thickness": 0.0, "casing_thickness": 0.07500000298023224, "casing_depth": 0.004999999888241291, "threshold_thickness": 0.02500000037252903, "threshold_depth": 0.10000000149011612, "threshold_offset": 0.0}, "panel_properties": {"panel_depth": 0.03500000014901161, "panel_width_ratio": 1.0}}'),$);
#5676=IFCCARTESIANPOINT((0.,0.,0.));
#5677=IFCDIRECTION((1.,0.,0.));
#5678=IFCDIRECTION((0.,0.,1.));
#5679=IFCAXIS2PLACEMENT3D(#5676,#5678,#5677);
#5680=IFCREPRESENTATIONMAP(#5679,#6483);
#5754=IFCCARTESIANPOINT((0.,0.,0.));
#5755=IFCDIRECTION((1.,0.,0.));
#5756=IFCDIRECTION((0.,0.,1.));
#5757=IFCAXIS2PLACEMENT3D(#5754,#5756,#5755);
#5758=IFCREPRESENTATIONMAP(#5757,#6556);
#5773=IFCCARTESIANPOINT((0.,0.,0.));
#5774=IFCDIRECTION((1.,0.,0.));
#5775=IFCDIRECTION((0.,0.,1.));
#5776=IFCAXIS2PLACEMENT3D(#5773,#5775,#5774);
#5777=IFCREPRESENTATIONMAP(#5776,#6570);
#5778=IFCDOOR('3kvbsNSm93dwToAMioFOcv',$,'Door',$,$,#6595,#5787,$,2.,0.80000001192092896,$,.SINGLE_SWING_RIGHT.,$);
#5779=IFCRELDEFINESBYTYPE('07iBJmxdL4rAFOgWyGFGrT',$,$,$,(#5778),#5670);
#5780=IFCCARTESIANPOINT((0.,0.,0.));
#5781=IFCDIRECTION((1.,0.,0.));
#5782=IFCDIRECTION((0.,1.,0.));
#5783=IFCDIRECTION((0.,0.,1.));
#5784=IFCCARTESIANTRANSFORMATIONOPERATOR3D(#5781,#5782,#5780,1.,#5783);
#5785=IFCMAPPEDITEM(#5680,#5784);
#5786=IFCSHAPEREPRESENTATION(#18,'Profile','MappedRepresentation',(#5785));
#5787=IFCPRODUCTDEFINITIONSHAPE($,$,(#5786,#5794,#5801));
#5788=IFCCARTESIANPOINT((0.,0.,0.));
#5789=IFCDIRECTION((1.,0.,0.));
#5790=IFCDIRECTION((0.,1.,0.));
#5791=IFCDIRECTION((0.,0.,1.));
#5792=IFCCARTESIANTRANSFORMATIONOPERATOR3D(#5789,#5790,#5788,1.,#5791);
#5793=IFCMAPPEDITEM(#5758,#5792);
#5794=IFCSHAPEREPRESENTATION(#11,'Body','MappedRepresentation',(#5793));
#5795=IFCCARTESIANPOINT((0.,0.,0.));
#5796=IFCDIRECTION((1.,0.,0.));
#5797=IFCDIRECTION((0.,1.,0.));
#5798=IFCDIRECTION((0.,0.,1.));
#5799=IFCCARTESIANTRANSFORMATIONOPERATOR3D(#5796,#5797,#5795,1.,#5798);
#5800=IFCMAPPEDITEM(#5777,#5799);
#5801=IFCSHAPEREPRESENTATION(#24,'Body','MappedRepresentation',(#5800));
#5802=IFCOPENINGELEMENT('3vRsFBgrD14QMbSb6veAkI',$,'Opening',$,$,#6590,#5830,$,.OPENING.);
#5818=IFCCARTESIANPOINT((0.,0.,0.));
#5819=IFCDIRECTION((1.,0.,0.));
#5820=IFCDIRECTION((0.,0.,1.));
#5821=IFCAXIS2PLACEMENT3D(#5818,#5820,#5819);
#5822=IFCREPRESENTATIONMAP(#5821,#6580);
#5823=IFCCARTESIANPOINT((0.,0.,0.));
#5824=IFCDIRECTION((1.,0.,0.));
#5825=IFCDIRECTION((0.,1.,0.));
#5826=IFCDIRECTION((0.,0.,1.));
#5827=IFCCARTESIANTRANSFORMATIONOPERATOR3D(#5824,#5825,#5823,1.,#5826);
#5828=IFCMAPPEDITEM(#5822,#5827);
#5829=IFCSHAPEREPRESENTATION(#11,'Body','MappedRepresentation',(#5828));
#5830=IFCPRODUCTDEFINITIONSHAPE($,$,(#5829));
#5831=IFCRELVOIDSELEMENT('3fRwOMNJX1KA14XsRfJx1h',$,$,$,#4425,#5802);
#5837=IFCRELFILLSELEMENT('04QPm06Nj5Rg92h3r0v99X',$,$,$,#5802,#5778);
#5843=IFCDOORTYPE('3rpa4RoCH8rhP42bfXf7HL',$,'bedroom1-1-2f',$,$,(#5844),(#5853,#5931,#5950),$,$,.DOOR.,.SINGLE_SWING_LEFT.,$,$);
#5844=IFCPROPERTYSET('1OShXZ3RbCUwiVlNWqNnJ4',$,'BBIM_Door',$,(#5845));
#5845=IFCPROPERTYSINGLEVALUE('Data',$,IFCTEXT('{"door_type": "SINGLE_SWING_LEFT", "overall_height": 2.0, "overall_width": 0.8999999761581421, "lining_properties": {"lining_depth": 0.05000000074505806, "lining_thickness": 0.05000000074505806, "lining_offset": 0.0, "lining_to_panel_offset_x": 0.02500000037252903, "lining_to_panel_offset_y": 0.02500000037252903, "transom_thickness": 0.0, "casing_thickness": 0.07500000298023224, "casing_depth": 0.004999999888241291, "threshold_thickness": 0.02500000037252903, "threshold_depth": 0.10000000149011612, "threshold_offset": 0.0}, "panel_properties": {"panel_depth": 0.03500000014901161, "panel_width_ratio": 1.0}}'),$);
#5849=IFCCARTESIANPOINT((0.,0.,0.));
#5850=IFCDIRECTION((1.,0.,0.));
#5851=IFCDIRECTION((0.,0.,1.));
#5852=IFCAXIS2PLACEMENT3D(#5849,#5851,#5850);
#5853=IFCREPRESENTATIONMAP(#5852,#6717);
#5927=IFCCARTESIANPOINT((0.,0.,0.));
#5928=IFCDIRECTION((1.,0.,0.));
#5929=IFCDIRECTION((0.,0.,1.));
#5930=IFCAXIS2PLACEMENT3D(#5927,#5929,#5928);
#5931=IFCREPRESENTATIONMAP(#5930,#6790);
#5946=IFCCARTESIANPOINT((0.,0.,0.));
#5947=IFCDIRECTION((1.,0.,0.));
#5948=IFCDIRECTION((0.,0.,1.));
#5949=IFCAXIS2PLACEMENT3D(#5946,#5948,#5947);
#5950=IFCREPRESENTATIONMAP(#5949,#6804);
#5951=IFCDOOR('3Q$k1C2Wz99vC6OwDU1PW4',$,'Door',$,$,#6829,#5960,$,2.,0.89999997615814209,$,.SINGLE_SWING_LEFT.,$);
#5952=IFCRELDEFINESBYTYPE('3NDrgbJMbAG8073XS2DqNv',$,$,$,(#5951),#5843);
#5953=IFCCARTESIANPOINT((0.,0.,0.));
#5954=IFCDIRECTION((1.,0.,0.));
#5955=IFCDIRECTION((0.,1.,0.));
#5956=IFCDIRECTION((0.,0.,1.));
#5957=IFCCARTESIANTRANSFORMATIONOPERATOR3D(#5954,#5955,#5953,1.,#5956);
#5958=IFCMAPPEDITEM(#5853,#5957);
#5959=IFCSHAPEREPRESENTATION(#18,'Profile','MappedRepresentation',(#5958));
#5960=IFCPRODUCTDEFINITIONSHAPE($,$,(#5959,#5967,#5974));
#5961=IFCCARTESIANPOINT((0.,0.,0.));
#5962=IFCDIRECTION((1.,0.,0.));
#5963=IFCDIRECTION((0.,1.,0.));
#5964=IFCDIRECTION((0.,0.,1.));
#5965=IFCCARTESIANTRANSFORMATIONOPERATOR3D(#5962,#5963,#5961,1.,#5964);
#5966=IFCMAPPEDITEM(#5931,#5965);
#5967=IFCSHAPEREPRESENTATION(#11,'Body','MappedRepresentation',(#5966));
#5968=IFCCARTESIANPOINT((0.,0.,0.));
#5969=IFCDIRECTION((1.,0.,0.));
#5970=IFCDIRECTION((0.,1.,0.));
#5971=IFCDIRECTION((0.,0.,1.));
#5972=IFCCARTESIANTRANSFORMATIONOPERATOR3D(#5969,#5970,#5968,1.,#5971);
#5973=IFCMAPPEDITEM(#5950,#5972);
#5974=IFCSHAPEREPRESENTATION(#24,'Body','MappedRepresentation',(#5973));
#5975=IFCOPENINGELEMENT('2hZTV4mm55jvmu5csIA9B7',$,'Opening',$,$,#6824,#6003,$,.OPENING.);
#5991=IFCCARTESIANPOINT((0.,0.,0.));
#5992=IFCDIRECTION((1.,0.,0.));
#5993=IFCDIRECTION((0.,0.,1.));
#5994=IFCAXIS2PLACEMENT3D(#5991,#5993,#5992);
#5995=IFCREPRESENTATIONMAP(#5994,#6814);
#5996=IFCCARTESIANPOINT((0.,0.,0.));
#5997=IFCDIRECTION((1.,0.,0.));
#5998=IFCDIRECTION((0.,1.,0.));
#5999=IFCDIRECTION((0.,0.,1.));
#6000=IFCCARTESIANTRANSFORMATIONOPERATOR3D(#5997,#5998,#5996,1.,#5999);
#6001=IFCMAPPEDITEM(#5995,#6000);
#6002=IFCSHAPEREPRESENTATION(#11,'Body','MappedRepresentation',(#6001));
#6003=IFCPRODUCTDEFINITIONSHAPE($,$,(#6002));
#6004=IFCRELVOIDSELEMENT('2voia_XC9D3QrYEJElDyfa',$,$,$,#4425,#5975);
#6010=IFCRELFILLSELEMENT('2fjRa3ulP46ggrXFKcWn9Q',$,$,$,#5975,#5951);
#6016=IFCDOORTYPE('3LBNwTZnb8vgQFDIyIfNK3',$,'cr-2f',$,$,(#6017),(#6026,#6104,#6123),$,$,.DOOR.,.SINGLE_SWING_LEFT.,$,$);
#6017=IFCPROPERTYSET('2MIwbSX054IgRSg35J7nNF',$,'BBIM_Door',$,(#6018));
#6018=IFCPROPERTYSINGLEVALUE('Data',$,IFCTEXT('{"door_type": "SINGLE_SWING_LEFT", "overall_height": 2.0, "overall_width": 0.7443898320198059, "lining_properties": {"lining_depth": 0.05000000074505806, "lining_thickness": 0.05000000074505806, "lining_offset": 0.0, "lining_to_panel_offset_x": 0.02500000037252903, "lining_to_panel_offset_y": 0.02500000037252903, "transom_thickness": 0.0, "casing_thickness": 0.07500000298023224, "casing_depth": 0.004999999888241291, "threshold_thickness": 0.02500000037252903, "threshold_depth": 0.10000000149011612, "threshold_offset": 0.0}, "panel_properties": {"panel_depth": 0.03500000014901161, "panel_width_ratio": 1.0}}'),$);
#6022=IFCCARTESIANPOINT((0.,0.,0.));
#6023=IFCDIRECTION((1.,0.,0.));
#6024=IFCDIRECTION((0.,0.,1.));
#6025=IFCAXIS2PLACEMENT3D(#6022,#6024,#6023);
#6026=IFCREPRESENTATIONMAP(#6025,#6996);
#6100=IFCCARTESIANPOINT((0.,0.,0.));
#6101=IFCDIRECTION((1.,0.,0.));
#6102=IFCDIRECTION((0.,0.,1.));
#6103=IFCAXIS2PLACEMENT3D(#6100,#6102,#6101);
#6104=IFCREPRESENTATIONMAP(#6103,#7069);
#6119=IFCCARTESIANPOINT((0.,0.,0.));
#6120=IFCDIRECTION((1.,0.,0.));
#6121=IFCDIRECTION((0.,0.,1.));
#6122=IFCAXIS2PLACEMENT3D(#6119,#6121,#6120);
#6123=IFCREPRESENTATIONMAP(#6122,#7083);
#6124=IFCDOOR('1ga4n8FHD3S9vPPrFhaXLA',$,'Door',$,$,#7108,#6133,$,2.,0.74438983201980591,$,.SINGLE_SWING_LEFT.,$);
#6125=IFCRELDEFINESBYTYPE('3CqBmuQ2T26fsUaoM2GfKs',$,$,$,(#6124),#6016);
#6126=IFCCARTESIANPOINT((0.,0.,0.));
#6127=IFCDIRECTION((1.,0.,0.));
#6128=IFCDIRECTION((0.,1.,0.));
#6129=IFCDIRECTION((0.,0.,1.));
#6130=IFCCARTESIANTRANSFORMATIONOPERATOR3D(#6127,#6128,#6126,1.,#6129);
#6131=IFCMAPPEDITEM(#6026,#6130);
#6132=IFCSHAPEREPRESENTATION(#18,'Profile','MappedRepresentation',(#6131));
#6133=IFCPRODUCTDEFINITIONSHAPE($,$,(#6132,#6140,#6147));
#6134=IFCCARTESIANPOINT((0.,0.,0.));
#6135=IFCDIRECTION((1.,0.,0.));
#6136=IFCDIRECTION((0.,1.,0.));
#6137=IFCDIRECTION((0.,0.,1.));
#6138=IFCCARTESIANTRANSFORMATIONOPERATOR3D(#6135,#6136,#6134,1.,#6137);
#6139=IFCMAPPEDITEM(#6104,#6138);
#6140=IFCSHAPEREPRESENTATION(#11,'Body','MappedRepresentation',(#6139));
#6141=IFCCARTESIANPOINT((0.,0.,0.));
#6142=IFCDIRECTION((1.,0.,0.));
#6143=IFCDIRECTION((0.,1.,0.));
#6144=IFCDIRECTION((0.,0.,1.));
#6145=IFCCARTESIANTRANSFORMATIONOPERATOR3D(#6142,#6143,#6141,1.,#6144);
#6146=IFCMAPPEDITEM(#6123,#6145);
#6147=IFCSHAPEREPRESENTATION(#24,'Body','MappedRepresentation',(#6146));
#6148=IFCOPENINGELEMENT('1AkKQ1nkX2WRSAvBE6UXBZ',$,'Opening',$,$,#7103,#6176,$,.OPENING.);
#6164=IFCCARTESIANPOINT((0.,0.,0.));
#6165=IFCDIRECTION((1.,0.,0.));
#6166=IFCDIRECTION((0.,0.,1.));
#6167=IFCAXIS2PLACEMENT3D(#6164,#6166,#6165);
#6168=IFCREPRESENTATIONMAP(#6167,#7093);
#6169=IFCCARTESIANPOINT((0.,0.,0.));
#6170=IFCDIRECTION((1.,0.,0.));
#6171=IFCDIRECTION((0.,1.,0.));
#6172=IFCDIRECTION((0.,0.,1.));
#6173=IFCCARTESIANTRANSFORMATIONOPERATOR3D(#6170,#6171,#6169,1.,#6172);
#6174=IFCMAPPEDITEM(#6168,#6173);
#6175=IFCSHAPEREPRESENTATION(#11,'Body','MappedRepresentation',(#6174));
#6176=IFCPRODUCTDEFINITIONSHAPE($,$,(#6175));
#6177=IFCRELVOIDSELEMENT('3$Gn4d$G51murtBExSdgdD',$,$,$,#4646,#6148);
#6183=IFCRELFILLSELEMENT('0cGYKpgDP4egvI6OsWo62v',$,$,$,#6148,#6124);
#6189=IFCDOORTYPE('0aROP30YXDR8wdcrrDePZz',$,'balcony-2f',$,$,(#6190),(#6199,#6277,#6296,#7240),$,$,.DOOR.,.SINGLE_SWING_LEFT.,$,$);
#6190=IFCPROPERTYSET('3T3njh0HPCWB03U8o0QDtm',$,'BBIM_Door',$,(#6191));
#6191=IFCPROPERTYSINGLEVALUE('Data',$,IFCTEXT('{"door_type": "SLIDING_TO_RIGHT", "overall_height": 2.0, "overall_width": 1.9913749694824219, "lining_properties": {"lining_depth": 0.05000000074505806, "lining_thickness": 0.05000000074505806, "lining_offset": 0.0, "transom_thickness": 0.0, "casing_thickness": 0.07500000298023224, "casing_depth": 0.004999999888241291, "threshold_thickness": 0.02500000037252903, "threshold_depth": 0.10000000149011612, "threshold_offset": 0.0}, "panel_properties": {"panel_depth": 0.03500000014901161, "panel_width_ratio": 1.0}}'),$);
#6195=IFCCARTESIANPOINT((0.,0.,0.));
#6196=IFCDIRECTION((1.,0.,0.));
#6197=IFCDIRECTION((0.,0.,1.));
#6198=IFCAXIS2PLACEMENT3D(#6195,#6197,#6196);
#6199=IFCREPRESENTATIONMAP(#6198,#8648);
#6273=IFCCARTESIANPOINT((0.,0.,0.));
#6274=IFCDIRECTION((1.,0.,0.));
#6275=IFCDIRECTION((0.,0.,1.));
#6276=IFCAXIS2PLACEMENT3D(#6273,#6275,#6274);
#6277=IFCREPRESENTATIONMAP(#6276,#8712);
#6292=IFCCARTESIANPOINT((0.,0.,0.));
#6293=IFCDIRECTION((1.,0.,0.));
#6294=IFCDIRECTION((0.,0.,1.));
#6295=IFCAXIS2PLACEMENT3D(#6292,#6294,#6293);
#6296=IFCREPRESENTATIONMAP(#6295,#8719);
#6297=IFCDOOR('0DEIZoTab3Sxh3ShGZW6tf',$,'Door',$,$,#8749,#6306,$,2.,1.9913749694824219,$,.SLIDING_TO_RIGHT.,$);
#6298=IFCRELDEFINESBYTYPE('33o0ytAGH3ngaX1ZoENoBQ',$,$,$,(#6297),#6189);
#6299=IFCCARTESIANPOINT((0.,0.,0.));
#6300=IFCDIRECTION((1.,0.,0.));
#6301=IFCDIRECTION((0.,1.,0.));
#6302=IFCDIRECTION((0.,0.,1.));
#6303=IFCCARTESIANTRANSFORMATIONOPERATOR3D(#6300,#6301,#6299,1.,#6302);
#6304=IFCMAPPEDITEM(#6199,#6303);
#6305=IFCSHAPEREPRESENTATION(#18,'Profile','MappedRepresentation',(#6304));
#6306=IFCPRODUCTDEFINITIONSHAPE($,$,(#6305,#6313,#6320,#7247));
#6307=IFCCARTESIANPOINT((0.,0.,0.));
#6308=IFCDIRECTION((1.,0.,0.));
#6309=IFCDIRECTION((0.,1.,0.));
#6310=IFCDIRECTION((0.,0.,1.));
#6311=IFCCARTESIANTRANSFORMATIONOPERATOR3D(#6308,#6309,#6307,1.,#6310);
#6312=IFCMAPPEDITEM(#6277,#6311);
#6313=IFCSHAPEREPRESENTATION(#11,'Body','MappedRepresentation',(#6312));
#6314=IFCCARTESIANPOINT((0.,0.,0.));
#6315=IFCDIRECTION((1.,0.,0.));
#6316=IFCDIRECTION((0.,1.,0.));
#6317=IFCDIRECTION((0.,0.,1.));
#6318=IFCCARTESIANTRANSFORMATIONOPERATOR3D(#6315,#6316,#6314,1.,#6317);
#6319=IFCMAPPEDITEM(#6296,#6318);
#6320=IFCSHAPEREPRESENTATION(#24,'Body','MappedRepresentation',(#6319));
#6321=IFCOPENINGELEMENT('1Bnf3rfVf6x9mK0a8GdFcn',$,'Opening',$,$,#8744,#6349,$,.OPENING.);
#6337=IFCCARTESIANPOINT((0.,0.,0.));
#6338=IFCDIRECTION((1.,0.,0.));
#6339=IFCDIRECTION((0.,0.,1.));
#6340=IFCAXIS2PLACEMENT3D(#6337,#6339,#6338);
#6341=IFCREPRESENTATIONMAP(#6340,#8734);
#6342=IFCCARTESIANPOINT((0.,0.,0.));
#6343=IFCDIRECTION((1.,0.,0.));
#6344=IFCDIRECTION((0.,1.,0.));
#6345=IFCDIRECTION((0.,0.,1.));
#6346=IFCCARTESIANTRANSFORMATIONOPERATOR3D(#6343,#6344,#6342,1.,#6345);
#6347=IFCMAPPEDITEM(#6341,#6346);
#6348=IFCSHAPEREPRESENTATION(#11,'Body','MappedRepresentation',(#6347));
#6349=IFCPRODUCTDEFINITIONSHAPE($,$,(#6348));
#6350=IFCRELVOIDSELEMENT('22oS4AKZDA6gkMjwyPYuVA',$,$,$,#3835,#6321);
#6356=IFCRELFILLSELEMENT('0S6rVUVeDECuZXfINMgdDR',$,$,$,#6321,#6297);
#6365=IFCCARTESIANPOINTLIST2D(((0.,0.),(0.,2.),(0.80000001192092896,2.),(0.80000001192092896,0.),(0.77500001154839993,0.),(0.77500001154839993,1.974999999627471),(0.02500000037252903,1.974999999627471),(0.02500000037252903,0.)));
#6366=IFCINDEXEDPOLYCURVE(#6365,(IFCLINEINDEX((1,2,3,4,5,6,7,8,1))),$);
#6367=IFCARBITRARYCLOSEDPROFILEDEF(.AREA.,$,#6366);
#6368=IFCCARTESIANPOINT((0.,0.02500000037252903,0.));
#6369=IFCDIRECTION((0.,-1.,0.));
#6370=IFCDIRECTION((1.,0.,0.));
#6371=IFCAXIS2PLACEMENT3D(#6368,#6369,#6370);
#6372=IFCDIRECTION((0.,0.,-1.));
#6373=IFCEXTRUDEDAREASOLID(#6367,#6371,#6372,0.02500000037252903);
#6374=IFCCARTESIANPOINTLIST2D(((0.,0.),(0.,2.),(0.80000001192092896,2.),(0.80000001192092896,0.),(0.7500000111758709,0.),(0.7500000111758709,1.9499999992549419),(0.05000000074505806,1.9499999992549419),(0.05000000074505806,0.)));
#6375=IFCINDEXEDPOLYCURVE(#6374,(IFCLINEINDEX((1,2,3,4,5,6,7,8,1))),$);
#6376=IFCARBITRARYCLOSEDPROFILEDEF(.AREA.,$,#6375);
#6377=IFCCARTESIANPOINT((0.,0.,0.));
#6378=IFCDIRECTION((0.,-1.,0.));
#6379=IFCDIRECTION((1.,0.,0.));
#6380=IFCAXIS2PLACEMENT3D(#6377,#6378,#6379);
#6381=IFCDIRECTION((0.,0.,-1.));
#6382=IFCEXTRUDEDAREASOLID(#6376,#6380,#6381,0.02500000037252903);
#6383=IFCCARTESIANPOINTLIST2D(((0.,0.),(0.70000001043081284,0.),(0.70000001043081284,0.10000000149011612),(0.,0.10000000149011612)));
#6384=IFCINDEXEDPOLYCURVE(#6383,(IFCLINEINDEX((1,2,3,4,1))),$);
#6385=IFCARBITRARYCLOSEDPROFILEDEF(.AREA.,$,#6384);
#6386=IFCCARTESIANPOINT((0.05000000074505806,0.,0.));
#6387=IFCDIRECTION((0.,0.,1.));
#6388=IFCDIRECTION((1.,0.,0.));
#6389=IFCAXIS2PLACEMENT3D(#6386,#6387,#6388);
#6390=IFCDIRECTION((0.,0.,1.));
#6391=IFCEXTRUDEDAREASOLID(#6385,#6389,#6390,0.02500000037252903);
#6392=IFCCARTESIANPOINTLIST2D(((0.,0.),(0.,2.0250000022351742),(0.85000001639127731,2.0250000022351742),(0.85000001639127731,0.),(0.77500001341104507,0.),(0.77500001341104507,1.9499999992549419),(0.075000002980232239,1.9499999992549419),(0.075000002980232239,0.)));
#6393=IFCINDEXEDPOLYCURVE(#6392,(IFCLINEINDEX((1,2,3,4,5,6,7,8,1))),$);
#6394=IFCARBITRARYCLOSEDPROFILEDEF(.AREA.,$,#6393);
#6395=IFCCARTESIANPOINT((-0.025000002235174179,-0.004999999888241291,0.));
#6396=IFCDIRECTION((0.,-1.,0.));
#6397=IFCDIRECTION((1.,0.,0.));
#6398=IFCAXIS2PLACEMENT3D(#6395,#6396,#6397);
#6399=IFCDIRECTION((0.,0.,-1.));
#6400=IFCEXTRUDEDAREASOLID(#6394,#6398,#6399,0.004999999888241291);
#6401=IFCCARTESIANPOINTLIST2D(((0.,0.),(0.,2.0250000022351742),(0.85000001639127731,2.0250000022351742),(0.85000001639127731,0.),(0.8000000137835741,0.),(0.8000000137835741,1.974999999627471),(0.050000002607703209,1.974999999627471),(0.050000002607703209,0.)));
#6402=IFCINDEXEDPOLYCURVE(#6401,(IFCLINEINDEX((1,2,3,4,5,6,7,8,1))),$);
#6403=IFCARBITRARYCLOSEDPROFILEDEF(.AREA.,$,#6402);
#6404=IFCCARTESIANPOINT((-0.025000002235174179,0.05000000074505806,0.));
#6405=IFCDIRECTION((0.,-1.,0.));
#6406=IFCDIRECTION((1.,0.,0.));
#6407=IFCAXIS2PLACEMENT3D(#6404,#6405,#6406);
#6408=IFCDIRECTION((0.,0.,-1.));
#6409=IFCEXTRUDEDAREASOLID(#6403,#6407,#6408,0.004999999888241291);
#6410=IFCCARTESIANPOINTLIST2D(((0.,0.),(0.7500000111758709,0.),(0.7500000111758709,0.035000000149011612),(0.,0.035000000149011612)));
#6411=IFCINDEXEDPOLYCURVE(#6410,(IFCLINEINDEX((1,2,3,4,1))),$);
#6412=IFCARBITRARYCLOSEDPROFILEDEF(.AREA.,$,#6411);
#6413=IFCCARTESIANPOINT((0.02500000037252903,0.02500000037252903,0.02500000037252903));
#6414=IFCDIRECTION((0.,0.,1.));
#6415=IFCDIRECTION((1.,0.,0.));
#6416=IFCAXIS2PLACEMENT3D(#6413,#6414,#6415);
#6417=IFCDIRECTION((0.,0.,1.));
#6418=IFCEXTRUDEDAREASOLID(#6412,#6416,#6417,1.9499999992549419);
#6419=IFCCARTESIANPOINTLIST2D(((0.,0.),(0.,-0.040000000000000001),(0.12,-0.040000000000000001),(0.12,-0.02),(0.02,-0.02),(0.02,0.)));
#6420=IFCINDEXEDPOLYCURVE(#6419,(IFCLINEINDEX((1,2,3,4,5,6,1))),$);
#6421=IFCARBITRARYCLOSEDPROFILEDEF(.AREA.,$,#6420);
#6422=IFCCARTESIANPOINT((0.075000000372529033,0.02500000037252903,1.015000000372529));
#6423=IFCDIRECTION((0.,0.,1.));
#6424=IFCDIRECTION((1.,0.,0.));
#6425=IFCAXIS2PLACEMENT3D(#6422,#6423,#6424);
#6426=IFCDIRECTION((0.,0.,1.));
#6427=IFCEXTRUDEDAREASOLID(#6421,#6425,#6426,0.02);
#6428=IFCEXTRUDEDAREASOLID(#6429,#6432,#6436,0.02);
#6429=IFCARBITRARYCLOSEDPROFILEDEF(.AREA.,$,#6430);
#6430=IFCINDEXEDPOLYCURVE(#6431,(IFCLINEINDEX((1,2,3,4,5,6,1))),$);
#6431=IFCCARTESIANPOINTLIST2D(((0.,0.),(0.,0.040000000000000008),(0.11999999999999998,0.040000000000000008),(0.11999999999999998,0.020000000000000004),(0.020000000000000004,0.020000000000000004),(0.020000000000000004,0.)));
#6432=IFCAXIS2PLACEMENT3D(#6433,#6434,#6435);
#6433=IFCCARTESIANPOINT((0.075000000372529033,0.060000000521540642,1.015000000372529));
#6434=IFCDIRECTION((0.,0.,1.));
#6435=IFCDIRECTION((1.,0.,0.));
#6436=IFCDIRECTION((0.,0.,1.));
#6438=IFCSHAPEREPRESENTATION(#11,'Body','SweptSolid',(#6510,#6373,#6501,#6409,#6519,#6400,#6492,#6391,#6528,#6382));
#6439=IFCSHAPEASPECT((#6438),'Lining',$,.T.,#5787);
#6440=IFCSHAPEREPRESENTATION(#11,'Body','SweptSolid',(#6427,#6547,#6428,#6537,#6418,#6546));
#6441=IFCSHAPEASPECT((#6440),'Framing',$,.T.,#5787);
#6481=IFCCARTESIANPOINTLIST3D(((0.,0.,0.),(0.80000001192092896,0.,0.),(0.80000001192092896,0.,2.),(0.,0.,2.)));
#6482=IFCINDEXEDPOLYCURVE(#6481,(IFCLINEINDEX((1,2,3,4,1))),$);
#6483=IFCSHAPEREPRESENTATION(#18,'Profile','Curve3D',(#6482));
#6484=IFCCARTESIANPOINTLIST2D(((0.,0.),(0.,2.),(0.80000001192092896,2.),(0.80000001192092896,0.),(0.77500001154839993,0.),(0.77500001154839993,1.974999999627471),(0.02500000037252903,1.974999999627471),(0.02500000037252903,0.)));
#6485=IFCINDEXEDPOLYCURVE(#6484,(IFCLINEINDEX((1,2,3,4,5,6,7,8,1))),$);
#6486=IFCARBITRARYCLOSEDPROFILEDEF(.AREA.,$,#6485);
#6487=IFCCARTESIANPOINT((0.,0.02500000037252903,0.));
#6488=IFCDIRECTION((0.,-1.,0.));
#6489=IFCDIRECTION((1.,0.,0.));
#6490=IFCAXIS2PLACEMENT3D(#6487,#6488,#6489);
#6491=IFCDIRECTION((0.,0.,-1.));
#6492=IFCEXTRUDEDAREASOLID(#6486,#6490,#6491,0.02500000037252903);
#6493=IFCCARTESIANPOINTLIST2D(((0.,0.),(0.,2.),(0.80000001192092896,2.),(0.80000001192092896,0.),(0.7500000111758709,0.),(0.7500000111758709,1.9499999992549419),(0.05000000074505806,1.9499999992549419),(0.05000000074505806,0.)));
#6494=IFCINDEXEDPOLYCURVE(#6493,(IFCLINEINDEX((1,2,3,4,5,6,7,8,1))),$);
#6495=IFCARBITRARYCLOSEDPROFILEDEF(.AREA.,$,#6494);
#6496=IFCCARTESIANPOINT((0.,0.,0.));
#6497=IFCDIRECTION((0.,-1.,0.));
#6498=IFCDIRECTION((1.,0.,0.));
#6499=IFCAXIS2PLACEMENT3D(#6496,#6497,#6498);
#6500=IFCDIRECTION((0.,0.,-1.));
#6501=IFCEXTRUDEDAREASOLID(#6495,#6499,#6500,0.02500000037252903);
#6502=IFCCARTESIANPOINTLIST2D(((0.,0.),(0.70000001043081284,0.),(0.70000001043081284,0.10000000149011612),(0.,0.10000000149011612)));
#6503=IFCINDEXEDPOLYCURVE(#6502,(IFCLINEINDEX((1,2,3,4,1))),$);
#6504=IFCARBITRARYCLOSEDPROFILEDEF(.AREA.,$,#6503);
#6505=IFCCARTESIANPOINT((0.05000000074505806,0.,0.));
#6506=IFCDIRECTION((0.,0.,1.));
#6507=IFCDIRECTION((1.,0.,0.));
#6508=IFCAXIS2PLACEMENT3D(#6505,#6506,#6507);
#6509=IFCDIRECTION((0.,0.,1.));
#6510=IFCEXTRUDEDAREASOLID(#6504,#6508,#6509,0.02500000037252903);
#6511=IFCCARTESIANPOINTLIST2D(((0.,0.),(0.,2.0250000022351742),(0.85000001639127731,2.0250000022351742),(0.85000001639127731,0.),(0.77500001341104507,0.),(0.77500001341104507,1.9499999992549419),(0.075000002980232239,1.9499999992549419),(0.075000002980232239,0.)));
#6512=IFCINDEXEDPOLYCURVE(#6511,(IFCLINEINDEX((1,2,3,4,5,6,7,8,1))),$);
#6513=IFCARBITRARYCLOSEDPROFILEDEF(.AREA.,$,#6512);
#6514=IFCCARTESIANPOINT((-0.025000002235174179,-0.004999999888241291,0.));
#6515=IFCDIRECTION((0.,-1.,0.));
#6516=IFCDIRECTION((1.,0.,0.));
#6517=IFCAXIS2PLACEMENT3D(#6514,#6515,#6516);
#6518=IFCDIRECTION((0.,0.,-1.));
#6519=IFCEXTRUDEDAREASOLID(#6513,#6517,#6518,0.004999999888241291);
#6520=IFCCARTESIANPOINTLIST2D(((0.,0.),(0.,2.0250000022351742),(0.85000001639127731,2.0250000022351742),(0.85000001639127731,0.),(0.8000000137835741,0.),(0.8000000137835741,1.974999999627471),(0.050000002607703209,1.974999999627471),(0.050000002607703209,0.)));
#6521=IFCINDEXEDPOLYCURVE(#6520,(IFCLINEINDEX((1,2,3,4,5,6,7,8,1))),$);
#6522=IFCARBITRARYCLOSEDPROFILEDEF(.AREA.,$,#6521);
#6523=IFCCARTESIANPOINT((-0.025000002235174179,0.05000000074505806,0.));
#6524=IFCDIRECTION((0.,-1.,0.));
#6525=IFCDIRECTION((1.,0.,0.));
#6526=IFCAXIS2PLACEMENT3D(#6523,#6524,#6525);
#6527=IFCDIRECTION((0.,0.,-1.));
#6528=IFCEXTRUDEDAREASOLID(#6522,#6526,#6527,0.004999999888241291);
#6529=IFCCARTESIANPOINTLIST2D(((0.,0.),(0.7500000111758709,0.),(0.7500000111758709,0.035000000149011612),(0.,0.035000000149011612)));
#6530=IFCINDEXEDPOLYCURVE(#6529,(IFCLINEINDEX((1,2,3,4,1))),$);
#6531=IFCARBITRARYCLOSEDPROFILEDEF(.AREA.,$,#6530);
#6532=IFCCARTESIANPOINT((0.02500000037252903,0.02500000037252903,0.02500000037252903));
#6533=IFCDIRECTION((0.,0.,1.));
#6534=IFCDIRECTION((1.,0.,0.));
#6535=IFCAXIS2PLACEMENT3D(#6532,#6533,#6534);
#6536=IFCDIRECTION((0.,0.,1.));
#6537=IFCEXTRUDEDAREASOLID(#6531,#6535,#6536,1.9499999992549419);
#6538=IFCCARTESIANPOINTLIST2D(((0.,0.),(0.,-0.040000000000000001),(0.12,-0.040000000000000001),(0.12,-0.02),(0.02,-0.02),(0.02,0.)));
#6539=IFCINDEXEDPOLYCURVE(#6538,(IFCLINEINDEX((1,2,3,4,5,6,1))),$);
#6540=IFCARBITRARYCLOSEDPROFILEDEF(.AREA.,$,#6539);
#6541=IFCCARTESIANPOINT((0.075000000372529033,0.02500000037252903,1.015000000372529));
#6542=IFCDIRECTION((0.,0.,1.));
#6543=IFCDIRECTION((1.,0.,0.));
#6544=IFCAXIS2PLACEMENT3D(#6541,#6542,#6543);
#6545=IFCDIRECTION((0.,0.,1.));
#6546=IFCEXTRUDEDAREASOLID(#6540,#6544,#6545,0.02);
#6547=IFCEXTRUDEDAREASOLID(#6548,#6551,#6555,0.02);
#6548=IFCARBITRARYCLOSEDPROFILEDEF(.AREA.,$,#6549);
#6549=IFCINDEXEDPOLYCURVE(#6550,(IFCLINEINDEX((1,2,3,4,5,6,1))),$);
#6550=IFCCARTESIANPOINTLIST2D(((0.,0.),(0.,0.040000000000000008),(0.11999999999999998,0.040000000000000008),(0.11999999999999998,0.020000000000000004),(0.020000000000000004,0.020000000000000004),(0.020000000000000004,0.)));
#6551=IFCAXIS2PLACEMENT3D(#6552,#6553,#6554);
#6552=IFCCARTESIANPOINT((0.075000000372529033,0.060000000521540642,1.015000000372529));
#6553=IFCDIRECTION((0.,0.,1.));
#6554=IFCDIRECTION((1.,0.,0.));
#6555=IFCDIRECTION((0.,0.,1.));
#6556=IFCSHAPEREPRESENTATION(#11,'Body','SweptSolid',(#6492,#6501,#6537,#6546,#6547,#6510,#6519,#6528));
#6557=IFCCARTESIANPOINTLIST2D(((0.,0.),(0.,0.05000000074505806),(0.02500000037252903,0.05000000074505806),(0.02500000037252903,0.02500000037252903),(0.05000000074505806,0.02500000037252903),(0.05000000074505806,0.)));
#6558=IFCINDEXEDPOLYCURVE(#6557,(IFCLINEINDEX((1,2,3,4,5,6,1))),$);
#6559=IFCINDEXEDPOLYCURVE(#6560,(IFCLINEINDEX((1,2,3,4,5,6,1))),$);
#6560=IFCCARTESIANPOINTLIST2D(((0.80000001192092896,0.),(0.80000001192092896,0.05000000074505806),(0.77500001154839993,0.05000000074505806),(0.77500001154839993,0.02500000037252903),(0.7500000111758709,0.02500000037252903),(0.7500000111758709,0.)));
#6561=IFCDIRECTION((1.,0.));
#6562=IFCCARTESIANPOINT((0.74000001139938831,0.05000000074505806));
#6563=IFCAXIS2PLACEMENT2D(#6562,#6561);
#6564=IFCELLIPSE(#6563,0.71500001102685928,0.7500000111758709);
#6565=IFCCARTESIANPOINT((0.74000001139938831,0.80000001192092896));
#6566=IFCCARTESIANPOINT((0.02500000037252903,0.05000000074505806));
#6567=IFCTRIMMEDCURVE(#6564,(#6565),(#6566),.T.,.CARTESIAN.);
#6568=IFCCARTESIANPOINTLIST2D(((0.77500001154839993,0.05000000074505806),(0.74000001139938831,0.05000000074505806),(0.74000001139938831,0.80000001192092896),(0.77500001154839993,0.80000001192092896)));
#6569=IFCINDEXEDPOLYCURVE(#6568,(IFCLINEINDEX((1,2,3,4,1))),$);
#6570=IFCSHAPEREPRESENTATION(#24,'Body','Curve2D',(#6558,#6559,#6567,#6569));
#6571=IFCCARTESIANPOINTLIST2D(((0.,0.),(0.80000001192092896,0.),(0.80000001192092896,2.),(0.,2.)));
#6572=IFCINDEXEDPOLYCURVE(#6571,(IFCLINEINDEX((1,2,3,4,1))),$);
#6573=IFCARBITRARYCLOSEDPROFILEDEF(.AREA.,$,#6572);
#6574=IFCCARTESIANPOINT((0.,-0.60000002384185791,0.));
#6575=IFCDIRECTION((0.,-1.,0.));
#6576=IFCDIRECTION((1.,0.,0.));
#6577=IFCAXIS2PLACEMENT3D(#6574,#6575,#6576);
#6578=IFCDIRECTION((0.,0.,-1.));
#6579=IFCEXTRUDEDAREASOLID(#6573,#6577,#6578,1.2);
#6580=IFCSHAPEREPRESENTATION(#11,'Body','SweptSolid',(#6579));
#6586=IFCCARTESIANPOINT((3.1394973981977099,0.014999596871579701,0.));
#6587=IFCDIRECTION((0.,0.,1.));
#6588=IFCDIRECTION((0.99999999999997147,-2.384185719961227E-07,0.));
#6589=IFCAXIS2PLACEMENT3D(#6586,#6587,#6588);
#6590=IFCLOCALPLACEMENT(#4436,#6589);
#6591=IFCCARTESIANPOINT((0.,0.,0.));
#6592=IFCDIRECTION((0.,0.,1.));
#6593=IFCDIRECTION((1.,0.,0.));
#6594=IFCAXIS2PLACEMENT3D(#6591,#6592,#6593);
#6595=IFCLOCALPLACEMENT(#6590,#6594);
#6599=IFCCARTESIANPOINTLIST2D(((0.,0.),(0.,2.),(0.89999997615814209,2.),(0.89999997615814209,0.),(0.87499997578561306,0.),(0.87499997578561306,1.974999999627471),(0.02500000037252903,1.974999999627471),(0.02500000037252903,0.)));
#6600=IFCINDEXEDPOLYCURVE(#6599,(IFCLINEINDEX((1,2,3,4,5,6,7,8,1))),$);
#6601=IFCARBITRARYCLOSEDPROFILEDEF(.AREA.,$,#6600);
#6602=IFCCARTESIANPOINT((0.,0.02500000037252903,0.));
#6603=IFCDIRECTION((0.,-1.,0.));
#6604=IFCDIRECTION((1.,0.,0.));
#6605=IFCAXIS2PLACEMENT3D(#6602,#6603,#6604);
#6606=IFCDIRECTION((0.,0.,-1.));
#6607=IFCEXTRUDEDAREASOLID(#6601,#6605,#6606,0.02500000037252903);
#6608=IFCCARTESIANPOINTLIST2D(((0.,0.),(0.,2.),(0.89999997615814209,2.),(0.89999997615814209,0.),(0.84999997541308403,0.),(0.84999997541308403,1.9499999992549419),(0.05000000074505806,1.9499999992549419),(0.05000000074505806,0.)));
#6609=IFCINDEXEDPOLYCURVE(#6608,(IFCLINEINDEX((1,2,3,4,5,6,7,8,1))),$);
#6610=IFCARBITRARYCLOSEDPROFILEDEF(.AREA.,$,#6609);
#6611=IFCCARTESIANPOINT((0.,0.,0.));
#6612=IFCDIRECTION((0.,-1.,0.));
#6613=IFCDIRECTION((1.,0.,0.));
#6614=IFCAXIS2PLACEMENT3D(#6611,#6612,#6613);
#6615=IFCDIRECTION((0.,0.,-1.));
#6616=IFCEXTRUDEDAREASOLID(#6610,#6614,#6615,0.02500000037252903);
#6617=IFCCARTESIANPOINTLIST2D(((0.,0.),(0.79999997466802597,0.),(0.79999997466802597,0.10000000149011612),(0.,0.10000000149011612)));
#6618=IFCINDEXEDPOLYCURVE(#6617,(IFCLINEINDEX((1,2,3,4,1))),$);
#6619=IFCARBITRARYCLOSEDPROFILEDEF(.AREA.,$,#6618);
#6620=IFCCARTESIANPOINT((0.05000000074505806,0.,0.));
#6621=IFCDIRECTION((0.,0.,1.));
#6622=IFCDIRECTION((1.,0.,0.));
#6623=IFCAXIS2PLACEMENT3D(#6620,#6621,#6622);
#6624=IFCDIRECTION((0.,0.,1.));
#6625=IFCEXTRUDEDAREASOLID(#6619,#6623,#6624,0.02500000037252903);
#6626=IFCCARTESIANPOINTLIST2D(((0.,0.),(0.,2.0250000022351742),(0.94999998062849045,2.0250000022351742),(0.94999998062849045,0.),(0.87499997764825821,0.),(0.87499997764825821,1.9499999992549419),(0.075000002980232239,1.9499999992549419),(0.075000002980232239,0.)));
#6627=IFCINDEXEDPOLYCURVE(#6626,(IFCLINEINDEX((1,2,3,4,5,6,7,8,1))),$);
#6628=IFCARBITRARYCLOSEDPROFILEDEF(.AREA.,$,#6627);
#6629=IFCCARTESIANPOINT((-0.025000002235174179,-0.004999999888241291,0.));
#6630=IFCDIRECTION((0.,-1.,0.));
#6631=IFCDIRECTION((1.,0.,0.));
#6632=IFCAXIS2PLACEMENT3D(#6629,#6630,#6631);
#6633=IFCDIRECTION((0.,0.,-1.));
#6634=IFCEXTRUDEDAREASOLID(#6628,#6632,#6633,0.004999999888241291);
#6635=IFCCARTESIANPOINTLIST2D(((0.,0.),(0.,2.0250000022351742),(0.94999998062849045,2.0250000022351742),(0.94999998062849045,0.),(0.89999997802078724,0.),(0.89999997802078724,1.974999999627471),(0.050000002607703209,1.974999999627471),(0.050000002607703209,0.)));
#6636=IFCINDEXEDPOLYCURVE(#6635,(IFCLINEINDEX((1,2,3,4,5,6,7,8,1))),$);
#6637=IFCARBITRARYCLOSEDPROFILEDEF(.AREA.,$,#6636);
#6638=IFCCARTESIANPOINT((-0.025000002235174179,0.05000000074505806,0.));
#6639=IFCDIRECTION((0.,-1.,0.));
#6640=IFCDIRECTION((1.,0.,0.));
#6641=IFCAXIS2PLACEMENT3D(#6638,#6639,#6640);
#6642=IFCDIRECTION((0.,0.,-1.));
#6643=IFCEXTRUDEDAREASOLID(#6637,#6641,#6642,0.004999999888241291);
#6644=IFCCARTESIANPOINTLIST2D(((0.,0.),(0.84999997541308403,0.),(0.84999997541308403,0.035000000149011612),(0.,0.035000000149011612)));
#6645=IFCINDEXEDPOLYCURVE(#6644,(IFCLINEINDEX((1,2,3,4,1))),$);
#6646=IFCARBITRARYCLOSEDPROFILEDEF(.AREA.,$,#6645);
#6647=IFCCARTESIANPOINT((0.02500000037252903,0.02500000037252903,0.02500000037252903));
#6648=IFCDIRECTION((0.,0.,1.));
#6649=IFCDIRECTION((1.,0.,0.));
#6650=IFCAXIS2PLACEMENT3D(#6647,#6648,#6649);
#6651=IFCDIRECTION((0.,0.,1.));
#6652=IFCEXTRUDEDAREASOLID(#6646,#6650,#6651,1.9499999992549419);
#6653=IFCCARTESIANPOINTLIST2D(((0.,0.),(0.,-0.040000000000000001),(0.12,-0.040000000000000001),(0.12,-0.02),(0.02,-0.02),(0.02,0.)));
#6654=IFCINDEXEDPOLYCURVE(#6653,(IFCLINEINDEX((1,2,3,4,5,6,1))),$);
#6655=IFCARBITRARYCLOSEDPROFILEDEF(.AREA.,$,#6654);
#6656=IFCCARTESIANPOINT((0.075000000372529033,0.02500000037252903,1.015000000372529));
#6657=IFCDIRECTION((0.,0.,1.));
#6658=IFCDIRECTION((1.,0.,0.));
#6659=IFCAXIS2PLACEMENT3D(#6656,#6657,#6658);
#6660=IFCDIRECTION((0.,0.,1.));
#6661=IFCEXTRUDEDAREASOLID(#6655,#6659,#6660,0.02);
#6662=IFCEXTRUDEDAREASOLID(#6663,#6666,#6670,0.02);
#6663=IFCARBITRARYCLOSEDPROFILEDEF(.AREA.,$,#6664);
#6664=IFCINDEXEDPOLYCURVE(#6665,(IFCLINEINDEX((1,2,3,4,5,6,1))),$);
#6665=IFCCARTESIANPOINTLIST2D(((0.,0.),(0.,0.040000000000000008),(0.11999999999999998,0.040000000000000008),(0.11999999999999998,0.020000000000000004),(0.020000000000000004,0.020000000000000004),(0.020000000000000004,0.)));
#6666=IFCAXIS2PLACEMENT3D(#6667,#6668,#6669);
#6667=IFCCARTESIANPOINT((0.075000000372529033,0.060000000521540642,1.015000000372529));
#6668=IFCDIRECTION((0.,0.,1.));
#6669=IFCDIRECTION((1.,0.,0.));
#6670=IFCDIRECTION((0.,0.,1.));
#6672=IFCSHAPEREPRESENTATION(#11,'Body','SweptSolid',(#6726,#6634,#6753,#6643,#6744,#6625,#6607,#6762,#6616,#6735));
#6673=IFCSHAPEASPECT((#6672),'Lining',$,.T.,#5960);
#6674=IFCSHAPEREPRESENTATION(#11,'Body','SweptSolid',(#6780,#6661,#6781,#6662,#6771,#6652));
#6675=IFCSHAPEASPECT((#6674),'Framing',$,.T.,#5960);
#6715=IFCCARTESIANPOINTLIST3D(((0.,0.,0.),(0.89999997615814209,0.,0.),(0.89999997615814209,0.,2.),(0.,0.,2.)));
#6716=IFCINDEXEDPOLYCURVE(#6715,(IFCLINEINDEX((1,2,3,4,1))),$);
#6717=IFCSHAPEREPRESENTATION(#18,'Profile','Curve3D',(#6716));
#6718=IFCCARTESIANPOINTLIST2D(((0.,0.),(0.,2.),(0.89999997615814209,2.),(0.89999997615814209,0.),(0.87499997578561306,0.),(0.87499997578561306,1.974999999627471),(0.02500000037252903,1.974999999627471),(0.02500000037252903,0.)));
#6719=IFCINDEXEDPOLYCURVE(#6718,(IFCLINEINDEX((1,2,3,4,5,6,7,8,1))),$);
#6720=IFCARBITRARYCLOSEDPROFILEDEF(.AREA.,$,#6719);
#6721=IFCCARTESIANPOINT((0.,0.02500000037252903,0.));
#6722=IFCDIRECTION((0.,-1.,0.));
#6723=IFCDIRECTION((1.,0.,0.));
#6724=IFCAXIS2PLACEMENT3D(#6721,#6722,#6723);
#6725=IFCDIRECTION((0.,0.,-1.));
#6726=IFCEXTRUDEDAREASOLID(#6720,#6724,#6725,0.02500000037252903);
#6727=IFCCARTESIANPOINTLIST2D(((0.,0.),(0.,2.),(0.89999997615814209,2.),(0.89999997615814209,0.),(0.84999997541308403,0.),(0.84999997541308403,1.9499999992549419),(0.05000000074505806,1.9499999992549419),(0.05000000074505806,0.)));
#6728=IFCINDEXEDPOLYCURVE(#6727,(IFCLINEINDEX((1,2,3,4,5,6,7,8,1))),$);
#6729=IFCARBITRARYCLOSEDPROFILEDEF(.AREA.,$,#6728);
#6730=IFCCARTESIANPOINT((0.,0.,0.));
#6731=IFCDIRECTION((0.,-1.,0.));
#6732=IFCDIRECTION((1.,0.,0.));
#6733=IFCAXIS2PLACEMENT3D(#6730,#6731,#6732);
#6734=IFCDIRECTION((0.,0.,-1.));
#6735=IFCEXTRUDEDAREASOLID(#6729,#6733,#6734,0.02500000037252903);
#6736=IFCCARTESIANPOINTLIST2D(((0.,0.),(0.79999997466802597,0.),(0.79999997466802597,0.10000000149011612),(0.,0.10000000149011612)));
#6737=IFCINDEXEDPOLYCURVE(#6736,(IFCLINEINDEX((1,2,3,4,1))),$);
#6738=IFCARBITRARYCLOSEDPROFILEDEF(.AREA.,$,#6737);
#6739=IFCCARTESIANPOINT((0.05000000074505806,0.,0.));
#6740=IFCDIRECTION((0.,0.,1.));
#6741=IFCDIRECTION((1.,0.,0.));
#6742=IFCAXIS2PLACEMENT3D(#6739,#6740,#6741);
#6743=IFCDIRECTION((0.,0.,1.));
#6744=IFCEXTRUDEDAREASOLID(#6738,#6742,#6743,0.02500000037252903);
#6745=IFCCARTESIANPOINTLIST2D(((0.,0.),(0.,2.0250000022351742),(0.94999998062849045,2.0250000022351742),(0.94999998062849045,0.),(0.87499997764825821,0.),(0.87499997764825821,1.9499999992549419),(0.075000002980232239,1.9499999992549419),(0.075000002980232239,0.)));
#6746=IFCINDEXEDPOLYCURVE(#6745,(IFCLINEINDEX((1,2,3,4,5,6,7,8,1))),$);
#6747=IFCARBITRARYCLOSEDPROFILEDEF(.AREA.,$,#6746);
#6748=IFCCARTESIANPOINT((-0.025000002235174179,-0.004999999888241291,0.));
#6749=IFCDIRECTION((0.,-1.,0.));
#6750=IFCDIRECTION((1.,0.,0.));
#6751=IFCAXIS2PLACEMENT3D(#6748,#6749,#6750);
#6752=IFCDIRECTION((0.,0.,-1.));
#6753=IFCEXTRUDEDAREASOLID(#6747,#6751,#6752,0.004999999888241291);
#6754=IFCCARTESIANPOINTLIST2D(((0.,0.),(0.,2.0250000022351742),(0.94999998062849045,2.0250000022351742),(0.94999998062849045,0.),(0.89999997802078724,0.),(0.89999997802078724,1.974999999627471),(0.050000002607703209,1.974999999627471),(0.050000002607703209,0.)));
#6755=IFCINDEXEDPOLYCURVE(#6754,(IFCLINEINDEX((1,2,3,4,5,6,7,8,1))),$);
#6756=IFCARBITRARYCLOSEDPROFILEDEF(.AREA.,$,#6755);
#6757=IFCCARTESIANPOINT((-0.025000002235174179,0.05000000074505806,0.));
#6758=IFCDIRECTION((0.,-1.,0.));
#6759=IFCDIRECTION((1.,0.,0.));
#6760=IFCAXIS2PLACEMENT3D(#6757,#6758,#6759);
#6761=IFCDIRECTION((0.,0.,-1.));
#6762=IFCEXTRUDEDAREASOLID(#6756,#6760,#6761,0.004999999888241291);
#6763=IFCCARTESIANPOINTLIST2D(((0.,0.),(0.84999997541308403,0.),(0.84999997541308403,0.035000000149011612),(0.,0.035000000149011612)));
#6764=IFCINDEXEDPOLYCURVE(#6763,(IFCLINEINDEX((1,2,3,4,1))),$);
#6765=IFCARBITRARYCLOSEDPROFILEDEF(.AREA.,$,#6764);
#6766=IFCCARTESIANPOINT((0.02500000037252903,0.02500000037252903,0.02500000037252903));
#6767=IFCDIRECTION((0.,0.,1.));
#6768=IFCDIRECTION((1.,0.,0.));
#6769=IFCAXIS2PLACEMENT3D(#6766,#6767,#6768);
#6770=IFCDIRECTION((0.,0.,1.));
#6771=IFCEXTRUDEDAREASOLID(#6765,#6769,#6770,1.9499999992549419);
#6772=IFCCARTESIANPOINTLIST2D(((0.,0.),(0.,-0.040000000000000001),(-0.11999999999999988,-0.040000000000000001),(-0.11999999999999988,-0.02),(-0.020000000000000018,-0.02),(-0.020000000000000018,0.)));
#6773=IFCINDEXEDPOLYCURVE(#6772,(IFCLINEINDEX((1,2,3,4,5,6,1))),$);
#6774=IFCARBITRARYCLOSEDPROFILEDEF(.AREA.,$,#6773);
#6775=IFCCARTESIANPOINT((0.82499997578561302,0.02500000037252903,1.015000000372529));
#6776=IFCDIRECTION((0.,0.,1.));
#6777=IFCDIRECTION((1.,0.,0.));
#6778=IFCAXIS2PLACEMENT3D(#6775,#6776,#6777);
#6779=IFCDIRECTION((0.,0.,1.));
#6780=IFCEXTRUDEDAREASOLID(#6774,#6778,#6779,0.02);
#6781=IFCEXTRUDEDAREASOLID(#6782,#6785,#6789,0.02);
#6782=IFCARBITRARYCLOSEDPROFILEDEF(.AREA.,$,#6783);
#6783=IFCINDEXEDPOLYCURVE(#6784,(IFCLINEINDEX((1,2,3,4,5,6,1))),$);
#6784=IFCCARTESIANPOINTLIST2D(((0.,0.),(0.,0.040000000000000008),(-0.11999999999999988,0.040000000000000008),(-0.11999999999999988,0.020000000000000004),(-0.020000000000000018,0.020000000000000004),(-0.020000000000000018,0.)));
#6785=IFCAXIS2PLACEMENT3D(#6786,#6787,#6788);
#6786=IFCCARTESIANPOINT((0.82499997578561302,0.060000000521540642,1.015000000372529));
#6787=IFCDIRECTION((0.,0.,1.));
#6788=IFCDIRECTION((1.,0.,0.));
#6789=IFCDIRECTION((0.,0.,1.));
#6790=IFCSHAPEREPRESENTATION(#11,'Body','SweptSolid',(#6726,#6735,#6771,#6780,#6781,#6744,#6753,#6762));
#6791=IFCCARTESIANPOINTLIST2D(((0.,0.),(0.,0.05000000074505806),(0.02500000037252903,0.05000000074505806),(0.02500000037252903,0.02500000037252903),(0.05000000074505806,0.02500000037252903),(0.05000000074505806,0.)));
#6792=IFCINDEXEDPOLYCURVE(#6791,(IFCLINEINDEX((1,2,3,4,5,6,1))),$);
#6793=IFCINDEXEDPOLYCURVE(#6794,(IFCLINEINDEX((1,2,3,4,5,6,1))),$);
#6794=IFCCARTESIANPOINTLIST2D(((0.89999997615814209,0.),(0.89999997615814209,0.05000000074505806),(0.87499997578561306,0.05000000074505806),(0.87499997578561306,0.02500000037252903),(0.84999997541308403,0.02500000037252903),(0.84999997541308403,0.)));
#6795=IFCDIRECTION((1.,0.));
#6796=IFCCARTESIANPOINT((0.060000000521540642,0.05000000074505806));
#6797=IFCAXIS2PLACEMENT2D(#6796,#6795);
#6798=IFCELLIPSE(#6797,0.81499997526407242,0.84999997541308403);
#6799=IFCCARTESIANPOINT((0.87499997578561306,0.05000000074505806));
#6800=IFCCARTESIANPOINT((0.060000000521540642,0.89999997615814209));
#6801=IFCTRIMMEDCURVE(#6798,(#6799),(#6800),.T.,.CARTESIAN.);
#6802=IFCCARTESIANPOINTLIST2D(((0.02500000037252903,0.05000000074505806),(0.060000000521540642,0.05000000074505806),(0.060000000521540642,0.89999997615814209),(0.02500000037252903,0.89999997615814209)));
#6803=IFCINDEXEDPOLYCURVE(#6802,(IFCLINEINDEX((1,2,3,4,1))),$);
#6804=IFCSHAPEREPRESENTATION(#24,'Body','Curve2D',(#6792,#6793,#6801,#6803));
#6805=IFCCARTESIANPOINTLIST2D(((0.,0.),(0.89999997615814209,0.),(0.89999997615814209,2.),(0.,2.)));
#6806=IFCINDEXEDPOLYCURVE(#6805,(IFCLINEINDEX((1,2,3,4,1))),$);
#6807=IFCARBITRARYCLOSEDPROFILEDEF(.AREA.,$,#6806);
#6808=IFCCARTESIANPOINT((0.,-0.60000002384185791,0.));
#6809=IFCDIRECTION((0.,-1.,0.));
#6810=IFCDIRECTION((1.,0.,0.));
#6811=IFCAXIS2PLACEMENT3D(#6808,#6809,#6810);
#6812=IFCDIRECTION((0.,0.,-1.));
#6813=IFCEXTRUDEDAREASOLID(#6807,#6811,#6812,1.2);
#6814=IFCSHAPEREPRESENTATION(#11,'Body','SweptSolid',(#6813));
#6820=IFCCARTESIANPOINT((4.2701815355420649,0.014999712038181456,0.));
#6821=IFCDIRECTION((0.,0.,1.));
#6822=IFCDIRECTION((0.99999999999997147,-2.384185719961227E-07,0.));
#6823=IFCAXIS2PLACEMENT3D(#6820,#6821,#6822);
#6824=IFCLOCALPLACEMENT(#4436,#6823);
#6825=IFCCARTESIANPOINT((-8.8817841970012523E-16,5.5511151231257827E-17,0.));
#6826=IFCDIRECTION((0.,0.,1.));
#6827=IFCDIRECTION((1.,5.2939559203393771E-23,0.));
#6828=IFCAXIS2PLACEMENT3D(#6825,#6826,#6827);
#6829=IFCLOCALPLACEMENT(#6824,#6828);
#6878=IFCCARTESIANPOINTLIST2D(((0.,0.),(0.,2.),(0.74438983201980591,2.),(0.74438983201980591,0.),(0.71938983164727688,0.),(0.71938983164727688,1.974999999627471),(0.02500000037252903,1.974999999627471),(0.02500000037252903,0.)));
#6879=IFCINDEXEDPOLYCURVE(#6878,(IFCLINEINDEX((1,2,3,4,5,6,7,8,1))),$);
#6880=IFCARBITRARYCLOSEDPROFILEDEF(.AREA.,$,#6879);
#6881=IFCCARTESIANPOINT((0.,0.02500000037252903,0.));
#6882=IFCDIRECTION((0.,-1.,0.));
#6883=IFCDIRECTION((1.,0.,0.));
#6884=IFCAXIS2PLACEMENT3D(#6881,#6882,#6883);
#6885=IFCDIRECTION((0.,0.,-1.));
#6886=IFCEXTRUDEDAREASOLID(#6880,#6884,#6885,0.02500000037252903);
#6887=IFCCARTESIANPOINTLIST2D(((0.,0.),(0.,2.),(0.74438983201980591,2.),(0.74438983201980591,0.),(0.69438983127474785,0.),(0.69438983127474785,1.9499999992549419),(0.05000000074505806,1.9499999992549419),(0.05000000074505806,0.)));
#6888=IFCINDEXEDPOLYCURVE(#6887,(IFCLINEINDEX((1,2,3,4,5,6,7,8,1))),$);
#6889=IFCARBITRARYCLOSEDPROFILEDEF(.AREA.,$,#6888);
#6890=IFCCARTESIANPOINT((0.,0.,0.));
#6891=IFCDIRECTION((0.,-1.,0.));
#6892=IFCDIRECTION((1.,0.,0.));
#6893=IFCAXIS2PLACEMENT3D(#6890,#6891,#6892);
#6894=IFCDIRECTION((0.,0.,-1.));
#6895=IFCEXTRUDEDAREASOLID(#6889,#6893,#6894,0.02500000037252903);
#6896=IFCCARTESIANPOINTLIST2D(((0.,0.),(0.64438983052968979,0.),(0.64438983052968979,0.10000000149011612),(0.,0.10000000149011612)));
#6897=IFCINDEXEDPOLYCURVE(#6896,(IFCLINEINDEX((1,2,3,4,1))),$);
#6898=IFCARBITRARYCLOSEDPROFILEDEF(.AREA.,$,#6897);
#6899=IFCCARTESIANPOINT((0.05000000074505806,0.,0.));
#6900=IFCDIRECTION((0.,0.,1.));
#6901=IFCDIRECTION((1.,0.,0.));
#6902=IFCAXIS2PLACEMENT3D(#6899,#6900,#6901);
#6903=IFCDIRECTION((0.,0.,1.));
#6904=IFCEXTRUDEDAREASOLID(#6898,#6902,#6903,0.02500000037252903);
#6905=IFCCARTESIANPOINTLIST2D(((0.,0.),(0.,2.0250000022351742),(0.79438983649015427,2.0250000022351742),(0.79438983649015427,0.),(0.71938983350992203,0.),(0.71938983350992203,1.9499999992549419),(0.075000002980232239,1.9499999992549419),(0.075000002980232239,0.)));
#6906=IFCINDEXEDPOLYCURVE(#6905,(IFCLINEINDEX((1,2,3,4,5,6,7,8,1))),$);
#6907=IFCARBITRARYCLOSEDPROFILEDEF(.AREA.,$,#6906);
#6908=IFCCARTESIANPOINT((-0.025000002235174179,-0.004999999888241291,0.));
#6909=IFCDIRECTION((0.,-1.,0.));
#6910=IFCDIRECTION((1.,0.,0.));
#6911=IFCAXIS2PLACEMENT3D(#6908,#6909,#6910);
#6912=IFCDIRECTION((0.,0.,-1.));
#6913=IFCEXTRUDEDAREASOLID(#6907,#6911,#6912,0.004999999888241291);
#6914=IFCCARTESIANPOINTLIST2D(((0.,0.),(0.,2.0250000022351742),(0.79438983649015427,2.0250000022351742),(0.79438983649015427,0.),(0.74438983388245106,0.),(0.74438983388245106,1.974999999627471),(0.050000002607703209,1.974999999627471),(0.050000002607703209,0.)));
#6915=IFCINDEXEDPOLYCURVE(#6914,(IFCLINEINDEX((1,2,3,4,5,6,7,8,1))),$);
#6916=IFCARBITRARYCLOSEDPROFILEDEF(.AREA.,$,#6915);
#6917=IFCCARTESIANPOINT((-0.025000002235174179,0.05000000074505806,0.));
#6918=IFCDIRECTION((0.,-1.,0.));
#6919=IFCDIRECTION((1.,0.,0.));
#6920=IFCAXIS2PLACEMENT3D(#6917,#6918,#6919);
#6921=IFCDIRECTION((0.,0.,-1.));
#6922=IFCEXTRUDEDAREASOLID(#6916,#6920,#6921,0.004999999888241291);
#6923=IFCCARTESIANPOINTLIST2D(((0.,0.),(0.69438983127474785,0.),(0.69438983127474785,0.035000000149011612),(0.,0.035000000149011612)));
#6924=IFCINDEXEDPOLYCURVE(#6923,(IFCLINEINDEX((1,2,3,4,1))),$);
#6925=IFCARBITRARYCLOSEDPROFILEDEF(.AREA.,$,#6924);
#6926=IFCCARTESIANPOINT((0.02500000037252903,0.02500000037252903,0.02500000037252903));
#6927=IFCDIRECTION((0.,0.,1.));
#6928=IFCDIRECTION((1.,0.,0.));
#6929=IFCAXIS2PLACEMENT3D(#6926,#6927,#6928);
#6930=IFCDIRECTION((0.,0.,1.));
#6931=IFCEXTRUDEDAREASOLID(#6925,#6929,#6930,1.9499999992549419);
#6932=IFCCARTESIANPOINTLIST2D(((0.,0.),(0.,-0.040000000000000001),(-0.11999999999999988,-0.040000000000000001),(-0.11999999999999988,-0.02),(-0.020000000000000018,-0.02),(-0.020000000000000018,0.)));
#6933=IFCINDEXEDPOLYCURVE(#6932,(IFCLINEINDEX((1,2,3,4,5,6,1))),$);
#6934=IFCARBITRARYCLOSEDPROFILEDEF(.AREA.,$,#6933);
#6935=IFCCARTESIANPOINT((0.66938983164727683,0.02500000037252903,1.015000000372529));
#6936=IFCDIRECTION((0.,0.,1.));
#6937=IFCDIRECTION((1.,0.,0.));
#6938=IFCAXIS2PLACEMENT3D(#6935,#6936,#6937);
#6939=IFCDIRECTION((0.,0.,1.));
#6940=IFCEXTRUDEDAREASOLID(#6934,#6938,#6939,0.02);
#6941=IFCEXTRUDEDAREASOLID(#6942,#6945,#6949,0.02);
#6942=IFCARBITRARYCLOSEDPROFILEDEF(.AREA.,$,#6943);
#6943=IFCINDEXEDPOLYCURVE(#6944,(IFCLINEINDEX((1,2,3,4,5,6,1))),$);
#6944=IFCCARTESIANPOINTLIST2D(((0.,0.),(0.,0.040000000000000008),(-0.11999999999999988,0.040000000000000008),(-0.11999999999999988,0.020000000000000004),(-0.020000000000000018,0.020000000000000004),(-0.020000000000000018,0.)));
#6945=IFCAXIS2PLACEMENT3D(#6946,#6947,#6948);
#6946=IFCCARTESIANPOINT((0.66938983164727683,0.060000000521540642,1.015000000372529));
#6947=IFCDIRECTION((0.,0.,1.));
#6948=IFCDIRECTION((1.,0.,0.));
#6949=IFCDIRECTION((0.,0.,1.));
#6951=IFCSHAPEREPRESENTATION(#11,'Body','SweptSolid',(#7041,#7032,#6913,#6895,#7023,#6904,#6886,#7014,#6922,#7005));
#6952=IFCSHAPEASPECT((#6951),'Lining',$,.T.,#6133);
#6953=IFCSHAPEREPRESENTATION(#11,'Body','SweptSolid',(#7059,#6940,#7060,#7050,#6941,#6931));
#6954=IFCSHAPEASPECT((#6953),'Framing',$,.T.,#6133);
#6994=IFCCARTESIANPOINTLIST3D(((0.,0.,0.),(0.74438983201980591,0.,0.),(0.74438983201980591,0.,2.),(0.,0.,2.)));
#6995=IFCINDEXEDPOLYCURVE(#6994,(IFCLINEINDEX((1,2,3,4,1))),$);
#6996=IFCSHAPEREPRESENTATION(#18,'Profile','Curve3D',(#6995));
#6997=IFCCARTESIANPOINTLIST2D(((0.,0.),(0.,2.),(0.74438983201980591,2.),(0.74438983201980591,0.),(0.71938983164727688,0.),(0.71938983164727688,1.974999999627471),(0.02500000037252903,1.974999999627471),(0.02500000037252903,0.)));
#6998=IFCINDEXEDPOLYCURVE(#6997,(IFCLINEINDEX((1,2,3,4,5,6,7,8,1))),$);
#6999=IFCARBITRARYCLOSEDPROFILEDEF(.AREA.,$,#6998);
#7000=IFCCARTESIANPOINT((0.,0.02500000037252903,0.));
#7001=IFCDIRECTION((0.,-1.,0.));
#7002=IFCDIRECTION((1.,0.,0.));
#7003=IFCAXIS2PLACEMENT3D(#7000,#7001,#7002);
#7004=IFCDIRECTION((0.,0.,-1.));
#7005=IFCEXTRUDEDAREASOLID(#6999,#7003,#7004,0.02500000037252903);
#7006=IFCCARTESIANPOINTLIST2D(((0.,0.),(0.,2.),(0.74438983201980591,2.),(0.74438983201980591,0.),(0.69438983127474785,0.),(0.69438983127474785,1.9499999992549419),(0.05000000074505806,1.9499999992549419),(0.05000000074505806,0.)));
#7007=IFCINDEXEDPOLYCURVE(#7006,(IFCLINEINDEX((1,2,3,4,5,6,7,8,1))),$);
#7008=IFCARBITRARYCLOSEDPROFILEDEF(.AREA.,$,#7007);
#7009=IFCCARTESIANPOINT((0.,0.,0.));
#7010=IFCDIRECTION((0.,-1.,0.));
#7011=IFCDIRECTION((1.,0.,0.));
#7012=IFCAXIS2PLACEMENT3D(#7009,#7010,#7011);
#7013=IFCDIRECTION((0.,0.,-1.));
#7014=IFCEXTRUDEDAREASOLID(#7008,#7012,#7013,0.02500000037252903);
#7015=IFCCARTESIANPOINTLIST2D(((0.,0.),(0.64438983052968979,0.),(0.64438983052968979,0.10000000149011612),(0.,0.10000000149011612)));
#7016=IFCINDEXEDPOLYCURVE(#7015,(IFCLINEINDEX((1,2,3,4,1))),$);
#7017=IFCARBITRARYCLOSEDPROFILEDEF(.AREA.,$,#7016);
#7018=IFCCARTESIANPOINT((0.05000000074505806,0.,0.));
#7019=IFCDIRECTION((0.,0.,1.));
#7020=IFCDIRECTION((1.,0.,0.));
#7021=IFCAXIS2PLACEMENT3D(#7018,#7019,#7020);
#7022=IFCDIRECTION((0.,0.,1.));
#7023=IFCEXTRUDEDAREASOLID(#7017,#7021,#7022,0.02500000037252903);
#7024=IFCCARTESIANPOINTLIST2D(((0.,0.),(0.,2.0250000022351742),(0.79438983649015427,2.0250000022351742),(0.79438983649015427,0.),(0.71938983350992203,0.),(0.71938983350992203,1.9499999992549419),(0.075000002980232239,1.9499999992549419),(0.075000002980232239,0.)));
#7025=IFCINDEXEDPOLYCURVE(#7024,(IFCLINEINDEX((1,2,3,4,5,6,7,8,1))),$);
#7026=IFCARBITRARYCLOSEDPROFILEDEF(.AREA.,$,#7025);
#7027=IFCCARTESIANPOINT((-0.025000002235174179,-0.004999999888241291,0.));
#7028=IFCDIRECTION((0.,-1.,0.));
#7029=IFCDIRECTION((1.,0.,0.));
#7030=IFCAXIS2PLACEMENT3D(#7027,#7028,#7029);
#7031=IFCDIRECTION((0.,0.,-1.));
#7032=IFCEXTRUDEDAREASOLID(#7026,#7030,#7031,0.004999999888241291);
#7033=IFCCARTESIANPOINTLIST2D(((0.,0.),(0.,2.0250000022351742),(0.79438983649015427,2.0250000022351742),(0.79438983649015427,0.),(0.74438983388245106,0.),(0.74438983388245106,1.974999999627471),(0.050000002607703209,1.974999999627471),(0.050000002607703209,0.)));
#7034=IFCINDEXEDPOLYCURVE(#7033,(IFCLINEINDEX((1,2,3,4,5,6,7,8,1))),$);
#7035=IFCARBITRARYCLOSEDPROFILEDEF(.AREA.,$,#7034);
#7036=IFCCARTESIANPOINT((-0.025000002235174179,0.05000000074505806,0.));
#7037=IFCDIRECTION((0.,-1.,0.));
#7038=IFCDIRECTION((1.,0.,0.));
#7039=IFCAXIS2PLACEMENT3D(#7036,#7037,#7038);
#7040=IFCDIRECTION((0.,0.,-1.));
#7041=IFCEXTRUDEDAREASOLID(#7035,#7039,#7040,0.004999999888241291);
#7042=IFCCARTESIANPOINTLIST2D(((0.,0.),(0.69438983127474785,0.),(0.69438983127474785,0.035000000149011612),(0.,0.035000000149011612)));
#7043=IFCINDEXEDPOLYCURVE(#7042,(IFCLINEINDEX((1,2,3,4,1))),$);
#7044=IFCARBITRARYCLOSEDPROFILEDEF(.AREA.,$,#7043);
#7045=IFCCARTESIANPOINT((0.02500000037252903,0.02500000037252903,0.02500000037252903));
#7046=IFCDIRECTION((0.,0.,1.));
#7047=IFCDIRECTION((1.,0.,0.));
#7048=IFCAXIS2PLACEMENT3D(#7045,#7046,#7047);
#7049=IFCDIRECTION((0.,0.,1.));
#7050=IFCEXTRUDEDAREASOLID(#7044,#7048,#7049,1.9499999992549419);
#7051=IFCCARTESIANPOINTLIST2D(((0.,0.),(0.,-0.040000000000000001),(-0.11999999999999988,-0.040000000000000001),(-0.11999999999999988,-0.02),(-0.020000000000000018,-0.02),(-0.020000000000000018,0.)));
#7052=IFCINDEXEDPOLYCURVE(#7051,(IFCLINEINDEX((1,2,3,4,5,6,1))),$);
#7053=IFCARBITRARYCLOSEDPROFILEDEF(.AREA.,$,#7052);
#7054=IFCCARTESIANPOINT((0.66938983164727683,0.02500000037252903,1.015000000372529));
#7055=IFCDIRECTION((0.,0.,1.));
#7056=IFCDIRECTION((1.,0.,0.));
#7057=IFCAXIS2PLACEMENT3D(#7054,#7055,#7056);
#7058=IFCDIRECTION((0.,0.,1.));
#7059=IFCEXTRUDEDAREASOLID(#7053,#7057,#7058,0.02);
#7060=IFCEXTRUDEDAREASOLID(#7061,#7064,#7068,0.02);
#7061=IFCARBITRARYCLOSEDPROFILEDEF(.AREA.,$,#7062);
#7062=IFCINDEXEDPOLYCURVE(#7063,(IFCLINEINDEX((1,2,3,4,5,6,1))),$);
#7063=IFCCARTESIANPOINTLIST2D(((0.,0.),(0.,0.040000000000000008),(-0.11999999999999988,0.040000000000000008),(-0.11999999999999988,0.020000000000000004),(-0.020000000000000018,0.020000000000000004),(-0.020000000000000018,0.)));
#7064=IFCAXIS2PLACEMENT3D(#7065,#7066,#7067);
#7065=IFCCARTESIANPOINT((0.66938983164727683,0.060000000521540642,1.015000000372529));
#7066=IFCDIRECTION((0.,0.,1.));
#7067=IFCDIRECTION((1.,0.,0.));
#7068=IFCDIRECTION((0.,0.,1.));
#7069=IFCSHAPEREPRESENTATION(#11,'Body','SweptSolid',(#7005,#7014,#7050,#7059,#7060,#7023,#7032,#7041));
#7070=IFCCARTESIANPOINTLIST2D(((0.,0.),(0.,0.05000000074505806),(0.02500000037252903,0.05000000074505806),(0.02500000037252903,0.02500000037252903),(0.05000000074505806,0.02500000037252903),(0.05000000074505806,0.)));
#7071=IFCINDEXEDPOLYCURVE(#7070,(IFCLINEINDEX((1,2,3,4,5,6,1))),$);
#7072=IFCINDEXEDPOLYCURVE(#7073,(IFCLINEINDEX((1,2,3,4,5,6,1))),$);
#7073=IFCCARTESIANPOINTLIST2D(((0.74438983201980591,0.),(0.74438983201980591,0.05000000074505806),(0.71938983164727688,0.05000000074505806),(0.71938983164727688,0.02500000037252903),(0.69438983127474785,0.02500000037252903),(0.69438983127474785,0.)));
#7074=IFCDIRECTION((1.,0.));
#7075=IFCCARTESIANPOINT((0.060000000521540642,0.05000000074505806));
#7076=IFCAXIS2PLACEMENT2D(#7075,#7074);
#7077=IFCELLIPSE(#7076,0.65938983112573624,0.69438983127474785);
#7078=IFCCARTESIANPOINT((0.71938983164727688,0.05000000074505806));
#7079=IFCCARTESIANPOINT((0.060000000521540642,0.74438983201980591));
#7080=IFCTRIMMEDCURVE(#7077,(#7078),(#7079),.T.,.CARTESIAN.);
#7081=IFCCARTESIANPOINTLIST2D(((0.02500000037252903,0.05000000074505806),(0.060000000521540642,0.05000000074505806),(0.060000000521540642,0.74438983201980591),(0.02500000037252903,0.74438983201980591)));
#7082=IFCINDEXEDPOLYCURVE(#7081,(IFCLINEINDEX((1,2,3,4,1))),$);
#7083=IFCSHAPEREPRESENTATION(#24,'Body','Curve2D',(#7071,#7072,#7080,#7082));
#7084=IFCCARTESIANPOINTLIST2D(((0.,0.),(0.74438983201980591,0.),(0.74438983201980591,2.),(0.,2.)));
#7085=IFCINDEXEDPOLYCURVE(#7084,(IFCLINEINDEX((1,2,3,4,1))),$);
#7086=IFCARBITRARYCLOSEDPROFILEDEF(.AREA.,$,#7085);
#7087=IFCCARTESIANPOINT((0.,-0.60000002384185791,0.));
#7088=IFCDIRECTION((0.,-1.,0.));
#7089=IFCDIRECTION((1.,0.,0.));
#7090=IFCAXIS2PLACEMENT3D(#7087,#7088,#7089);
#7091=IFCDIRECTION((0.,0.,-1.));
#7092=IFCEXTRUDEDAREASOLID(#7086,#7090,#7091,1.2);
#7093=IFCSHAPEREPRESENTATION(#11,'Body','SweptSolid',(#7092));
#7099=IFCCARTESIANPOINT((3.5054136440355421,0.084998914088492583,0.));
#7100=IFCDIRECTION((0.,0.,1.));
#7101=IFCDIRECTION((-0.99999999999980282,6.2783296073104869E-07,0.));
#7102=IFCAXIS2PLACEMENT3D(#7099,#7100,#7101);
#7103=IFCLOCALPLACEMENT(#4657,#7102);
#7104=IFCCARTESIANPOINT((4.4408920985006262E-16,0.,0.));
#7105=IFCDIRECTION((0.,0.,1.));
#7106=IFCDIRECTION((1.,3.1763735522036263E-22,0.));
#7107=IFCAXIS2PLACEMENT3D(#7104,#7105,#7106);
#7108=IFCLOCALPLACEMENT(#7103,#7107);
#7127=IFCCARTESIANPOINTLIST2D(((0.,0.),(0.,2.),(1.9913749694824219,2.),(1.9913749694824219,0.),(1.9413749687373638,0.),(1.9413749687373638,1.9499999992549419),(0.05000000074505806,1.9499999992549419),(0.05000000074505806,0.)));
#7128=IFCINDEXEDPOLYCURVE(#7127,(IFCLINEINDEX((1,2,3,4,5,6,7,8,1))),$);
#7129=IFCARBITRARYCLOSEDPROFILEDEF(.AREA.,$,#7128);
#7130=IFCCARTESIANPOINT((0.,0.,0.));
#7131=IFCDIRECTION((0.,-1.,0.));
#7132=IFCDIRECTION((1.,0.,0.));
#7133=IFCAXIS2PLACEMENT3D(#7130,#7131,#7132);
#7134=IFCDIRECTION((0.,0.,-1.));
#7135=IFCEXTRUDEDAREASOLID(#7129,#7133,#7134,0.05000000074505806);
#7136=IFCCARTESIANPOINTLIST2D(((0.,0.),(1.8913749679923058,0.),(1.8913749679923058,0.10000000149011612),(0.,0.10000000149011612)));
#7137=IFCINDEXEDPOLYCURVE(#7136,(IFCLINEINDEX((1,2,3,4,1))),$);
#7138=IFCARBITRARYCLOSEDPROFILEDEF(.AREA.,$,#7137);
#7139=IFCCARTESIANPOINT((0.05000000074505806,0.,0.));
#7140=IFCDIRECTION((0.,0.,1.));
#7141=IFCDIRECTION((1.,0.,0.));
#7142=IFCAXIS2PLACEMENT3D(#7139,#7140,#7141);
#7143=IFCDIRECTION((0.,0.,1.));
#7144=IFCEXTRUDEDAREASOLID(#7138,#7142,#7143,0.02500000037252903);
#7145=IFCCARTESIANPOINTLIST2D(((0.,0.),(0.,2.0250000022351742),(2.0413749739527702,2.0250000022351742),(2.0413749739527702,0.),(1.966374970972538,0.),(1.966374970972538,1.9499999992549419),(0.075000002980232239,1.9499999992549419),(0.075000002980232239,0.)));
#7146=IFCINDEXEDPOLYCURVE(#7145,(IFCLINEINDEX((1,2,3,4,5,6,7,8,1))),$);
#7147=IFCARBITRARYCLOSEDPROFILEDEF(.AREA.,$,#7146);
#7148=IFCCARTESIANPOINT((-0.025000002235174179,-0.004999999888241291,0.));
#7149=IFCDIRECTION((0.,-1.,0.));
#7150=IFCDIRECTION((1.,0.,0.));
#7151=IFCAXIS2PLACEMENT3D(#7148,#7149,#7150);
#7152=IFCDIRECTION((0.,0.,-1.));
#7153=IFCEXTRUDEDAREASOLID(#7147,#7151,#7152,0.004999999888241291);
#7154=IFCCARTESIANPOINTLIST2D(((0.,0.),(0.,2.0250000022351742),(2.0413749739527702,2.0250000022351742),(2.0413749739527702,0.),(1.966374970972538,0.),(1.966374970972538,1.9499999992549419),(0.075000002980232239,1.9499999992549419),(0.075000002980232239,0.)));
#7155=IFCINDEXEDPOLYCURVE(#7154,(IFCLINEINDEX((1,2,3,4,5,6,7,8,1))),$);
#7156=IFCARBITRARYCLOSEDPROFILEDEF(.AREA.,$,#7155);
#7157=IFCCARTESIANPOINT((-0.025000002235174179,0.05000000074505806,0.));
#7158=IFCDIRECTION((0.,-1.,0.));
#7159=IFCDIRECTION((1.,0.,0.));
#7160=IFCAXIS2PLACEMENT3D(#7157,#7158,#7159);
#7161=IFCDIRECTION((0.,0.,-1.));
#7162=IFCEXTRUDEDAREASOLID(#7156,#7160,#7161,0.004999999888241291);
#7163=IFCCARTESIANPOINTLIST2D(((0.,0.),(0.94468748399615288,0.),(0.94468748399615288,0.035000000149011612),(0.,0.035000000149011612)));
#7164=IFCINDEXEDPOLYCURVE(#7163,(IFCLINEINDEX((1,2,3,4,1))),$);
#7165=IFCARBITRARYCLOSEDPROFILEDEF(.AREA.,$,#7164);
#7166=IFCCARTESIANPOINT((0.05000000074505806,-0.035000000149011612,0.02500000037252903));
#7167=IFCDIRECTION((0.,0.,1.));
#7168=IFCDIRECTION((1.,0.,0.));
#7169=IFCAXIS2PLACEMENT3D(#7166,#7167,#7168);
#7170=IFCDIRECTION((0.,0.,1.));
#7171=IFCEXTRUDEDAREASOLID(#7165,#7169,#7170,1.9249999988824129);
#7172=IFCCARTESIANPOINTLIST2D(((0.,0.),(0.,-0.040000000000000008),(-0.11999999999999988,-0.040000000000000008),(-0.11999999999999988,-0.020000000000000004),(-0.020000000000000018,-0.020000000000000004),(-0.020000000000000018,0.)));
#7173=IFCINDEXEDPOLYCURVE(#7172,(IFCLINEINDEX((1,2,3,4,5,6,1))),$);
#7174=IFCARBITRARYCLOSEDPROFILEDEF(.AREA.,$,#7173);
#7175=IFCCARTESIANPOINT((0.944687484741211,-0.035000000149011612,1.015000000372529));
#7176=IFCDIRECTION((0.,0.,1.));
#7177=IFCDIRECTION((1.,0.,0.));
#7178=IFCAXIS2PLACEMENT3D(#7175,#7176,#7177);
#7179=IFCDIRECTION((0.,0.,1.));
#7180=IFCEXTRUDEDAREASOLID(#7174,#7178,#7179,0.02);
#7181=IFCEXTRUDEDAREASOLID(#7182,#7185,#7189,0.02);
#7182=IFCARBITRARYCLOSEDPROFILEDEF(.AREA.,$,#7183);
#7183=IFCINDEXEDPOLYCURVE(#7184,(IFCLINEINDEX((1,2,3,4,5,6,1))),$);
#7184=IFCCARTESIANPOINTLIST2D(((0.,0.),(0.,0.040000000000000008),(-0.11999999999999988,0.040000000000000008),(-0.11999999999999988,0.020000000000000004),(-0.020000000000000018,0.020000000000000004),(-0.020000000000000018,0.)));
#7185=IFCAXIS2PLACEMENT3D(#7186,#7187,#7188);
#7186=IFCCARTESIANPOINT((0.944687484741211,0.,1.015000000372529));
#7187=IFCDIRECTION((0.,0.,1.));
#7188=IFCDIRECTION((1.,0.,0.));
#7189=IFCDIRECTION((0.,0.,1.));
#7190=IFCEXTRUDEDAREASOLID(#7191,#7194,#7198,1.9249999988824129);
#7191=IFCARBITRARYCLOSEDPROFILEDEF(.AREA.,$,#7192);
#7192=IFCINDEXEDPOLYCURVE(#7193,(IFCLINEINDEX((1,2,3,4,1))),$);
#7193=IFCCARTESIANPOINTLIST2D(((0.,0.),(-0.94468748399615288,0.),(-0.94468748399615288,0.035000000149011612),(0.,0.035000000149011612)));
#7194=IFCAXIS2PLACEMENT3D(#7195,#7196,#7197);
#7195=IFCCARTESIANPOINT((1.9413749687373638,-0.035000000149011612,0.02500000037252903));
#7196=IFCDIRECTION((0.,0.,1.));
#7197=IFCDIRECTION((1.,0.,0.));
#7198=IFCDIRECTION((0.,0.,1.));
#7199=IFCEXTRUDEDAREASOLID(#7200,#7203,#7207,0.02);
#7200=IFCARBITRARYCLOSEDPROFILEDEF(.AREA.,$,#7201);
#7201=IFCINDEXEDPOLYCURVE(#7202,(IFCLINEINDEX((1,2,3,4,5,6,1))),$);
#7202=IFCCARTESIANPOINTLIST2D(((0.,0.),(0.,-0.040000000000000008),(0.11999999999999988,-0.040000000000000008),(0.11999999999999988,-0.020000000000000004),(0.020000000000000018,-0.020000000000000004),(0.020000000000000018,0.)));
#7203=IFCAXIS2PLACEMENT3D(#7204,#7205,#7206);
#7204=IFCCARTESIANPOINT((1.0466874847412109,-0.035000000149011612,1.015000000372529));
#7205=IFCDIRECTION((0.,0.,1.));
#7206=IFCDIRECTION((1.,0.,0.));
#7207=IFCDIRECTION((0.,0.,1.));
#7208=IFCEXTRUDEDAREASOLID(#7209,#7212,#7216,0.02);
#7209=IFCARBITRARYCLOSEDPROFILEDEF(.AREA.,$,#7210);
#7210=IFCINDEXEDPOLYCURVE(#7211,(IFCLINEINDEX((1,2,3,4,5,6,1))),$);
#7211=IFCCARTESIANPOINTLIST2D(((0.,0.),(0.,0.040000000000000008),(0.11999999999999988,0.040000000000000008),(0.11999999999999988,0.020000000000000004),(0.020000000000000018,0.020000000000000004),(0.020000000000000018,0.)));
#7212=IFCAXIS2PLACEMENT3D(#7213,#7214,#7215);
#7213=IFCCARTESIANPOINT((1.0466874847412109,0.,1.015000000372529));
#7214=IFCDIRECTION((0.,0.,1.));
#7215=IFCDIRECTION((1.,0.,0.));
#7216=IFCDIRECTION((0.,0.,1.));
#7218=IFCSHAPEREPRESENTATION(#11,'Body','SweptSolid',(#8675,#7299,#8666,#7162,#7317,#8684,#7153,#7308,#7144,#7326,#7135,#8657));
#7219=IFCSHAPEASPECT((#7218),'Lining',$,.T.,#6306);
#7220=IFCSHAPEREPRESENTATION(#11,'Body','SweptSolid',(#8702,#8703,#7354,#8693,#7344,#7208,#7190,#7345,#7199,#7335,#7181,#7171,#7180,#7372,#7363));
#7221=IFCSHAPEASPECT((#7220),'Framing',$,.T.,#6306);
#7236=IFCCARTESIANPOINT((0.,0.,0.));
#7237=IFCDIRECTION((1.,0.,0.));
#7238=IFCDIRECTION((0.,0.,1.));
#7239=IFCAXIS2PLACEMENT3D(#7236,#7238,#7237);
#7240=IFCREPRESENTATIONMAP(#7239,#8724);
#7241=IFCCARTESIANPOINT((0.,0.,0.));
#7242=IFCDIRECTION((1.,0.,0.));
#7243=IFCDIRECTION((0.,1.,0.));
#7244=IFCDIRECTION((0.,0.,1.));
#7245=IFCCARTESIANTRANSFORMATIONOPERATOR3D(#7242,#7243,#7241,1.,#7244);
#7246=IFCMAPPEDITEM(#7240,#7245);
#7247=IFCSHAPEREPRESENTATION(#25,'Annotation','MappedRepresentation',(#7246));
#7291=IFCCARTESIANPOINTLIST2D(((0.,0.),(0.,2.),(1.9913749694824219,2.),(1.9913749694824219,0.),(1.9413749687373638,0.),(1.9413749687373638,1.9499999992549419),(0.05000000074505806,1.9499999992549419),(0.05000000074505806,0.)));
#7292=IFCINDEXEDPOLYCURVE(#7291,(IFCLINEINDEX((1,2,3,4,5,6,7,8,1))),$);
#7293=IFCARBITRARYCLOSEDPROFILEDEF(.AREA.,$,#7292);
#7294=IFCCARTESIANPOINT((0.,0.,0.));
#7295=IFCDIRECTION((0.,-1.,0.));
#7296=IFCDIRECTION((1.,0.,0.));
#7297=IFCAXIS2PLACEMENT3D(#7294,#7295,#7296);
#7298=IFCDIRECTION((0.,0.,-1.));
#7299=IFCEXTRUDEDAREASOLID(#7293,#7297,#7298,0.05000000074505806);
#7300=IFCCARTESIANPOINTLIST2D(((0.,0.),(1.8913749679923058,0.),(1.8913749679923058,0.10000000149011612),(0.,0.10000000149011612)));
#7301=IFCINDEXEDPOLYCURVE(#7300,(IFCLINEINDEX((1,2,3,4,1))),$);
#7302=IFCARBITRARYCLOSEDPROFILEDEF(.AREA.,$,#7301);
#7303=IFCCARTESIANPOINT((0.05000000074505806,0.,0.));
#7304=IFCDIRECTION((0.,0.,1.));
#7305=IFCDIRECTION((1.,0.,0.));
#7306=IFCAXIS2PLACEMENT3D(#7303,#7304,#7305);
#7307=IFCDIRECTION((0.,0.,1.));
#7308=IFCEXTRUDEDAREASOLID(#7302,#7306,#7307,0.02500000037252903);
#7309=IFCCARTESIANPOINTLIST2D(((0.,0.),(0.,2.0250000022351742),(2.0413749739527702,2.0250000022351742),(2.0413749739527702,0.),(1.966374970972538,0.),(1.966374970972538,1.9499999992549419),(0.075000002980232239,1.9499999992549419),(0.075000002980232239,0.)));
#7310=IFCINDEXEDPOLYCURVE(#7309,(IFCLINEINDEX((1,2,3,4,5,6,7,8,1))),$);
#7311=IFCARBITRARYCLOSEDPROFILEDEF(.AREA.,$,#7310);
#7312=IFCCARTESIANPOINT((-0.025000002235174179,-0.004999999888241291,0.));
#7313=IFCDIRECTION((0.,-1.,0.));
#7314=IFCDIRECTION((1.,0.,0.));
#7315=IFCAXIS2PLACEMENT3D(#7312,#7313,#7314);
#7316=IFCDIRECTION((0.,0.,-1.));
#7317=IFCEXTRUDEDAREASOLID(#7311,#7315,#7316,0.004999999888241291);
#7318=IFCCARTESIANPOINTLIST2D(((0.,0.),(0.,2.0250000022351742),(2.0413749739527702,2.0250000022351742),(2.0413749739527702,0.),(1.966374970972538,0.),(1.966374970972538,1.9499999992549419),(0.075000002980232239,1.9499999992549419),(0.075000002980232239,0.)));
#7319=IFCINDEXEDPOLYCURVE(#7318,(IFCLINEINDEX((1,2,3,4,5,6,7,8,1))),$);
#7320=IFCARBITRARYCLOSEDPROFILEDEF(.AREA.,$,#7319);
#7321=IFCCARTESIANPOINT((-0.025000002235174179,0.05000000074505806,0.));
#7322=IFCDIRECTION((0.,-1.,0.));
#7323=IFCDIRECTION((1.,0.,0.));
#7324=IFCAXIS2PLACEMENT3D(#7321,#7322,#7323);
#7325=IFCDIRECTION((0.,0.,-1.));
#7326=IFCEXTRUDEDAREASOLID(#7320,#7324,#7325,0.004999999888241291);
#7327=IFCCARTESIANPOINTLIST2D(((0.,0.),(0.94468748399615288,0.),(0.94468748399615288,0.035000000149011612),(0.,0.035000000149011612)));
#7328=IFCINDEXEDPOLYCURVE(#7327,(IFCLINEINDEX((1,2,3,4,1))),$);
#7329=IFCARBITRARYCLOSEDPROFILEDEF(.AREA.,$,#7328);
#7330=IFCCARTESIANPOINT((0.05000000074505806,-0.035000000149011612,0.02500000037252903));
#7331=IFCDIRECTION((0.,0.,1.));
#7332=IFCDIRECTION((1.,0.,0.));
#7333=IFCAXIS2PLACEMENT3D(#7330,#7331,#7332);
#7334=IFCDIRECTION((0.,0.,1.));
#7335=IFCEXTRUDEDAREASOLID(#7329,#7333,#7334,1.9249999988824129);
#7336=IFCCARTESIANPOINTLIST2D(((0.,0.),(0.,-0.040000000000000008),(-0.11999999999999988,-0.040000000000000008),(-0.11999999999999988,-0.020000000000000004),(-0.020000000000000018,-0.020000000000000004),(-0.020000000000000018,0.)));
#7337=IFCINDEXEDPOLYCURVE(#7336,(IFCLINEINDEX((1,2,3,4,5,6,1))),$);
#7338=IFCARBITRARYCLOSEDPROFILEDEF(.AREA.,$,#7337);
#7339=IFCCARTESIANPOINT((0.944687484741211,-0.035000000149011612,1.015000000372529));
#7340=IFCDIRECTION((0.,0.,1.));
#7341=IFCDIRECTION((1.,0.,0.));
#7342=IFCAXIS2PLACEMENT3D(#7339,#7340,#7341);
#7343=IFCDIRECTION((0.,0.,1.));
#7344=IFCEXTRUDEDAREASOLID(#7338,#7342,#7343,0.02);
#7345=IFCEXTRUDEDAREASOLID(#7346,#7349,#7353,0.02);
#7346=IFCARBITRARYCLOSEDPROFILEDEF(.AREA.,$,#7347);
#7347=IFCINDEXEDPOLYCURVE(#7348,(IFCLINEINDEX((1,2,3,4,5,6,1))),$);
#7348=IFCCARTESIANPOINTLIST2D(((0.,0.),(0.,0.040000000000000008),(-0.11999999999999988,0.040000000000000008),(-0.11999999999999988,0.020000000000000004),(-0.020000000000000018,0.020000000000000004),(-0.020000000000000018,0.)));
#7349=IFCAXIS2PLACEMENT3D(#7350,#7351,#7352);
#7350=IFCCARTESIANPOINT((0.944687484741211,0.,1.015000000372529));
#7351=IFCDIRECTION((0.,0.,1.));
#7352=IFCDIRECTION((1.,0.,0.));
#7353=IFCDIRECTION((0.,0.,1.));
#7354=IFCEXTRUDEDAREASOLID(#7355,#7358,#7362,1.9249999988824129);
#7355=IFCARBITRARYCLOSEDPROFILEDEF(.AREA.,$,#7356);
#7356=IFCINDEXEDPOLYCURVE(#7357,(IFCLINEINDEX((1,2,3,4,1))),$);
#7357=IFCCARTESIANPOINTLIST2D(((0.,0.),(-0.94468748399615288,0.),(-0.94468748399615288,0.035000000149011612),(0.,0.035000000149011612)));
#7358=IFCAXIS2PLACEMENT3D(#7359,#7360,#7361);
#7359=IFCCARTESIANPOINT((1.9413749687373638,-0.035000000149011612,0.02500000037252903));
#7360=IFCDIRECTION((0.,0.,1.));
#7361=IFCDIRECTION((1.,0.,0.));
#7362=IFCDIRECTION((0.,0.,1.));
#7363=IFCEXTRUDEDAREASOLID(#7364,#7367,#7371,0.02);
#7364=IFCARBITRARYCLOSEDPROFILEDEF(.AREA.,$,#7365);
#7365=IFCINDEXEDPOLYCURVE(#7366,(IFCLINEINDEX((1,2,3,4,5,6,1))),$);
#7366=IFCCARTESIANPOINTLIST2D(((0.,0.),(0.,-0.040000000000000008),(0.11999999999999988,-0.040000000000000008),(0.11999999999999988,-0.020000000000000004),(0.020000000000000018,-0.020000000000000004),(0.020000000000000018,0.)));
#7367=IFCAXIS2PLACEMENT3D(#7368,#7369,#7370);
#7368=IFCCARTESIANPOINT((1.0466874847412109,-0.035000000149011612,1.015000000372529));
#7369=IFCDIRECTION((0.,0.,1.));
#7370=IFCDIRECTION((1.,0.,0.));
#7371=IFCDIRECTION((0.,0.,1.));
#7372=IFCEXTRUDEDAREASOLID(#7373,#7376,#7380,0.02);
#7373=IFCARBITRARYCLOSEDPROFILEDEF(.AREA.,$,#7374);
#7374=IFCINDEXEDPOLYCURVE(#7375,(IFCLINEINDEX((1,2,3,4,5,6,1))),$);
#7375=IFCCARTESIANPOINTLIST2D(((0.,0.),(0.,0.040000000000000008),(0.11999999999999988,0.040000000000000008),(0.11999999999999988,0.020000000000000004),(0.020000000000000018,0.020000000000000004),(0.020000000000000018,0.)));
#7376=IFCAXIS2PLACEMENT3D(#7377,#7378,#7379);
#7377=IFCCARTESIANPOINT((1.0466874847412109,0.,1.015000000372529));
#7378=IFCDIRECTION((0.,0.,1.));
#7379=IFCDIRECTION((1.,0.,0.));
#7380=IFCDIRECTION((0.,0.,1.));
#7421=IFCWINDOWTYPE('0x9mUe0LjDNO2J3P0Qx2Rf',$,'bedroom2-1-2f',$,$,(#7422),(#7431,#7479,#7501),$,$,.WINDOW.,.SINGLE_PANEL.,$,$);
#7422=IFCPROPERTYSET('0848zkUK9F2fbP_KwYIMwU',$,'BBIM_Window',$,(#7423));
#7423=IFCPROPERTYSINGLEVALUE('Data',$,IFCTEXT('{"window_type": "SINGLE_PANEL", "overall_height": 0.8999999761581421, "overall_width": 0.6000000238418579, "lining_properties": {"lining_depth": 0.05000000074505806, "lining_thickness": 0.05000000074505806, "lining_offset": 0.05000000074505806, "lining_to_panel_offset_x": 0.02500000037252903, "lining_to_panel_offset_y": 0.02500000037252903}, "panel_properties": {"frame_depth": [0.03500000014901161, 0.03500000014901161, 0.03500000014901161], "frame_thickness": [0.03500000014901161, 0.03500000014901161, 0.03500000014901161]}}'),$);
#7424=IFCCARTESIANPOINTLIST3D(((0.,0.,0.),(0.60000002384185791,0.,0.),(0.60000002384185791,0.,0.89999997615814209),(0.,0.,0.89999997615814209)));
#7425=IFCINDEXEDPOLYCURVE(#7424,(IFCLINEINDEX((1,2,3,4,1))),$);
#7426=IFCSHAPEREPRESENTATION(#18,'Profile','Curve3D',(#7425));
#7427=IFCCARTESIANPOINT((0.,0.,0.));
#7428=IFCDIRECTION((1.,0.,0.));
#7429=IFCDIRECTION((0.,0.,1.));
#7430=IFCAXIS2PLACEMENT3D(#7427,#7429,#7428);
#7431=IFCREPRESENTATIONMAP(#7430,#7426);
#7432=IFCCARTESIANPOINTLIST2D(((0.,0.),(0.60000002384185791,0.),(0.60000002384185791,0.89999997615814209),(0.,0.89999997615814209)));
#7433=IFCINDEXEDPOLYCURVE(#7432,(IFCLINEINDEX((1,2,3,4,1))),$);
#7434=IFCCARTESIANPOINTLIST2D(((0.02500000037252903,0.02500000037252903),(0.57500002346932888,0.02500000037252903),(0.57500002346932888,0.87499997578561306),(0.02500000037252903,0.87499997578561306)));
#7435=IFCINDEXEDPOLYCURVE(#7434,(IFCLINEINDEX((1,2,3,4,1))),$);
#7436=IFCARBITRARYPROFILEDEFWITHVOIDS(.AREA.,$,#7433,(#7435));
#7437=IFCCARTESIANPOINT((0.,0.090000001713633537,0.));
#7438=IFCDIRECTION((0.,-1.,0.));
#7439=IFCDIRECTION((1.,0.,0.));
#7440=IFCAXIS2PLACEMENT3D(#7437,#7438,#7439);
#7441=IFCDIRECTION((0.,0.,-1.));
#7442=IFCEXTRUDEDAREASOLID(#7436,#7440,#7441,0.0099999997764825821);
#7443=IFCCARTESIANPOINTLIST2D(((0.,0.),(0.60000002384185791,0.),(0.60000002384185791,0.89999997615814209),(0.,0.89999997615814209)));
#7444=IFCINDEXEDPOLYCURVE(#7443,(IFCLINEINDEX((1,2,3,4,1))),$);
#7445=IFCCARTESIANPOINTLIST2D(((0.05000000074505806,0.05000000074505806),(0.55000002309679985,0.05000000074505806),(0.55000002309679985,0.84999997541308403),(0.05000000074505806,0.84999997541308403)));
#7446=IFCINDEXEDPOLYCURVE(#7445,(IFCLINEINDEX((1,2,3,4,1))),$);
#7447=IFCARBITRARYPROFILEDEFWITHVOIDS(.AREA.,$,#7444,(#7446));
#7448=IFCCARTESIANPOINT((0.,0.05000000074505806,0.));
#7449=IFCDIRECTION((0.,-1.,0.));
#7450=IFCDIRECTION((1.,0.,0.));
#7451=IFCAXIS2PLACEMENT3D(#7448,#7449,#7450);
#7452=IFCDIRECTION((0.,0.,-1.));
#7453=IFCEXTRUDEDAREASOLID(#7447,#7451,#7452,0.040000000968575478);
#7454=IFCCARTESIANPOINTLIST2D(((0.,0.),(0.55000002309679985,0.),(0.55000002309679985,0.84999997541308403),(0.,0.84999997541308403)));
#7455=IFCINDEXEDPOLYCURVE(#7454,(IFCLINEINDEX((1,2,3,4,1))),$);
#7456=IFCCARTESIANPOINTLIST2D(((0.035000000149011612,0.035000000149011612),(0.51500002294778824,0.035000000149011612),(0.51500002294778824,0.81499997526407242),(0.035000000149011612,0.81499997526407242)));
#7457=IFCINDEXEDPOLYCURVE(#7456,(IFCLINEINDEX((1,2,3,4,1))),$);
#7458=IFCARBITRARYPROFILEDEFWITHVOIDS(.AREA.,$,#7455,(#7457));
#7459=IFCCARTESIANPOINT((0.02500000037252903,0.090000001713633537,0.02500000037252903));
#7460=IFCDIRECTION((0.,-1.,0.));
#7461=IFCDIRECTION((1.,0.,0.));
#7462=IFCAXIS2PLACEMENT3D(#7459,#7460,#7461);
#7463=IFCDIRECTION((0.,0.,-1.));
#7464=IFCEXTRUDEDAREASOLID(#7458,#7462,#7463,0.035000000149011612);
#7465=IFCINDEXEDPOLYCURVE(#7466,(IFCLINEINDEX((1,2,3,4,1))),$);
#7466=IFCCARTESIANPOINTLIST2D(((0.035000000149011612,0.035000000149011612),(0.51500002294778824,0.035000000149011612),(0.51500002294778824,0.81499997526407242),(0.035000000149011612,0.81499997526407242)));
#7467=IFCARBITRARYCLOSEDPROFILEDEF(.AREA.,$,#7465);
#7468=IFCCARTESIANPOINT((0.02500000037252903,0.10250000178813934,0.02500000037252903));
#7469=IFCDIRECTION((0.,-1.,0.));
#7470=IFCDIRECTION((1.,0.,0.));
#7471=IFCAXIS2PLACEMENT3D(#7468,#7469,#7470);
#7472=IFCDIRECTION((0.,0.,-1.));
#7473=IFCEXTRUDEDAREASOLID(#7467,#7471,#7472,0.01);
#7474=IFCSHAPEREPRESENTATION(#11,'Body','SweptSolid',(#7442,#7453,#7464,#7473));
#7475=IFCCARTESIANPOINT((0.,0.,0.));
#7476=IFCDIRECTION((1.,0.,0.));
#7477=IFCDIRECTION((0.,0.,1.));
#7478=IFCAXIS2PLACEMENT3D(#7475,#7477,#7476);
#7479=IFCREPRESENTATIONMAP(#7478,#7474);
#7480=IFCCARTESIANPOINTLIST2D(((0.05000000074505806,0.05000000074505806),(0.55000002309679985,0.05000000074505806)));
#7481=IFCINDEXEDPOLYCURVE(#7480,$,$);
#7482=IFCCARTESIANPOINTLIST2D(((0.,0.10000000149011612),(0.02500000037252903,0.10000000149011612),(0.02500000037252903,0.090000001713633537),(0.05000000074505806,0.090000001713633537),(0.05000000074505806,0.05000000074505806),(0.,0.05000000074505806)));
#7483=IFCINDEXEDPOLYCURVE(#7482,(IFCLINEINDEX((1,2,3,4,5,6,1))),$);
#7484=IFCCARTESIANPOINTLIST2D(((0.60000002384185791,0.10000000149011612),(0.57500002346932888,0.10000000149011612),(0.57500002346932888,0.090000001713633537),(0.55000002309679985,0.090000001713633537),(0.55000002309679985,0.05000000074505806),(0.60000002384185791,0.05000000074505806)));
#7485=IFCINDEXEDPOLYCURVE(#7484,(IFCLINEINDEX((1,2,3,4,5,6,1))),$);
#7486=IFCCARTESIANPOINTLIST2D(((0.02500000037252903,0.090000001713633537),(0.060000000521540642,0.090000001713633537),(0.060000000521540642,0.12500000186264515),(0.02500000037252903,0.12500000186264515)));
#7487=IFCINDEXEDPOLYCURVE(#7486,(IFCLINEINDEX((1,2,3,4,1))),$);
#7488=IFCINDEXEDPOLYCURVE(#7489,(IFCLINEINDEX((1,2,3,4,1))),$);
#7489=IFCCARTESIANPOINTLIST2D(((0.57500002346932888,0.090000001713633537),(0.54000002332031727,0.090000001713633537),(0.54000002332031727,0.12500000186264515),(0.57500002346932888,0.12500000186264515)));
#7490=IFCCARTESIANPOINTLIST2D(((0.060000000521540642,0.090000001713633537),(0.54000002332031727,0.090000001713633537)));
#7491=IFCINDEXEDPOLYCURVE(#7490,$,$);
#7492=IFCINDEXEDPOLYCURVE(#7493,$,$);
#7493=IFCCARTESIANPOINTLIST2D(((0.060000000521540642,0.12500000186264515),(0.54000002332031727,0.12500000186264515)));
#7494=IFCINDEXEDPOLYCURVE(#7495,$,$);
#7495=IFCCARTESIANPOINTLIST2D(((0.060000000521540642,0.10750000178813934),(0.54000002332031727,0.10750000178813934)));
#7496=IFCSHAPEREPRESENTATION(#24,'Body','Curve2D',(#7481,#7483,#7485,#7487,#7488,#7491,#7492,#7494));
#7497=IFCCARTESIANPOINT((0.,0.,0.));
#7498=IFCDIRECTION((1.,0.,0.));
#7499=IFCDIRECTION((0.,0.,1.));
#7500=IFCAXIS2PLACEMENT3D(#7497,#7499,#7498);
#7501=IFCREPRESENTATIONMAP(#7500,#7496);
#7502=IFCWINDOW('1oUAIv2XXFPuMiuulMUKFr',$,'Window',$,$,#7566,#7511,$,0.89999997615814209,0.60000002384185791,$,$,$);
#7503=IFCRELDEFINESBYTYPE('1_6TkAdbzByuNTk9N18OhE',$,$,$,(#7502),#7421);
#7504=IFCCARTESIANPOINT((0.,0.,0.));
#7505=IFCDIRECTION((1.,0.,0.));
#7506=IFCDIRECTION((0.,1.,0.));
#7507=IFCDIRECTION((0.,0.,1.));
#7508=IFCCARTESIANTRANSFORMATIONOPERATOR3D(#7505,#7506,#7504,1.,#7507);
#7509=IFCMAPPEDITEM(#7431,#7508);
#7510=IFCSHAPEREPRESENTATION(#18,'Profile','MappedRepresentation',(#7509));
#7511=IFCPRODUCTDEFINITIONSHAPE($,$,(#7510,#7518,#7525));
#7512=IFCCARTESIANPOINT((0.,0.,0.));
#7513=IFCDIRECTION((1.,0.,0.));
#7514=IFCDIRECTION((0.,1.,0.));
#7515=IFCDIRECTION((0.,0.,1.));
#7516=IFCCARTESIANTRANSFORMATIONOPERATOR3D(#7513,#7514,#7512,1.,#7515);
#7517=IFCMAPPEDITEM(#7479,#7516);
#7518=IFCSHAPEREPRESENTATION(#11,'Body','MappedRepresentation',(#7517));
#7519=IFCCARTESIANPOINT((0.,0.,0.));
#7520=IFCDIRECTION((1.,0.,0.));
#7521=IFCDIRECTION((0.,1.,0.));
#7522=IFCDIRECTION((0.,0.,1.));
#7523=IFCCARTESIANTRANSFORMATIONOPERATOR3D(#7520,#7521,#7519,1.,#7522);
#7524=IFCMAPPEDITEM(#7501,#7523);
#7525=IFCSHAPEREPRESENTATION(#24,'Body','MappedRepresentation',(#7524));
#7526=IFCOPENINGELEMENT('18KtxLcW56xe2AxFfynevb',$,'Opening',$,$,#7560,#7554,$,.OPENING.);
#7532=IFCCARTESIANPOINTLIST2D(((0.,0.),(0.60000002384185791,0.),(0.60000002384185791,0.89999997615814209),(0.,0.89999997615814209)));
#7533=IFCINDEXEDPOLYCURVE(#7532,(IFCLINEINDEX((1,2,3,4,1))),$);
#7534=IFCARBITRARYCLOSEDPROFILEDEF(.AREA.,$,#7533);
#7535=IFCCARTESIANPOINT((0.,-0.60000002384185791,0.));
#7536=IFCDIRECTION((0.,-1.,0.));
#7537=IFCDIRECTION((1.,0.,0.));
#7538=IFCAXIS2PLACEMENT3D(#7535,#7536,#7537);
#7539=IFCDIRECTION((0.,0.,-1.));
#7540=IFCEXTRUDEDAREASOLID(#7534,#7538,#7539,1.2);
#7541=IFCSHAPEREPRESENTATION(#11,'Body','SweptSolid',(#7540));
#7542=IFCCARTESIANPOINT((0.,0.,0.));
#7543=IFCDIRECTION((1.,0.,0.));
#7544=IFCDIRECTION((0.,0.,1.));
#7545=IFCAXIS2PLACEMENT3D(#7542,#7544,#7543);
#7546=IFCREPRESENTATIONMAP(#7545,#7541);
#7547=IFCCARTESIANPOINT((0.,0.,0.));
#7548=IFCDIRECTION((1.,0.,0.));
#7549=IFCDIRECTION((0.,1.,0.));
#7550=IFCDIRECTION((0.,0.,1.));
#7551=IFCCARTESIANTRANSFORMATIONOPERATOR3D(#7548,#7549,#7547,1.,#7550);
#7552=IFCMAPPEDITEM(#7546,#7551);
#7553=IFCSHAPEREPRESENTATION(#11,'Body','MappedRepresentation',(#7552));
#7554=IFCPRODUCTDEFINITIONSHAPE($,$,(#7553));
#7555=IFCRELVOIDSELEMENT('0$P$fd_YD7hA0TWV1W6L1_',$,$,$,#3935,#7526);
#7556=IFCCARTESIANPOINT((1.7350734746468204,0.099999904632568359,1.));
#7557=IFCDIRECTION((0.,0.,1.));
#7558=IFCDIRECTION((-0.99999999999998868,1.5099580252808492E-07,0.));
#7559=IFCAXIS2PLACEMENT3D(#7556,#7557,#7558);
#7560=IFCLOCALPLACEMENT(#4347,#7559);
#7561=IFCRELFILLSELEMENT('3wJfYUKNHFvRF5dkE4rgi5',$,$,$,#7526,#7502);
#7562=IFCCARTESIANPOINT((-4.4408920985006262E-16,0.,0.));
#7563=IFCDIRECTION((0.,0.,1.));
#7564=IFCDIRECTION((1.,0.,0.));
#7565=IFCAXIS2PLACEMENT3D(#7562,#7563,#7564);
#7566=IFCLOCALPLACEMENT(#7560,#7565);
#7567=IFCWINDOWTYPE('2bOoNJkK95uRNbS1$CBO$I',$,'masters-1-2f',$,$,(#7568),(#7577,#7625,#7647),$,$,.WINDOW.,.SINGLE_PANEL.,$,$);
#7568=IFCPROPERTYSET('1T371kJlLBJOglwQnTKSLW',$,'BBIM_Window',$,(#7569));
#7569=IFCPROPERTYSINGLEVALUE('Data',$,IFCTEXT('{"window_type": "SINGLE_PANEL", "overall_height": 0.8999999761581421, "overall_width": 0.7998136281967163, "lining_properties": {"lining_depth": 0.05000000074505806, "lining_thickness": 0.05000000074505806, "lining_offset": 0.05000000074505806, "lining_to_panel_offset_x": 0.02500000037252903, "lining_to_panel_offset_y": 0.02500000037252903}, "panel_properties": {"frame_depth": [0.03500000014901161, 0.03500000014901161, 0.03500000014901161], "frame_thickness": [0.03500000014901161, 0.03500000014901161, 0.03500000014901161]}}'),$);
#7573=IFCCARTESIANPOINT((0.,0.,0.));
#7574=IFCDIRECTION((1.,0.,0.));
#7575=IFCDIRECTION((0.,0.,1.));
#7576=IFCAXIS2PLACEMENT3D(#7573,#7575,#7574);
#7577=IFCREPRESENTATIONMAP(#7576,#8173);
#7621=IFCCARTESIANPOINT((0.,0.,0.));
#7622=IFCDIRECTION((1.,0.,0.));
#7623=IFCDIRECTION((0.,0.,1.));
#7624=IFCAXIS2PLACEMENT3D(#7621,#7623,#7622);
#7625=IFCREPRESENTATIONMAP(#7624,#8216);
#7643=IFCCARTESIANPOINT((0.,0.,0.));
#7644=IFCDIRECTION((1.,0.,0.));
#7645=IFCDIRECTION((0.,0.,1.));
#7646=IFCAXIS2PLACEMENT3D(#7643,#7645,#7644);
#7647=IFCREPRESENTATIONMAP(#7646,#8239);
#7649=IFCRECTANGLEPROFILEDEF(.AREA.,'New Profile',$,0.5,0.5);
#7650=IFCMATERIALPROFILESET($,$,(#7652),$);
#7652=IFCMATERIALPROFILE($,$,#98,#7649,$,$);
#7653=IFCWINDOWTYPE('2MWNHHhW59$xwWS9PGeD3A',$,'masters-2-2f',$,$,(#7654),(#7656,#7664,#7712),$,$,.WINDOW.,.SINGLE_PANEL.,$,$);
#7654=IFCPROPERTYSET('33ip9VLFH8Kxl5jzk_YE$G',$,'BBIM_Window',$,(#7655));
#7655=IFCPROPERTYSINGLEVALUE('Data',$,IFCTEXT('{"window_type": "SINGLE_PANEL", "overall_height": 0.8999999761581421, "overall_width": 0.800000011920929, "lining_properties": {"lining_depth": 0.05000000074505806, "lining_thickness": 0.05000000074505806, "lining_offset": 0.05000000074505806, "lining_to_panel_offset_x": 0.02500000037252903, "lining_to_panel_offset_y": 0.02500000037252903}, "panel_properties": {"frame_depth": [0.03500000014901161, 0.03500000014901161, 0.03500000014901161], "frame_thickness": [0.03500000014901161, 0.03500000014901161, 0.03500000014901161]}}'),$);
#7656=IFCREPRESENTATIONMAP(#7657,#8282);
#7657=IFCAXIS2PLACEMENT3D(#7658,#7659,#7660);
#7658=IFCCARTESIANPOINT((0.,0.,0.));
#7659=IFCDIRECTION((0.,0.,1.));
#7660=IFCDIRECTION((1.,0.,0.));
#7664=IFCREPRESENTATIONMAP(#7665,#8325);
#7665=IFCAXIS2PLACEMENT3D(#7666,#7667,#7668);
#7666=IFCCARTESIANPOINT((0.,0.,0.));
#7667=IFCDIRECTION((0.,0.,1.));
#7668=IFCDIRECTION((1.,0.,0.));
#7712=IFCREPRESENTATIONMAP(#7713,#8348);
#7713=IFCAXIS2PLACEMENT3D(#7714,#7715,#7716);
#7714=IFCCARTESIANPOINT((0.,0.,0.));
#7715=IFCDIRECTION((0.,0.,1.));
#7716=IFCDIRECTION((1.,0.,0.));
#7734=IFCWINDOW('0$MyMNfEj2f9OTvxKb_l_v',$,'Window',$,$,#8264,#7743,$,0.89999997615814209,0.79981362819671631,$,.SINGLE_PANEL.,$);
#7735=IFCRELDEFINESBYTYPE('1_XMdaOiz9fvlLX7UdZf7_',$,$,$,(#7734),#7567);
#7736=IFCCARTESIANPOINT((0.,0.,0.));
#7737=IFCDIRECTION((1.,0.,0.));
#7738=IFCDIRECTION((0.,1.,0.));
#7739=IFCDIRECTION((0.,0.,1.));
#7740=IFCCARTESIANTRANSFORMATIONOPERATOR3D(#7737,#7738,#7736,1.,#7739);
#7741=IFCMAPPEDITEM(#7577,#7740);
#7742=IFCSHAPEREPRESENTATION(#18,'Profile','MappedRepresentation',(#7741));
#7743=IFCPRODUCTDEFINITIONSHAPE($,$,(#7742,#7750,#7757));
#7744=IFCCARTESIANPOINT((0.,0.,0.));
#7745=IFCDIRECTION((1.,0.,0.));
#7746=IFCDIRECTION((0.,1.,0.));
#7747=IFCDIRECTION((0.,0.,1.));
#7748=IFCCARTESIANTRANSFORMATIONOPERATOR3D(#7745,#7746,#7744,1.,#7747);
#7749=IFCMAPPEDITEM(#7625,#7748);
#7750=IFCSHAPEREPRESENTATION(#11,'Body','MappedRepresentation',(#7749));
#7751=IFCCARTESIANPOINT((0.,0.,0.));
#7752=IFCDIRECTION((1.,0.,0.));
#7753=IFCDIRECTION((0.,1.,0.));
#7754=IFCDIRECTION((0.,0.,1.));
#7755=IFCCARTESIANTRANSFORMATIONOPERATOR3D(#7752,#7753,#7751,1.,#7754);
#7756=IFCMAPPEDITEM(#7647,#7755);
#7757=IFCSHAPEREPRESENTATION(#24,'Body','MappedRepresentation',(#7756));
#7758=IFCOPENINGELEMENT('2uHlaG1Af3d9WAouJ5rdHz',$,'Opening',$,$,#8259,#7786,$,.OPENING.);
#7774=IFCCARTESIANPOINT((0.,0.,0.));
#7775=IFCDIRECTION((1.,0.,0.));
#7776=IFCDIRECTION((0.,0.,1.));
#7777=IFCAXIS2PLACEMENT3D(#7774,#7776,#7775);
#7778=IFCREPRESENTATIONMAP(#7777,#8249);
#7779=IFCCARTESIANPOINT((0.,0.,0.));
#7780=IFCDIRECTION((1.,0.,0.));
#7781=IFCDIRECTION((0.,1.,0.));
#7782=IFCDIRECTION((0.,0.,1.));
#7783=IFCCARTESIANTRANSFORMATIONOPERATOR3D(#7780,#7781,#7779,1.,#7782);
#7784=IFCMAPPEDITEM(#7778,#7783);
#7785=IFCSHAPEREPRESENTATION(#11,'Body','MappedRepresentation',(#7784));
#7786=IFCPRODUCTDEFINITIONSHAPE($,$,(#7785));
#7787=IFCRELVOIDSELEMENT('3ikpddZZz7YhnLw8UzaRBN',$,$,$,#3810,#7758);
#7793=IFCRELFILLSELEMENT('3SU1hA0eT1ZxnPBTSVXpdH',$,$,$,#7758,#7734);
#7799=IFCWINDOW('1UMf4_4cb2KhH_JLzjYyeK',$,'Window',$,$,#8373,#7808,$,0.89999997615814209,0.80000001192092896,$,.SINGLE_PANEL.,$);
#7800=IFCRELDEFINESBYTYPE('0iAq8dQh94xfVZHgaBuqBc',$,$,$,(#7799),#7653);
#7801=IFCCARTESIANPOINT((0.,0.,0.));
#7802=IFCDIRECTION((1.,0.,0.));
#7803=IFCDIRECTION((0.,1.,0.));
#7804=IFCDIRECTION((0.,0.,1.));
#7805=IFCCARTESIANTRANSFORMATIONOPERATOR3D(#7802,#7803,#7801,1.,#7804);
#7806=IFCMAPPEDITEM(#7656,#7805);
#7807=IFCSHAPEREPRESENTATION(#18,'Profile','MappedRepresentation',(#7806));
#7808=IFCPRODUCTDEFINITIONSHAPE($,$,(#7807,#7815,#7822));
#7809=IFCCARTESIANPOINT((0.,0.,0.));
#7810=IFCDIRECTION((1.,0.,0.));
#7811=IFCDIRECTION((0.,1.,0.));
#7812=IFCDIRECTION((0.,0.,1.));
#7813=IFCCARTESIANTRANSFORMATIONOPERATOR3D(#7810,#7811,#7809,1.,#7812);
#7814=IFCMAPPEDITEM(#7664,#7813);
#7815=IFCSHAPEREPRESENTATION(#11,'Body','MappedRepresentation',(#7814));
#7816=IFCCARTESIANPOINT((0.,0.,0.));
#7817=IFCDIRECTION((1.,0.,0.));
#7818=IFCDIRECTION((0.,1.,0.));
#7819=IFCDIRECTION((0.,0.,1.));
#7820=IFCCARTESIANTRANSFORMATIONOPERATOR3D(#7817,#7818,#7816,1.,#7819);
#7821=IFCMAPPEDITEM(#7712,#7820);
#7822=IFCSHAPEREPRESENTATION(#24,'Body','MappedRepresentation',(#7821));
#7823=IFCOPENINGELEMENT('0pDtLwvELAbf8d8wQh4Ryk',$,'Opening',$,$,#8368,#7851,$,.OPENING.);
#7839=IFCCARTESIANPOINT((0.,0.,0.));
#7840=IFCDIRECTION((1.,0.,0.));
#7841=IFCDIRECTION((0.,0.,1.));
#7842=IFCAXIS2PLACEMENT3D(#7839,#7841,#7840);
#7843=IFCREPRESENTATIONMAP(#7842,#8358);
#7844=IFCCARTESIANPOINT((0.,0.,0.));
#7845=IFCDIRECTION((1.,0.,0.));
#7846=IFCDIRECTION((0.,1.,0.));
#7847=IFCDIRECTION((0.,0.,1.));
#7848=IFCCARTESIANTRANSFORMATIONOPERATOR3D(#7845,#7846,#7844,1.,#7847);
#7849=IFCMAPPEDITEM(#7843,#7848);
#7850=IFCSHAPEREPRESENTATION(#11,'Body','MappedRepresentation',(#7849));
#7851=IFCPRODUCTDEFINITIONSHAPE($,$,(#7850));
#7852=IFCRELVOIDSELEMENT('3C94G4P_H0Jh_RQA7kgVvA',$,$,$,#3810,#7823);
#7858=IFCRELFILLSELEMENT('1bKmIQOc1DEg8nOugx_ZLk',$,$,$,#7823,#7799);
#7864=IFCWINDOWTYPE('04fYuZPWXB_9qTrdUwEYxw',$,'bedroom1-1-2f',$,$,(#7865),(#7874,#7922,#7944),$,$,.WINDOW.,.SINGLE_PANEL.,$,$);
#7865=IFCPROPERTYSET('0Ho7uk_JrCzegATAdgrszC',$,'BBIM_Window',$,(#7866));
#7866=IFCPROPERTYSINGLEVALUE('Data',$,IFCTEXT('{"window_type": "SINGLE_PANEL", "overall_height": 0.8999999761581421, "overall_width": 0.800000011920929, "lining_properties": {"lining_depth": 0.05000000074505806, "lining_thickness": 0.05000000074505806, "lining_offset": 0.05000000074505806, "lining_to_panel_offset_x": 0.02500000037252903, "lining_to_panel_offset_y": 0.02500000037252903}, "panel_properties": {"frame_depth": [0.03500000014901161, 0.03500000014901161, 0.03500000014901161], "frame_thickness": [0.03500000014901161, 0.03500000014901161, 0.03500000014901161]}}'),$);
#7870=IFCCARTESIANPOINT((0.,0.,0.));
#7871=IFCDIRECTION((1.,0.,0.));
#7872=IFCDIRECTION((0.,0.,1.));
#7873=IFCAXIS2PLACEMENT3D(#7870,#7872,#7871);
#7874=IFCREPRESENTATIONMAP(#7873,#8391);
#7918=IFCCARTESIANPOINT((0.,0.,0.));
#7919=IFCDIRECTION((1.,0.,0.));
#7920=IFCDIRECTION((0.,0.,1.));
#7921=IFCAXIS2PLACEMENT3D(#7918,#7920,#7919);
#7922=IFCREPRESENTATIONMAP(#7921,#8434);
#7940=IFCCARTESIANPOINT((0.,0.,0.));
#7941=IFCDIRECTION((1.,0.,0.));
#7942=IFCDIRECTION((0.,0.,1.));
#7943=IFCAXIS2PLACEMENT3D(#7940,#7942,#7941);
#7944=IFCREPRESENTATIONMAP(#7943,#8457);
#7945=IFCWINDOW('2$xedRa3z5Mh_cITHqAqTs',$,'Window',$,$,#8482,#7954,$,0.89999997615814209,0.80000001192092896,$,.SINGLE_PANEL.,$);
#7946=IFCRELDEFINESBYTYPE('31z2R1vQrD_QE1rUbjeMMZ',$,$,$,(#7945),#7864);
#7947=IFCCARTESIANPOINT((0.,0.,0.));
#7948=IFCDIRECTION((1.,0.,0.));
#7949=IFCDIRECTION((0.,1.,0.));
#7950=IFCDIRECTION((0.,0.,1.));
#7951=IFCCARTESIANTRANSFORMATIONOPERATOR3D(#7948,#7949,#7947,1.,#7950);
#7952=IFCMAPPEDITEM(#7874,#7951);
#7953=IFCSHAPEREPRESENTATION(#18,'Profile','MappedRepresentation',(#7952));
#7954=IFCPRODUCTDEFINITIONSHAPE($,$,(#7953,#7961,#7968));
#7955=IFCCARTESIANPOINT((0.,0.,0.));
#7956=IFCDIRECTION((1.,0.,0.));
#7957=IFCDIRECTION((0.,1.,0.));
#7958=IFCDIRECTION((0.,0.,1.));
#7959=IFCCARTESIANTRANSFORMATIONOPERATOR3D(#7956,#7957,#7955,1.,#7958);
#7960=IFCMAPPEDITEM(#7922,#7959);
#7961=IFCSHAPEREPRESENTATION(#11,'Body','MappedRepresentation',(#7960));
#7962=IFCCARTESIANPOINT((0.,0.,0.));
#7963=IFCDIRECTION((1.,0.,0.));
#7964=IFCDIRECTION((0.,1.,0.));
#7965=IFCDIRECTION((0.,0.,1.));
#7966=IFCCARTESIANTRANSFORMATIONOPERATOR3D(#7963,#7964,#7962,1.,#7965);
#7967=IFCMAPPEDITEM(#7944,#7966);
#7968=IFCSHAPEREPRESENTATION(#24,'Body','MappedRepresentation',(#7967));
#7969=IFCOPENINGELEMENT('3o0wEGp_j9wRJc75GGN$HV',$,'Opening',$,$,#8477,#7997,$,.OPENING.);
#7985=IFCCARTESIANPOINT((0.,0.,0.));
#7986=IFCDIRECTION((1.,0.,0.));
#7987=IFCDIRECTION((0.,0.,1.));
#7988=IFCAXIS2PLACEMENT3D(#7985,#7987,#7986);
#7989=IFCREPRESENTATIONMAP(#7988,#8467);
#7990=IFCCARTESIANPOINT((0.,0.,0.));
#7991=IFCDIRECTION((1.,0.,0.));
#7992=IFCDIRECTION((0.,1.,0.));
#7993=IFCDIRECTION((0.,0.,1.));
#7994=IFCCARTESIANTRANSFORMATIONOPERATOR3D(#7991,#7992,#7990,1.,#7993);
#7995=IFCMAPPEDITEM(#7989,#7994);
#7996=IFCSHAPEREPRESENTATION(#11,'Body','MappedRepresentation',(#7995));
#7997=IFCPRODUCTDEFINITIONSHAPE($,$,(#7996));
#7998=IFCRELVOIDSELEMENT('1TW3B4FBnCKAuQ0SYb04Ud',$,$,$,#3810,#7969);
#8004=IFCRELFILLSELEMENT('216htX5rf84Oaon0EsIFEW',$,$,$,#7969,#7945);
#8010=IFCWINDOWTYPE('3b7MpH_hzE_vlzvN7vyaoi',$,'bedroom1-2-2f',$,$,(#8011),(#8013,#8021,#8069),$,$,.WINDOW.,.SINGLE_PANEL.,$,$);
#8011=IFCPROPERTYSET('2C3G69Zhv9ZBeuvNLs7vax',$,'BBIM_Window',$,(#8012));
#8012=IFCPROPERTYSINGLEVALUE('Data',$,IFCTEXT('{"window_type": "DOUBLE_PANEL_VERTICAL", "overall_height": 0.8999999761581421, "overall_width": 1.2000000476837158, "lining_properties": {"lining_depth": 0.05000000074505806, "lining_thickness": 0.05000000074505806, "lining_offset": 0.05000000074505806, "lining_to_panel_offset_x": 0.02500000037252903, "lining_to_panel_offset_y": 0.02500000037252903, "mullion_thickness": 0.05000000074505806, "first_mullion_offset": 0.6000000238418579}, "panel_properties": {"frame_depth": [0.03500000014901161, 0.03500000014901161, 0.03500000014901161], "frame_thickness": [0.03500000014901161, 0.03500000014901161, 0.03500000014901161]}}'),$);
#8013=IFCREPRESENTATIONMAP(#8014,#8500);
#8014=IFCAXIS2PLACEMENT3D(#8015,#8016,#8017);
#8015=IFCCARTESIANPOINT((0.,0.,0.));
#8016=IFCDIRECTION((0.,0.,1.));
#8017=IFCDIRECTION((1.,0.,0.));
#8021=IFCREPRESENTATIONMAP(#8022,#8581);
#8022=IFCAXIS2PLACEMENT3D(#8023,#8024,#8025);
#8023=IFCCARTESIANPOINT((0.,0.,0.));
#8024=IFCDIRECTION((0.,0.,1.));
#8025=IFCDIRECTION((1.,0.,0.));
#8069=IFCREPRESENTATIONMAP(#8070,#8620);
#8070=IFCAXIS2PLACEMENT3D(#8071,#8072,#8073);
#8071=IFCCARTESIANPOINT((0.,0.,0.));
#8072=IFCDIRECTION((0.,0.,1.));
#8073=IFCDIRECTION((1.,0.,0.));
#8091=IFCWINDOW('1Qt6n$1yD79gOhFXkmrQmX',$,'Window',$,$,#8645,#8100,$,0.89999997615814209,1.2000000476837158,$,.DOUBLE_PANEL_VERTICAL.,$);
#8092=IFCRELDEFINESBYTYPE('1mHAu4a0r8Lhzj3cyL24iV',$,$,$,(#8091),#8010);
#8093=IFCCARTESIANPOINT((0.,0.,0.));
#8094=IFCDIRECTION((1.,0.,0.));
#8095=IFCDIRECTION((0.,1.,0.));
#8096=IFCDIRECTION((0.,0.,1.));
#8097=IFCCARTESIANTRANSFORMATIONOPERATOR3D(#8094,#8095,#8093,1.,#8096);
#8098=IFCMAPPEDITEM(#8013,#8097);
#8099=IFCSHAPEREPRESENTATION(#18,'Profile','MappedRepresentation',(#8098));
#8100=IFCPRODUCTDEFINITIONSHAPE($,$,(#8099,#8107,#8114));
#8101=IFCCARTESIANPOINT((0.,0.,0.));
#8102=IFCDIRECTION((1.,0.,0.));
#8103=IFCDIRECTION((0.,1.,0.));
#8104=IFCDIRECTION((0.,0.,1.));
#8105=IFCCARTESIANTRANSFORMATIONOPERATOR3D(#8102,#8103,#8101,1.,#8104);
#8106=IFCMAPPEDITEM(#8021,#8105);
#8107=IFCSHAPEREPRESENTATION(#11,'Body','MappedRepresentation',(#8106));
#8108=IFCCARTESIANPOINT((0.,0.,0.));
#8109=IFCDIRECTION((1.,0.,0.));
#8110=IFCDIRECTION((0.,1.,0.));
#8111=IFCDIRECTION((0.,0.,1.));
#8112=IFCCARTESIANTRANSFORMATIONOPERATOR3D(#8109,#8110,#8108,1.,#8111);
#8113=IFCMAPPEDITEM(#8069,#8112);
#8114=IFCSHAPEREPRESENTATION(#24,'Body','MappedRepresentation',(#8113));
#8115=IFCOPENINGELEMENT('30fAX0qmPD4B1YZ4RPCuC2',$,'Opening',$,$,#8640,#8143,$,.OPENING.);
#8131=IFCCARTESIANPOINT((0.,0.,0.));
#8132=IFCDIRECTION((1.,0.,0.));
#8133=IFCDIRECTION((0.,0.,1.));
#8134=IFCAXIS2PLACEMENT3D(#8131,#8133,#8132);
#8135=IFCREPRESENTATIONMAP(#8134,#8630);
#8136=IFCCARTESIANPOINT((0.,0.,0.));
#8137=IFCDIRECTION((1.,0.,0.));
#8138=IFCDIRECTION((0.,1.,0.));
#8139=IFCDIRECTION((0.,0.,1.));
#8140=IFCCARTESIANTRANSFORMATIONOPERATOR3D(#8137,#8138,#8136,1.,#8139);
#8141=IFCMAPPEDITEM(#8135,#8140);
#8142=IFCSHAPEREPRESENTATION(#11,'Body','MappedRepresentation',(#8141));
#8143=IFCPRODUCTDEFINITIONSHAPE($,$,(#8142));
#8144=IFCRELVOIDSELEMENT('141wT2Lf54kBGbzNj9aSaR',$,$,$,#3785,#8115);
#8150=IFCRELFILLSELEMENT('2MZbuFHaT7eB$bLM8d2vzh',$,$,$,#8115,#8091);
#8171=IFCCARTESIANPOINTLIST3D(((0.,0.,0.),(0.79981362819671631,0.,0.),(0.79981362819671631,0.,0.89999997615814209),(0.,0.,0.89999997615814209)));
#8172=IFCINDEXEDPOLYCURVE(#8171,(IFCLINEINDEX((1,2,3,4,1))),$);
#8173=IFCSHAPEREPRESENTATION(#18,'Profile','Curve3D',(#8172));
#8174=IFCCARTESIANPOINTLIST2D(((0.,0.),(0.79981362819671631,0.),(0.79981362819671631,0.89999997615814209),(0.,0.89999997615814209)));
#8175=IFCINDEXEDPOLYCURVE(#8174,(IFCLINEINDEX((1,2,3,4,1))),$);
#8176=IFCCARTESIANPOINTLIST2D(((0.02500000037252903,0.02500000037252903),(0.77481362782418728,0.02500000037252903),(0.77481362782418728,0.87499997578561306),(0.02500000037252903,0.87499997578561306)));
#8177=IFCINDEXEDPOLYCURVE(#8176,(IFCLINEINDEX((1,2,3,4,1))),$);
#8178=IFCARBITRARYPROFILEDEFWITHVOIDS(.AREA.,$,#8175,(#8177));
#8179=IFCCARTESIANPOINT((0.,0.090000001713633537,0.));
#8180=IFCDIRECTION((0.,-1.,0.));
#8181=IFCDIRECTION((1.,0.,0.));
#8182=IFCAXIS2PLACEMENT3D(#8179,#8180,#8181);
#8183=IFCDIRECTION((0.,0.,-1.));
#8184=IFCEXTRUDEDAREASOLID(#8178,#8182,#8183,0.0099999997764825821);
#8185=IFCCARTESIANPOINTLIST2D(((0.,0.),(0.79981362819671631,0.),(0.79981362819671631,0.89999997615814209),(0.,0.89999997615814209)));
#8186=IFCINDEXEDPOLYCURVE(#8185,(IFCLINEINDEX((1,2,3,4,1))),$);
#8187=IFCCARTESIANPOINTLIST2D(((0.05000000074505806,0.05000000074505806),(0.74981362745165825,0.05000000074505806),(0.74981362745165825,0.84999997541308403),(0.05000000074505806,0.84999997541308403)));
#8188=IFCINDEXEDPOLYCURVE(#8187,(IFCLINEINDEX((1,2,3,4,1))),$);
#8189=IFCARBITRARYPROFILEDEFWITHVOIDS(.AREA.,$,#8186,(#8188));
#8190=IFCCARTESIANPOINT((0.,0.05000000074505806,0.));
#8191=IFCDIRECTION((0.,-1.,0.));
#8192=IFCDIRECTION((1.,0.,0.));
#8193=IFCAXIS2PLACEMENT3D(#8190,#8191,#8192);
#8194=IFCDIRECTION((0.,0.,-1.));
#8195=IFCEXTRUDEDAREASOLID(#8189,#8193,#8194,0.040000000968575478);
#8196=IFCCARTESIANPOINTLIST2D(((0.,0.),(0.74981362745165825,0.),(0.74981362745165825,0.84999997541308403),(0.,0.84999997541308403)));
#8197=IFCINDEXEDPOLYCURVE(#8196,(IFCLINEINDEX((1,2,3,4,1))),$);
#8198=IFCCARTESIANPOINTLIST2D(((0.035000000149011612,0.035000000149011612),(0.71481362730264664,0.035000000149011612),(0.71481362730264664,0.81499997526407242),(0.035000000149011612,0.81499997526407242)));
#8199=IFCINDEXEDPOLYCURVE(#8198,(IFCLINEINDEX((1,2,3,4,1))),$);
#8200=IFCARBITRARYPROFILEDEFWITHVOIDS(.AREA.,$,#8197,(#8199));
#8201=IFCCARTESIANPOINT((0.02500000037252903,0.090000001713633537,0.02500000037252903));
#8202=IFCDIRECTION((0.,-1.,0.));
#8203=IFCDIRECTION((1.,0.,0.));
#8204=IFCAXIS2PLACEMENT3D(#8201,#8202,#8203);
#8205=IFCDIRECTION((0.,0.,-1.));
#8206=IFCEXTRUDEDAREASOLID(#8200,#8204,#8205,0.035000000149011612);
#8207=IFCINDEXEDPOLYCURVE(#8208,(IFCLINEINDEX((1,2,3,4,1))),$);
#8208=IFCCARTESIANPOINTLIST2D(((0.035000000149011612,0.035000000149011612),(0.71481362730264664,0.035000000149011612),(0.71481362730264664,0.81499997526407242),(0.035000000149011612,0.81499997526407242)));
#8209=IFCARBITRARYCLOSEDPROFILEDEF(.AREA.,$,#8207);
#8210=IFCCARTESIANPOINT((0.02500000037252903,0.10250000178813934,0.02500000037252903));
#8211=IFCDIRECTION((0.,-1.,0.));
#8212=IFCDIRECTION((1.,0.,0.));
#8213=IFCAXIS2PLACEMENT3D(#8210,#8211,#8212);
#8214=IFCDIRECTION((0.,0.,-1.));
#8215=IFCEXTRUDEDAREASOLID(#8209,#8213,#8214,0.01);
#8216=IFCSHAPEREPRESENTATION(#11,'Body','SweptSolid',(#8184,#8195,#8206,#8215));
#8217=IFCSHAPEREPRESENTATION(#11,'Body','SweptSolid',(#8184,#8195));
#8218=IFCSHAPEASPECT((#8217),'Lining',$,.T.,#7743);
#8219=IFCSHAPEREPRESENTATION(#11,'Body','SweptSolid',(#8206));
#8220=IFCSHAPEASPECT((#8219),'Framing',$,.T.,#7743);
#8221=IFCSHAPEREPRESENTATION(#11,'Body','SweptSolid',(#8215));
#8222=IFCSHAPEASPECT((#8221),'Glazing',$,.T.,#7743);
#8223=IFCCARTESIANPOINTLIST2D(((0.05000000074505806,0.05000000074505806),(0.74981362745165825,0.05000000074505806)));
#8224=IFCINDEXEDPOLYCURVE(#8223,$,$);
#8225=IFCCARTESIANPOINTLIST2D(((0.,0.10000000149011612),(0.02500000037252903,0.10000000149011612),(0.02500000037252903,0.090000001713633537),(0.05000000074505806,0.090000001713633537),(0.05000000074505806,0.05000000074505806),(0.,0.05000000074505806)));
#8226=IFCINDEXEDPOLYCURVE(#8225,(IFCLINEINDEX((1,2,3,4,5,6,1))),$);
#8227=IFCCARTESIANPOINTLIST2D(((0.79981362819671631,0.10000000149011612),(0.77481362782418728,0.10000000149011612),(0.77481362782418728,0.090000001713633537),(0.74981362745165825,0.090000001713633537),(0.74981362745165825,0.05000000074505806),(0.79981362819671631,0.05000000074505806)));
#8228=IFCINDEXEDPOLYCURVE(#8227,(IFCLINEINDEX((1,2,3,4,5,6,1))),$);
#8229=IFCCARTESIANPOINTLIST2D(((0.02500000037252903,0.090000001713633537),(0.060000000521540642,0.090000001713633537),(0.060000000521540642,0.12500000186264515),(0.02500000037252903,0.12500000186264515)));
#8230=IFCINDEXEDPOLYCURVE(#8229,(IFCLINEINDEX((1,2,3,4,1))),$);
#8231=IFCINDEXEDPOLYCURVE(#8232,(IFCLINEINDEX((1,2,3,4,1))),$);
#8232=IFCCARTESIANPOINTLIST2D(((0.77481362782418728,0.090000001713633537),(0.73981362767517567,0.090000001713633537),(0.73981362767517567,0.12500000186264515),(0.77481362782418728,0.12500000186264515)));
#8233=IFCCARTESIANPOINTLIST2D(((0.060000000521540642,0.090000001713633537),(0.73981362767517567,0.090000001713633537)));
#8234=IFCINDEXEDPOLYCURVE(#8233,$,$);
#8235=IFCINDEXEDPOLYCURVE(#8236,$,$);
#8236=IFCCARTESIANPOINTLIST2D(((0.060000000521540642,0.12500000186264515),(0.73981362767517567,0.12500000186264515)));
#8237=IFCINDEXEDPOLYCURVE(#8238,$,$);
#8238=IFCCARTESIANPOINTLIST2D(((0.060000000521540642,0.10750000178813934),(0.73981362767517567,0.10750000178813934)));
#8239=IFCSHAPEREPRESENTATION(#24,'Body','Curve2D',(#8224,#8226,#8228,#8230,#8231,#8234,#8235,#8237));
#8240=IFCCARTESIANPOINTLIST2D(((0.,0.),(0.79981362819671631,0.),(0.79981362819671631,0.89999997615814209),(0.,0.89999997615814209)));
#8241=IFCINDEXEDPOLYCURVE(#8240,(IFCLINEINDEX((1,2,3,4,1))),$);
#8242=IFCARBITRARYCLOSEDPROFILEDEF(.AREA.,$,#8241);
#8243=IFCCARTESIANPOINT((0.,-0.60000002384185791,0.));
#8244=IFCDIRECTION((0.,-1.,0.));
#8245=IFCDIRECTION((1.,0.,0.));
#8246=IFCAXIS2PLACEMENT3D(#8243,#8244,#8245);
#8247=IFCDIRECTION((0.,0.,-1.));
#8248=IFCEXTRUDEDAREASOLID(#8242,#8246,#8247,1.2);
#8249=IFCSHAPEREPRESENTATION(#11,'Body','SweptSolid',(#8248));
#8255=IFCCARTESIANPOINT((6.0757637540407803,7.3338555051094545E-07,1.));
#8256=IFCDIRECTION((0.,0.,1.));
#8257=IFCDIRECTION((0.99999999999999289,1.1920928244535129E-07,0.));
#8258=IFCAXIS2PLACEMENT3D(#8255,#8256,#8257);
#8259=IFCLOCALPLACEMENT(#4192,#8258);
#8260=IFCCARTESIANPOINT((0.,0.,0.));
#8261=IFCDIRECTION((0.,0.,1.));
#8262=IFCDIRECTION((1.,0.,0.));
#8263=IFCAXIS2PLACEMENT3D(#8260,#8261,#8262);
#8264=IFCLOCALPLACEMENT(#8259,#8263);
#8280=IFCCARTESIANPOINTLIST3D(((0.,0.,0.),(0.80000001192092896,0.,0.),(0.80000001192092896,0.,0.89999997615814209),(0.,0.,0.89999997615814209)));
#8281=IFCINDEXEDPOLYCURVE(#8280,(IFCLINEINDEX((1,2,3,4,1))),$);
#8282=IFCSHAPEREPRESENTATION(#18,'Profile','Curve3D',(#8281));
#8283=IFCCARTESIANPOINTLIST2D(((0.,0.),(0.80000001192092896,0.),(0.80000001192092896,0.89999997615814209),(0.,0.89999997615814209)));
#8284=IFCINDEXEDPOLYCURVE(#8283,(IFCLINEINDEX((1,2,3,4,1))),$);
#8285=IFCCARTESIANPOINTLIST2D(((0.02500000037252903,0.02500000037252903),(0.77500001154839993,0.02500000037252903),(0.77500001154839993,0.87499997578561306),(0.02500000037252903,0.87499997578561306)));
#8286=IFCINDEXEDPOLYCURVE(#8285,(IFCLINEINDEX((1,2,3,4,1))),$);
#8287=IFCARBITRARYPROFILEDEFWITHVOIDS(.AREA.,$,#8284,(#8286));
#8288=IFCCARTESIANPOINT((0.,0.090000001713633537,0.));
#8289=IFCDIRECTION((0.,-1.,0.));
#8290=IFCDIRECTION((1.,0.,0.));
#8291=IFCAXIS2PLACEMENT3D(#8288,#8289,#8290);
#8292=IFCDIRECTION((0.,0.,-1.));
#8293=IFCEXTRUDEDAREASOLID(#8287,#8291,#8292,0.0099999997764825821);
#8294=IFCCARTESIANPOINTLIST2D(((0.,0.),(0.80000001192092896,0.),(0.80000001192092896,0.89999997615814209),(0.,0.89999997615814209)));
#8295=IFCINDEXEDPOLYCURVE(#8294,(IFCLINEINDEX((1,2,3,4,1))),$);
#8296=IFCCARTESIANPOINTLIST2D(((0.05000000074505806,0.05000000074505806),(0.7500000111758709,0.05000000074505806),(0.7500000111758709,0.84999997541308403),(0.05000000074505806,0.84999997541308403)));
#8297=IFCINDEXEDPOLYCURVE(#8296,(IFCLINEINDEX((1,2,3,4,1))),$);
#8298=IFCARBITRARYPROFILEDEFWITHVOIDS(.AREA.,$,#8295,(#8297));
#8299=IFCCARTESIANPOINT((0.,0.05000000074505806,0.));
#8300=IFCDIRECTION((0.,-1.,0.));
#8301=IFCDIRECTION((1.,0.,0.));
#8302=IFCAXIS2PLACEMENT3D(#8299,#8300,#8301);
#8303=IFCDIRECTION((0.,0.,-1.));
#8304=IFCEXTRUDEDAREASOLID(#8298,#8302,#8303,0.040000000968575478);
#8305=IFCCARTESIANPOINTLIST2D(((0.,0.),(0.7500000111758709,0.),(0.7500000111758709,0.84999997541308403),(0.,0.84999997541308403)));
#8306=IFCINDEXEDPOLYCURVE(#8305,(IFCLINEINDEX((1,2,3,4,1))),$);
#8307=IFCCARTESIANPOINTLIST2D(((0.035000000149011612,0.035000000149011612),(0.71500001102685928,0.035000000149011612),(0.71500001102685928,0.81499997526407242),(0.035000000149011612,0.81499997526407242)));
#8308=IFCINDEXEDPOLYCURVE(#8307,(IFCLINEINDEX((1,2,3,4,1))),$);
#8309=IFCARBITRARYPROFILEDEFWITHVOIDS(.AREA.,$,#8306,(#8308));
#8310=IFCCARTESIANPOINT((0.02500000037252903,0.090000001713633537,0.02500000037252903));
#8311=IFCDIRECTION((0.,-1.,0.));
#8312=IFCDIRECTION((1.,0.,0.));
#8313=IFCAXIS2PLACEMENT3D(#8310,#8311,#8312);
#8314=IFCDIRECTION((0.,0.,-1.));
#8315=IFCEXTRUDEDAREASOLID(#8309,#8313,#8314,0.035000000149011612);
#8316=IFCINDEXEDPOLYCURVE(#8317,(IFCLINEINDEX((1,2,3,4,1))),$);
#8317=IFCCARTESIANPOINTLIST2D(((0.035000000149011612,0.035000000149011612),(0.71500001102685928,0.035000000149011612),(0.71500001102685928,0.81499997526407242),(0.035000000149011612,0.81499997526407242)));
#8318=IFCARBITRARYCLOSEDPROFILEDEF(.AREA.,$,#8316);
#8319=IFCCARTESIANPOINT((0.02500000037252903,0.10250000178813934,0.02500000037252903));
#8320=IFCDIRECTION((0.,-1.,0.));
#8321=IFCDIRECTION((1.,0.,0.));
#8322=IFCAXIS2PLACEMENT3D(#8319,#8320,#8321);
#8323=IFCDIRECTION((0.,0.,-1.));
#8324=IFCEXTRUDEDAREASOLID(#8318,#8322,#8323,0.01);
#8325=IFCSHAPEREPRESENTATION(#11,'Body','SweptSolid',(#8293,#8304,#8315,#8324));
#8326=IFCSHAPEREPRESENTATION(#11,'Body','SweptSolid',(#8293,#8304));
#8327=IFCSHAPEASPECT((#8326),'Lining',$,.T.,#7808);
#8328=IFCSHAPEREPRESENTATION(#11,'Body','SweptSolid',(#8315));
#8329=IFCSHAPEASPECT((#8328),'Framing',$,.T.,#7808);
#8330=IFCSHAPEREPRESENTATION(#11,'Body','SweptSolid',(#8324));
#8331=IFCSHAPEASPECT((#8330),'Glazing',$,.T.,#7808);
#8332=IFCCARTESIANPOINTLIST2D(((0.05000000074505806,0.05000000074505806),(0.7500000111758709,0.05000000074505806)));
#8333=IFCINDEXEDPOLYCURVE(#8332,$,$);
#8334=IFCCARTESIANPOINTLIST2D(((0.,0.10000000149011612),(0.02500000037252903,0.10000000149011612),(0.02500000037252903,0.090000001713633537),(0.05000000074505806,0.090000001713633537),(0.05000000074505806,0.05000000074505806),(0.,0.05000000074505806)));
#8335=IFCINDEXEDPOLYCURVE(#8334,(IFCLINEINDEX((1,2,3,4,5,6,1))),$);
#8336=IFCCARTESIANPOINTLIST2D(((0.80000001192092896,0.10000000149011612),(0.77500001154839993,0.10000000149011612),(0.77500001154839993,0.090000001713633537),(0.7500000111758709,0.090000001713633537),(0.7500000111758709,0.05000000074505806),(0.80000001192092896,0.05000000074505806)));
#8337=IFCINDEXEDPOLYCURVE(#8336,(IFCLINEINDEX((1,2,3,4,5,6,1))),$);
#8338=IFCCARTESIANPOINTLIST2D(((0.02500000037252903,0.090000001713633537),(0.060000000521540642,0.090000001713633537),(0.060000000521540642,0.12500000186264515),(0.02500000037252903,0.12500000186264515)));
#8339=IFCINDEXEDPOLYCURVE(#8338,(IFCLINEINDEX((1,2,3,4,1))),$);
#8340=IFCINDEXEDPOLYCURVE(#8341,(IFCLINEINDEX((1,2,3,4,1))),$);
#8341=IFCCARTESIANPOINTLIST2D(((0.77500001154839993,0.090000001713633537),(0.74000001139938831,0.090000001713633537),(0.74000001139938831,0.12500000186264515),(0.77500001154839993,0.12500000186264515)));
#8342=IFCCARTESIANPOINTLIST2D(((0.060000000521540642,0.090000001713633537),(0.74000001139938831,0.090000001713633537)));
#8343=IFCINDEXEDPOLYCURVE(#8342,$,$);
#8344=IFCINDEXEDPOLYCURVE(#8345,$,$);
#8345=IFCCARTESIANPOINTLIST2D(((0.060000000521540642,0.12500000186264515),(0.74000001139938831,0.12500000186264515)));
#8346=IFCINDEXEDPOLYCURVE(#8347,$,$);
#8347=IFCCARTESIANPOINTLIST2D(((0.060000000521540642,0.10750000178813934),(0.74000001139938831,0.10750000178813934)));
#8348=IFCSHAPEREPRESENTATION(#24,'Body','Curve2D',(#8333,#8335,#8337,#8339,#8340,#8343,#8344,#8346));
#8349=IFCCARTESIANPOINTLIST2D(((0.,0.),(0.80000001192092896,0.),(0.80000001192092896,0.89999997615814209),(0.,0.89999997615814209)));
#8350=IFCINDEXEDPOLYCURVE(#8349,(IFCLINEINDEX((1,2,3,4,1))),$);
#8351=IFCARBITRARYCLOSEDPROFILEDEF(.AREA.,$,#8350);
#8352=IFCCARTESIANPOINT((0.,-0.60000002384185791,0.));
#8353=IFCDIRECTION((0.,-1.,0.));
#8354=IFCDIRECTION((1.,0.,0.));
#8355=IFCAXIS2PLACEMENT3D(#8352,#8353,#8354);
#8356=IFCDIRECTION((0.,0.,-1.));
#8357=IFCEXTRUDEDAREASOLID(#8351,#8355,#8356,1.2);
#8358=IFCSHAPEREPRESENTATION(#11,'Body','SweptSolid',(#8357));
#8364=IFCCARTESIANPOINT((3.5259349862642626,4.4905511309423218E-07,1.));
#8365=IFCDIRECTION((0.,0.,1.));
#8366=IFCDIRECTION((0.99999999999999289,1.1920928244535129E-07,0.));
#8367=IFCAXIS2PLACEMENT3D(#8364,#8365,#8366);
#8368=IFCLOCALPLACEMENT(#4192,#8367);
#8369=IFCCARTESIANPOINT((0.,0.,0.));
#8370=IFCDIRECTION((0.,0.,1.));
#8371=IFCDIRECTION((1.,0.,0.));
#8372=IFCAXIS2PLACEMENT3D(#8369,#8370,#8371);
#8373=IFCLOCALPLACEMENT(#8368,#8372);
#8389=IFCCARTESIANPOINTLIST3D(((0.,0.,0.),(0.80000001192092896,0.,0.),(0.80000001192092896,0.,0.89999997615814209),(0.,0.,0.89999997615814209)));
#8390=IFCINDEXEDPOLYCURVE(#8389,(IFCLINEINDEX((1,2,3,4,1))),$);
#8391=IFCSHAPEREPRESENTATION(#18,'Profile','Curve3D',(#8390));
#8392=IFCCARTESIANPOINTLIST2D(((0.,0.),(0.80000001192092896,0.),(0.80000001192092896,0.89999997615814209),(0.,0.89999997615814209)));
#8393=IFCINDEXEDPOLYCURVE(#8392,(IFCLINEINDEX((1,2,3,4,1))),$);
#8394=IFCCARTESIANPOINTLIST2D(((0.02500000037252903,0.02500000037252903),(0.77500001154839993,0.02500000037252903),(0.77500001154839993,0.87499997578561306),(0.02500000037252903,0.87499997578561306)));
#8395=IFCINDEXEDPOLYCURVE(#8394,(IFCLINEINDEX((1,2,3,4,1))),$);
#8396=IFCARBITRARYPROFILEDEFWITHVOIDS(.AREA.,$,#8393,(#8395));
#8397=IFCCARTESIANPOINT((0.,0.090000001713633537,0.));
#8398=IFCDIRECTION((0.,-1.,0.));
#8399=IFCDIRECTION((1.,0.,0.));
#8400=IFCAXIS2PLACEMENT3D(#8397,#8398,#8399);
#8401=IFCDIRECTION((0.,0.,-1.));
#8402=IFCEXTRUDEDAREASOLID(#8396,#8400,#8401,0.0099999997764825821);
#8403=IFCCARTESIANPOINTLIST2D(((0.,0.),(0.80000001192092896,0.),(0.80000001192092896,0.89999997615814209),(0.,0.89999997615814209)));
#8404=IFCINDEXEDPOLYCURVE(#8403,(IFCLINEINDEX((1,2,3,4,1))),$);
#8405=IFCCARTESIANPOINTLIST2D(((0.05000000074505806,0.05000000074505806),(0.7500000111758709,0.05000000074505806),(0.7500000111758709,0.84999997541308403),(0.05000000074505806,0.84999997541308403)));
#8406=IFCINDEXEDPOLYCURVE(#8405,(IFCLINEINDEX((1,2,3,4,1))),$);
#8407=IFCARBITRARYPROFILEDEFWITHVOIDS(.AREA.,$,#8404,(#8406));
#8408=IFCCARTESIANPOINT((0.,0.05000000074505806,0.));
#8409=IFCDIRECTION((0.,-1.,0.));
#8410=IFCDIRECTION((1.,0.,0.));
#8411=IFCAXIS2PLACEMENT3D(#8408,#8409,#8410);
#8412=IFCDIRECTION((0.,0.,-1.));
#8413=IFCEXTRUDEDAREASOLID(#8407,#8411,#8412,0.040000000968575478);
#8414=IFCCARTESIANPOINTLIST2D(((0.,0.),(0.7500000111758709,0.),(0.7500000111758709,0.84999997541308403),(0.,0.84999997541308403)));
#8415=IFCINDEXEDPOLYCURVE(#8414,(IFCLINEINDEX((1,2,3,4,1))),$);
#8416=IFCCARTESIANPOINTLIST2D(((0.035000000149011612,0.035000000149011612),(0.71500001102685928,0.035000000149011612),(0.71500001102685928,0.81499997526407242),(0.035000000149011612,0.81499997526407242)));
#8417=IFCINDEXEDPOLYCURVE(#8416,(IFCLINEINDEX((1,2,3,4,1))),$);
#8418=IFCARBITRARYPROFILEDEFWITHVOIDS(.AREA.,$,#8415,(#8417));
#8419=IFCCARTESIANPOINT((0.02500000037252903,0.090000001713633537,0.02500000037252903));
#8420=IFCDIRECTION((0.,-1.,0.));
#8421=IFCDIRECTION((1.,0.,0.));
#8422=IFCAXIS2PLACEMENT3D(#8419,#8420,#8421);
#8423=IFCDIRECTION((0.,0.,-1.));
#8424=IFCEXTRUDEDAREASOLID(#8418,#8422,#8423,0.035000000149011612);
#8425=IFCINDEXEDPOLYCURVE(#8426,(IFCLINEINDEX((1,2,3,4,1))),$);
#8426=IFCCARTESIANPOINTLIST2D(((0.035000000149011612,0.035000000149011612),(0.71500001102685928,0.035000000149011612),(0.71500001102685928,0.81499997526407242),(0.035000000149011612,0.81499997526407242)));
#8427=IFCARBITRARYCLOSEDPROFILEDEF(.AREA.,$,#8425);
#8428=IFCCARTESIANPOINT((0.02500000037252903,0.10250000178813934,0.02500000037252903));
#8429=IFCDIRECTION((0.,-1.,0.));
#8430=IFCDIRECTION((1.,0.,0.));
#8431=IFCAXIS2PLACEMENT3D(#8428,#8429,#8430);
#8432=IFCDIRECTION((0.,0.,-1.));
#8433=IFCEXTRUDEDAREASOLID(#8427,#8431,#8432,0.01);
#8434=IFCSHAPEREPRESENTATION(#11,'Body','SweptSolid',(#8402,#8413,#8424,#8433));
#8435=IFCSHAPEREPRESENTATION(#11,'Body','SweptSolid',(#8402,#8413));
#8436=IFCSHAPEASPECT((#8435),'Lining',$,.T.,#7954);
#8437=IFCSHAPEREPRESENTATION(#11,'Body','SweptSolid',(#8424));
#8438=IFCSHAPEASPECT((#8437),'Framing',$,.T.,#7954);
#8439=IFCSHAPEREPRESENTATION(#11,'Body','SweptSolid',(#8433));
#8440=IFCSHAPEASPECT((#8439),'Glazing',$,.T.,#7954);
#8441=IFCCARTESIANPOINTLIST2D(((0.05000000074505806,0.05000000074505806),(0.7500000111758709,0.05000000074505806)));
#8442=IFCINDEXEDPOLYCURVE(#8441,$,$);
#8443=IFCCARTESIANPOINTLIST2D(((0.,0.10000000149011612),(0.02500000037252903,0.10000000149011612),(0.02500000037252903,0.090000001713633537),(0.05000000074505806,0.090000001713633537),(0.05000000074505806,0.05000000074505806),(0.,0.05000000074505806)));
#8444=IFCINDEXEDPOLYCURVE(#8443,(IFCLINEINDEX((1,2,3,4,5,6,1))),$);
#8445=IFCCARTESIANPOINTLIST2D(((0.80000001192092896,0.10000000149011612),(0.77500001154839993,0.10000000149011612),(0.77500001154839993,0.090000001713633537),(0.7500000111758709,0.090000001713633537),(0.7500000111758709,0.05000000074505806),(0.80000001192092896,0.05000000074505806)));
#8446=IFCINDEXEDPOLYCURVE(#8445,(IFCLINEINDEX((1,2,3,4,5,6,1))),$);
#8447=IFCCARTESIANPOINTLIST2D(((0.02500000037252903,0.090000001713633537),(0.060000000521540642,0.090000001713633537),(0.060000000521540642,0.12500000186264515),(0.02500000037252903,0.12500000186264515)));
#8448=IFCINDEXEDPOLYCURVE(#8447,(IFCLINEINDEX((1,2,3,4,1))),$);
#8449=IFCINDEXEDPOLYCURVE(#8450,(IFCLINEINDEX((1,2,3,4,1))),$);
#8450=IFCCARTESIANPOINTLIST2D(((0.77500001154839993,0.090000001713633537),(0.74000001139938831,0.090000001713633537),(0.74000001139938831,0.12500000186264515),(0.77500001154839993,0.12500000186264515)));
#8451=IFCCARTESIANPOINTLIST2D(((0.060000000521540642,0.090000001713633537),(0.74000001139938831,0.090000001713633537)));
#8452=IFCINDEXEDPOLYCURVE(#8451,$,$);
#8453=IFCINDEXEDPOLYCURVE(#8454,$,$);
#8454=IFCCARTESIANPOINTLIST2D(((0.060000000521540642,0.12500000186264515),(0.74000001139938831,0.12500000186264515)));
#8455=IFCINDEXEDPOLYCURVE(#8456,$,$);
#8456=IFCCARTESIANPOINTLIST2D(((0.060000000521540642,0.10750000178813934),(0.74000001139938831,0.10750000178813934)));
#8457=IFCSHAPEREPRESENTATION(#24,'Body','Curve2D',(#8442,#8444,#8446,#8448,#8449,#8452,#8453,#8455));
#8458=IFCCARTESIANPOINTLIST2D(((0.,0.),(0.80000001192092896,0.),(0.80000001192092896,0.89999997615814209),(0.,0.89999997615814209)));
#8459=IFCINDEXEDPOLYCURVE(#8458,(IFCLINEINDEX((1,2,3,4,1))),$);
#8460=IFCARBITRARYCLOSEDPROFILEDEF(.AREA.,$,#8459);
#8461=IFCCARTESIANPOINT((0.,-0.60000002384185791,0.));
#8462=IFCDIRECTION((0.,-1.,0.));
#8463=IFCDIRECTION((1.,0.,0.));
#8464=IFCAXIS2PLACEMENT3D(#8461,#8462,#8463);
#8465=IFCDIRECTION((0.,0.,-1.));
#8466=IFCEXTRUDEDAREASOLID(#8460,#8464,#8465,1.2);
#8467=IFCSHAPEREPRESENTATION(#11,'Body','SweptSolid',(#8466));
#8473=IFCCARTESIANPOINT((1.4960107127733622,6.0231013554457036E-07,1.));
#8474=IFCDIRECTION((0.,0.,1.));
#8475=IFCDIRECTION((0.99999999999999289,1.1920928244535129E-07,0.));
#8476=IFCAXIS2PLACEMENT3D(#8473,#8474,#8475);
#8477=IFCLOCALPLACEMENT(#4192,#8476);
#8478=IFCCARTESIANPOINT((8.8817841970012523E-16,-4.4408920985006262E-16,0.));
#8479=IFCDIRECTION((0.,0.,1.));
#8480=IFCDIRECTION((1.,0.,0.));
#8481=IFCAXIS2PLACEMENT3D(#8478,#8479,#8480);
#8482=IFCLOCALPLACEMENT(#8477,#8481);
#8498=IFCCARTESIANPOINTLIST3D(((0.,0.,0.),(1.2000000476837158,0.,0.),(1.2000000476837158,0.,0.89999997615814209),(0.,0.,0.89999997615814209)));
#8499=IFCINDEXEDPOLYCURVE(#8498,(IFCLINEINDEX((1,2,3,4,1))),$);
#8500=IFCSHAPEREPRESENTATION(#18,'Profile','Curve3D',(#8499));
#8501=IFCCARTESIANPOINTLIST2D(((0.60000002384185791,0.),(0.,0.),(0.,0.89999997615814209),(0.60000002384185791,0.89999997615814209),(0.60000002384185791,0.87499997578561306),(0.02500000037252903,0.87499997578561306),(0.02500000037252903,0.02500000037252903),(0.60000002384185791,0.02500000037252903)));
#8502=IFCINDEXEDPOLYCURVE(#8501,(IFCLINEINDEX((1,2,3,4,5,6,7,8,1))),$);
#8503=IFCARBITRARYCLOSEDPROFILEDEF(.AREA.,$,#8502);
#8504=IFCCARTESIANPOINT((0.,0.090000001713633537,0.));
#8505=IFCDIRECTION((0.,-1.,0.));
#8506=IFCDIRECTION((1.,0.,0.));
#8507=IFCAXIS2PLACEMENT3D(#8504,#8505,#8506);
#8508=IFCDIRECTION((0.,0.,-1.));
#8509=IFCEXTRUDEDAREASOLID(#8503,#8507,#8508,0.0099999997764825821);
#8510=IFCCARTESIANPOINTLIST2D(((0.,0.),(0.60000002384185791,0.),(0.60000002384185791,0.89999997615814209),(0.,0.89999997615814209)));
#8511=IFCINDEXEDPOLYCURVE(#8510,(IFCLINEINDEX((1,2,3,4,1))),$);
#8512=IFCCARTESIANPOINTLIST2D(((0.05000000074505806,0.05000000074505806),(0.57500002346932888,0.05000000074505806),(0.57500002346932888,0.84999997541308403),(0.05000000074505806,0.84999997541308403)));
#8513=IFCINDEXEDPOLYCURVE(#8512,(IFCLINEINDEX((1,2,3,4,1))),$);
#8514=IFCARBITRARYPROFILEDEFWITHVOIDS(.AREA.,$,#8511,(#8513));
#8515=IFCCARTESIANPOINT((0.,0.05000000074505806,0.));
#8516=IFCDIRECTION((0.,-1.,0.));
#8517=IFCDIRECTION((1.,0.,0.));
#8518=IFCAXIS2PLACEMENT3D(#8515,#8516,#8517);
#8519=IFCDIRECTION((0.,0.,-1.));
#8520=IFCEXTRUDEDAREASOLID(#8514,#8518,#8519,0.040000000968575478);
#8521=IFCCARTESIANPOINTLIST2D(((0.,0.),(0.57500002346932888,0.),(0.57500002346932888,0.84999997541308403),(0.,0.84999997541308403)));
#8522=IFCINDEXEDPOLYCURVE(#8521,(IFCLINEINDEX((1,2,3,4,1))),$);
#8523=IFCCARTESIANPOINTLIST2D(((0.035000000149011612,0.035000000149011612),(0.54000002332031727,0.035000000149011612),(0.54000002332031727,0.81499997526407242),(0.035000000149011612,0.81499997526407242)));
#8524=IFCINDEXEDPOLYCURVE(#8523,(IFCLINEINDEX((1,2,3,4,1))),$);
#8525=IFCARBITRARYPROFILEDEFWITHVOIDS(.AREA.,$,#8522,(#8524));
#8526=IFCCARTESIANPOINT((0.02500000037252903,0.090000001713633537,0.02500000037252903));
#8527=IFCDIRECTION((0.,-1.,0.));
#8528=IFCDIRECTION((1.,0.,0.));
#8529=IFCAXIS2PLACEMENT3D(#8526,#8527,#8528);
#8530=IFCDIRECTION((0.,0.,-1.));
#8531=IFCEXTRUDEDAREASOLID(#8525,#8529,#8530,0.035000000149011612);
#8532=IFCINDEXEDPOLYCURVE(#8533,(IFCLINEINDEX((1,2,3,4,1))),$);
#8533=IFCCARTESIANPOINTLIST2D(((0.035000000149011612,0.035000000149011612),(0.54000002332031727,0.035000000149011612),(0.54000002332031727,0.81499997526407242),(0.035000000149011612,0.81499997526407242)));
#8534=IFCARBITRARYCLOSEDPROFILEDEF(.AREA.,$,#8532);
#8535=IFCCARTESIANPOINT((0.02500000037252903,0.10250000178813934,0.02500000037252903));
#8536=IFCDIRECTION((0.,-1.,0.));
#8537=IFCDIRECTION((1.,0.,0.));
#8538=IFCAXIS2PLACEMENT3D(#8535,#8536,#8537);
#8539=IFCDIRECTION((0.,0.,-1.));
#8540=IFCEXTRUDEDAREASOLID(#8534,#8538,#8539,0.01);
#8541=IFCCARTESIANPOINTLIST2D(((0.,0.89999997615814209),(0.60000002384185791,0.89999997615814209),(0.60000002384185791,0.),(0.,0.),(0.,0.02500000037252903),(0.57500002346932888,0.02500000037252903),(0.57500002346932888,0.87499997578561306),(0.,0.87499997578561306)));
#8542=IFCINDEXEDPOLYCURVE(#8541,(IFCLINEINDEX((1,2,3,4,5,6,7,8,1))),$);
#8543=IFCARBITRARYCLOSEDPROFILEDEF(.AREA.,$,#8542);
#8544=IFCCARTESIANPOINT((0.60000002384185791,0.090000001713633537,0.));
#8545=IFCDIRECTION((0.,-1.,0.));
#8546=IFCDIRECTION((1.,0.,0.));
#8547=IFCAXIS2PLACEMENT3D(#8544,#8545,#8546);
#8548=IFCDIRECTION((0.,0.,-1.));
#8549=IFCEXTRUDEDAREASOLID(#8543,#8547,#8548,0.0099999997764825821);
#8550=IFCCARTESIANPOINTLIST2D(((0.,0.),(0.60000002384185791,0.),(0.60000002384185791,0.89999997615814209),(0.,0.89999997615814209)));
#8551=IFCINDEXEDPOLYCURVE(#8550,(IFCLINEINDEX((1,2,3,4,1))),$);
#8552=IFCCARTESIANPOINTLIST2D(((0.02500000037252903,0.05000000074505806),(0.55000002309679985,0.05000000074505806),(0.55000002309679985,0.84999997541308403),(0.02500000037252903,0.84999997541308403)));
#8553=IFCINDEXEDPOLYCURVE(#8552,(IFCLINEINDEX((1,2,3,4,1))),$);
#8554=IFCARBITRARYPROFILEDEFWITHVOIDS(.AREA.,$,#8551,(#8553));
#8555=IFCCARTESIANPOINT((0.60000002384185791,0.05000000074505806,0.));
#8556=IFCDIRECTION((0.,-1.,0.));
#8557=IFCDIRECTION((1.,0.,0.));
#8558=IFCAXIS2PLACEMENT3D(#8555,#8556,#8557);
#8559=IFCDIRECTION((0.,0.,-1.));
#8560=IFCEXTRUDEDAREASOLID(#8554,#8558,#8559,0.040000000968575478);
#8561=IFCCARTESIANPOINTLIST2D(((0.,0.),(0.57500002346932888,0.),(0.57500002346932888,0.84999997541308403),(0.,0.84999997541308403)));
#8562=IFCINDEXEDPOLYCURVE(#8561,(IFCLINEINDEX((1,2,3,4,1))),$);
#8563=IFCCARTESIANPOINTLIST2D(((0.035000000149011612,0.035000000149011612),(0.54000002332031727,0.035000000149011612),(0.54000002332031727,0.81499997526407242),(0.035000000149011612,0.81499997526407242)));
#8564=IFCINDEXEDPOLYCURVE(#8563,(IFCLINEINDEX((1,2,3,4,1))),$);
#8565=IFCARBITRARYPROFILEDEFWITHVOIDS(.AREA.,$,#8562,(#8564));
#8566=IFCCARTESIANPOINT((0.60000002384185791,0.090000001713633537,0.02500000037252903));
#8567=IFCDIRECTION((0.,-1.,0.));
#8568=IFCDIRECTION((1.,0.,0.));
#8569=IFCAXIS2PLACEMENT3D(#8566,#8567,#8568);
#8570=IFCDIRECTION((0.,0.,-1.));
#8571=IFCEXTRUDEDAREASOLID(#8565,#8569,#8570,0.035000000149011612);
#8572=IFCINDEXEDPOLYCURVE(#8573,(IFCLINEINDEX((1,2,3,4,1))),$);
#8573=IFCCARTESIANPOINTLIST2D(((0.035000000149011612,0.035000000149011612),(0.54000002332031727,0.035000000149011612),(0.54000002332031727,0.81499997526407242),(0.035000000149011612,0.81499997526407242)));
#8574=IFCARBITRARYCLOSEDPROFILEDEF(.AREA.,$,#8572);
#8575=IFCCARTESIANPOINT((0.60000002384185791,0.10250000178813934,0.02500000037252903));
#8576=IFCDIRECTION((0.,-1.,0.));
#8577=IFCDIRECTION((1.,0.,0.));
#8578=IFCAXIS2PLACEMENT3D(#8575,#8576,#8577);
#8579=IFCDIRECTION((0.,0.,-1.));
#8580=IFCEXTRUDEDAREASOLID(#8574,#8578,#8579,0.01);
#8581=IFCSHAPEREPRESENTATION(#11,'Body','SweptSolid',(#8509,#8520,#8531,#8540,#8549,#8560,#8571,#8580));
#8582=IFCSHAPEREPRESENTATION(#11,'Body','SweptSolid',(#8509,#8520,#8549,#8560));
#8583=IFCSHAPEASPECT((#8582),'Lining',$,.T.,#8100);
#8584=IFCSHAPEREPRESENTATION(#11,'Body','SweptSolid',(#8531,#8571));
#8585=IFCSHAPEASPECT((#8584),'Framing',$,.T.,#8100);
#8586=IFCSHAPEREPRESENTATION(#11,'Body','SweptSolid',(#8540,#8580));
#8587=IFCSHAPEASPECT((#8586),'Glazing',$,.T.,#8100);
#8588=IFCCARTESIANPOINTLIST2D(((0.05000000074505806,0.05000000074505806),(0.57500002346932888,0.05000000074505806)));
#8589=IFCINDEXEDPOLYCURVE(#8588,$,$);
#8590=IFCCARTESIANPOINTLIST2D(((0.,0.10000000149011612),(0.02500000037252903,0.10000000149011612),(0.02500000037252903,0.090000001713633537),(0.05000000074505806,0.090000001713633537),(0.05000000074505806,0.05000000074505806),(0.,0.05000000074505806)));
#8591=IFCINDEXEDPOLYCURVE(#8590,(IFCLINEINDEX((1,2,3,4,5,6,1))),$);
#8592=IFCCARTESIANPOINTLIST2D(((0.60000002384185791,0.10000000149011612),(0.60000002384185791,0.10000000149011612),(0.60000002384185791,0.090000001713633537),(0.57500002346932888,0.090000001713633537),(0.57500002346932888,0.05000000074505806),(0.60000002384185791,0.05000000074505806)));
#8593=IFCINDEXEDPOLYCURVE(#8592,$,$);
#8594=IFCCARTESIANPOINTLIST2D(((0.02500000037252903,0.090000001713633537),(0.060000000521540642,0.090000001713633537),(0.060000000521540642,0.12500000186264515),(0.02500000037252903,0.12500000186264515)));
#8595=IFCINDEXEDPOLYCURVE(#8594,(IFCLINEINDEX((1,2,3,4,1))),$);
#8596=IFCINDEXEDPOLYCURVE(#8597,(IFCLINEINDEX((1,2,3,4,1))),$);
#8597=IFCCARTESIANPOINTLIST2D(((0.60000002384185791,0.090000001713633537),(0.5650000236928463,0.090000001713633537),(0.5650000236928463,0.12500000186264515),(0.60000002384185791,0.12500000186264515)));
#8598=IFCCARTESIANPOINTLIST2D(((0.060000000521540642,0.090000001713633537),(0.5650000236928463,0.090000001713633537)));
#8599=IFCINDEXEDPOLYCURVE(#8598,$,$);
#8600=IFCINDEXEDPOLYCURVE(#8601,$,$);
#8601=IFCCARTESIANPOINTLIST2D(((0.060000000521540642,0.12500000186264515),(0.5650000236928463,0.12500000186264515)));
#8602=IFCINDEXEDPOLYCURVE(#8603,$,$);
#8603=IFCCARTESIANPOINTLIST2D(((0.060000000521540642,0.10750000178813934),(0.5650000236928463,0.10750000178813934)));
#8604=IFCCARTESIANPOINTLIST2D(((0.62500002421438694,0.05000000074505806),(1.1500000469386578,0.05000000074505806)));
#8605=IFCINDEXEDPOLYCURVE(#8604,$,$);
#8606=IFCCARTESIANPOINTLIST2D(((0.60000002384185791,0.10000000149011612),(0.60000002384185791,0.10000000149011612),(0.60000002384185791,0.090000001713633537),(0.62500002421438694,0.090000001713633537),(0.62500002421438694,0.05000000074505806),(0.60000002384185791,0.05000000074505806)));
#8607=IFCINDEXEDPOLYCURVE(#8606,$,$);
#8608=IFCCARTESIANPOINTLIST2D(((1.2000000476837158,0.10000000149011612),(1.1750000473111868,0.10000000149011612),(1.1750000473111868,0.090000001713633537),(1.1500000469386578,0.090000001713633537),(1.1500000469386578,0.05000000074505806),(1.2000000476837158,0.05000000074505806)));
#8609=IFCINDEXEDPOLYCURVE(#8608,(IFCLINEINDEX((1,2,3,4,5,6,1))),$);
#8610=IFCCARTESIANPOINTLIST2D(((0.60000002384185791,0.090000001713633537),(0.63500002399086952,0.090000001713633537),(0.63500002399086952,0.12500000186264515),(0.60000002384185791,0.12500000186264515)));
#8611=IFCINDEXEDPOLYCURVE(#8610,(IFCLINEINDEX((1,2,3,4,1))),$);
#8612=IFCINDEXEDPOLYCURVE(#8613,(IFCLINEINDEX((1,2,3,4,1))),$);
#8613=IFCCARTESIANPOINTLIST2D(((1.1750000473111868,0.090000001713633537),(1.1400000471621752,0.090000001713633537),(1.1400000471621752,0.12500000186264515),(1.1750000473111868,0.12500000186264515)));
#8614=IFCCARTESIANPOINTLIST2D(((0.63500002399086952,0.090000001713633537),(1.1400000471621752,0.090000001713633537)));
#8615=IFCINDEXEDPOLYCURVE(#8614,$,$);
#8616=IFCINDEXEDPOLYCURVE(#8617,$,$);
#8617=IFCCARTESIANPOINTLIST2D(((0.63500002399086952,0.12500000186264515),(1.1400000471621752,0.12500000186264515)));
#8618=IFCINDEXEDPOLYCURVE(#8619,$,$);
#8619=IFCCARTESIANPOINTLIST2D(((0.63500002399086952,0.10750000178813934),(1.1400000471621752,0.10750000178813934)));
#8620=IFCSHAPEREPRESENTATION(#24,'Body','Curve2D',(#8589,#8591,#8593,#8595,#8596,#8599,#8600,#8602,#8605,#8607,#8609,#8611,#8612,#8615,#8616,#8618));
#8621=IFCCARTESIANPOINTLIST2D(((0.,0.),(1.2000000476837158,0.),(1.2000000476837158,0.89999997615814209),(0.,0.89999997615814209)));
#8622=IFCINDEXEDPOLYCURVE(#8621,(IFCLINEINDEX((1,2,3,4,1))),$);
#8623=IFCARBITRARYCLOSEDPROFILEDEF(.AREA.,$,#8622);
#8624=IFCCARTESIANPOINT((0.,-0.60000002384185791,0.));
#8625=IFCDIRECTION((0.,-1.,0.));
#8626=IFCDIRECTION((1.,0.,0.));
#8627=IFCAXIS2PLACEMENT3D(#8624,#8625,#8626);
#8628=IFCDIRECTION((0.,0.,-1.));
#8629=IFCEXTRUDEDAREASOLID(#8623,#8627,#8628,1.2);
#8630=IFCSHAPEREPRESENTATION(#11,'Body','SweptSolid',(#8629));
#8636=IFCCARTESIANPOINT((0.61113720336603161,6.5641030388974286E-07,1.));
#8637=IFCDIRECTION((0.,0.,1.));
#8638=IFCDIRECTION((0.99999999999997158,-2.3841857910149749E-07,0.));
#8639=IFCAXIS2PLACEMENT3D(#8636,#8637,#8638);
#8640=IFCLOCALPLACEMENT(#4535,#8639);
#8641=IFCCARTESIANPOINT((5.5511151231257827E-17,0.,0.));
#8642=IFCDIRECTION((0.,0.,1.));
#8643=IFCDIRECTION((1.,0.,0.));
#8644=IFCAXIS2PLACEMENT3D(#8641,#8642,#8643);
#8645=IFCLOCALPLACEMENT(#8640,#8644);
#8646=IFCCARTESIANPOINTLIST3D(((0.,0.,0.),(1.9913749694824219,0.,0.),(1.9913749694824219,0.,2.),(0.,0.,2.)));
#8647=IFCINDEXEDPOLYCURVE(#8646,(IFCLINEINDEX((1,2,3,4,1))),$);
#8648=IFCSHAPEREPRESENTATION(#18,'Profile','Curve3D',(#8647));
#8649=IFCCARTESIANPOINTLIST2D(((0.,0.),(0.,2.),(1.9913749694824219,2.),(1.9913749694824219,0.),(1.9413749687373638,0.),(1.9413749687373638,1.9499999992549419),(0.05000000074505806,1.9499999992549419),(0.05000000074505806,0.)));
#8650=IFCINDEXEDPOLYCURVE(#8649,(IFCLINEINDEX((1,2,3,4,5,6,7,8,1))),$);
#8651=IFCARBITRARYCLOSEDPROFILEDEF(.AREA.,$,#8650);
#8652=IFCCARTESIANPOINT((0.,0.,0.));
#8653=IFCDIRECTION((0.,-1.,0.));
#8654=IFCDIRECTION((1.,0.,0.));
#8655=IFCAXIS2PLACEMENT3D(#8652,#8653,#8654);
#8656=IFCDIRECTION((0.,0.,-1.));
#8657=IFCEXTRUDEDAREASOLID(#8651,#8655,#8656,0.05000000074505806);
#8658=IFCCARTESIANPOINTLIST2D(((0.,0.),(1.8913749679923058,0.),(1.8913749679923058,0.10000000149011612),(0.,0.10000000149011612)));
#8659=IFCINDEXEDPOLYCURVE(#8658,(IFCLINEINDEX((1,2,3,4,1))),$);
#8660=IFCARBITRARYCLOSEDPROFILEDEF(.AREA.,$,#8659);
#8661=IFCCARTESIANPOINT((0.05000000074505806,0.,0.));
#8662=IFCDIRECTION((0.,0.,1.));
#8663=IFCDIRECTION((1.,0.,0.));
#8664=IFCAXIS2PLACEMENT3D(#8661,#8662,#8663);
#8665=IFCDIRECTION((0.,0.,1.));
#8666=IFCEXTRUDEDAREASOLID(#8660,#8664,#8665,0.02500000037252903);
#8667=IFCCARTESIANPOINTLIST2D(((0.,0.),(0.,2.0250000022351742),(2.0413749739527702,2.0250000022351742),(2.0413749739527702,0.),(1.966374970972538,0.),(1.966374970972538,1.9499999992549419),(0.075000002980232239,1.9499999992549419),(0.075000002980232239,0.)));
#8668=IFCINDEXEDPOLYCURVE(#8667,(IFCLINEINDEX((1,2,3,4,5,6,7,8,1))),$);
#8669=IFCARBITRARYCLOSEDPROFILEDEF(.AREA.,$,#8668);
#8670=IFCCARTESIANPOINT((-0.025000002235174179,-0.004999999888241291,0.));
#8671=IFCDIRECTION((0.,-1.,0.));
#8672=IFCDIRECTION((1.,0.,0.));
#8673=IFCAXIS2PLACEMENT3D(#8670,#8671,#8672);
#8674=IFCDIRECTION((0.,0.,-1.));
#8675=IFCEXTRUDEDAREASOLID(#8669,#8673,#8674,0.004999999888241291);
#8676=IFCCARTESIANPOINTLIST2D(((0.,0.),(0.,2.0250000022351742),(2.0413749739527702,2.0250000022351742),(2.0413749739527702,0.),(1.966374970972538,0.),(1.966374970972538,1.9499999992549419),(0.075000002980232239,1.9499999992549419),(0.075000002980232239,0.)));
#8677=IFCINDEXEDPOLYCURVE(#8676,(IFCLINEINDEX((1,2,3,4,5,6,7,8,1))),$);
#8678=IFCARBITRARYCLOSEDPROFILEDEF(.AREA.,$,#8677);
#8679=IFCCARTESIANPOINT((-0.025000002235174179,0.05000000074505806,0.));
#8680=IFCDIRECTION((0.,-1.,0.));
#8681=IFCDIRECTION((1.,0.,0.));
#8682=IFCAXIS2PLACEMENT3D(#8679,#8680,#8681);
#8683=IFCDIRECTION((0.,0.,-1.));
#8684=IFCEXTRUDEDAREASOLID(#8678,#8682,#8683,0.004999999888241291);
#8685=IFCCARTESIANPOINTLIST2D(((0.,0.),(1.8913749679923058,0.),(1.8913749679923058,0.035000000149011612),(0.,0.035000000149011612)));
#8686=IFCINDEXEDPOLYCURVE(#8685,(IFCLINEINDEX((1,2,3,4,1))),$);
#8687=IFCARBITRARYCLOSEDPROFILEDEF(.AREA.,$,#8686);
#8688=IFCCARTESIANPOINT((0.05000000074505806,-0.035000000149011612,0.02500000037252903));
#8689=IFCDIRECTION((0.,0.,1.));
#8690=IFCDIRECTION((1.,0.,0.));
#8691=IFCAXIS2PLACEMENT3D(#8688,#8689,#8690);
#8692=IFCDIRECTION((0.,0.,1.));
#8693=IFCEXTRUDEDAREASOLID(#8687,#8691,#8692,1.9249999988824129);
#8694=IFCCARTESIANPOINTLIST2D(((0.,0.),(0.,-0.040000000000000001),(0.12,-0.040000000000000001),(0.12,-0.02),(0.02,-0.02),(0.02,0.)));
#8695=IFCINDEXEDPOLYCURVE(#8694,(IFCLINEINDEX((1,2,3,4,5,6,1))),$);
#8696=IFCARBITRARYCLOSEDPROFILEDEF(.AREA.,$,#8695);
#8697=IFCCARTESIANPOINT((0.10000000074505806,-0.035000000149011612,1.015000000372529));
#8698=IFCDIRECTION((0.,0.,1.));
#8699=IFCDIRECTION((1.,0.,0.));
#8700=IFCAXIS2PLACEMENT3D(#8697,#8698,#8699);
#8701=IFCDIRECTION((0.,0.,1.));
#8702=IFCEXTRUDEDAREASOLID(#8696,#8700,#8701,0.02);
#8703=IFCEXTRUDEDAREASOLID(#8704,#8707,#8711,0.02);
#8704=IFCARBITRARYCLOSEDPROFILEDEF(.AREA.,$,#8705);
#8705=IFCINDEXEDPOLYCURVE(#8706,(IFCLINEINDEX((1,2,3,4,5,6,1))),$);
#8706=IFCCARTESIANPOINTLIST2D(((0.,0.),(0.,0.040000000000000008),(0.11999999999999998,0.040000000000000008),(0.11999999999999998,0.020000000000000004),(0.020000000000000004,0.020000000000000004),(0.020000000000000004,0.)));
#8707=IFCAXIS2PLACEMENT3D(#8708,#8709,#8710);
#8708=IFCCARTESIANPOINT((0.10000000074505806,0.,1.015000000372529));
#8709=IFCDIRECTION((0.,0.,1.));
#8710=IFCDIRECTION((1.,0.,0.));
#8711=IFCDIRECTION((0.,0.,1.));
#8712=IFCSHAPEREPRESENTATION(#11,'Body','SweptSolid',(#8657,#8693,#8702,#8703,#8666,#8675,#8684));
#8713=IFCCARTESIANPOINTLIST2D(((0.,0.),(0.05000000074505806,0.),(0.05000000074505806,0.05000000074505806),(0.,0.05000000074505806)));
#8714=IFCINDEXEDPOLYCURVE(#8713,(IFCLINEINDEX((1,2,3,4,1))),$);
#8715=IFCINDEXEDPOLYCURVE(#8716,(IFCLINEINDEX((1,2,3,4,1))),$);
#8716=IFCCARTESIANPOINTLIST2D(((1.9913749694824219,0.),(1.9413749687373638,0.),(1.9413749687373638,0.05000000074505806),(1.9913749694824219,0.05000000074505806)));
#8717=IFCCARTESIANPOINTLIST2D(((2.8870624527335167,-0.035000000149011612),(0.99568748474121094,-0.035000000149011612),(0.99568748474121094,0.),(2.8870624527335167,0.)));
#8718=IFCINDEXEDPOLYCURVE(#8717,(IFCLINEINDEX((1,2,3,4,1))),$);
#8719=IFCSHAPEREPRESENTATION(#24,'Body','Curve2D',(#8714,#8715,#8718));
#8720=IFCCARTESIANPOINTLIST2D(((0.71198123954236503,-0.081587428267465345),(1.2793937299400568,-0.081587428267465345)));
#8721=IFCINDEXEDPOLYCURVE(#8720,$,$);
#8722=IFCCARTESIANPOINTLIST2D(((0.74198123954236506,-0.050529142855162856),(0.71198123954236503,-0.081587428267465345),(0.74198123954236506,-0.11264571367976783)));
#8723=IFCINDEXEDPOLYCURVE(#8722,$,$);
#8724=IFCSHAPEREPRESENTATION(#25,'Annotation','Curve2D',(#8721,#8723));
#8725=IFCCARTESIANPOINTLIST2D(((0.,0.),(1.9913749694824219,0.),(1.9913749694824219,2.),(0.,2.)));
#8726=IFCINDEXEDPOLYCURVE(#8725,(IFCLINEINDEX((1,2,3,4,1))),$);
#8727=IFCARBITRARYCLOSEDPROFILEDEF(.AREA.,$,#8726);
#8728=IFCCARTESIANPOINT((0.,-0.60000002384185791,0.));
#8729=IFCDIRECTION((0.,-1.,0.));
#8730=IFCDIRECTION((1.,0.,0.));
#8731=IFCAXIS2PLACEMENT3D(#8728,#8729,#8730);
#8732=IFCDIRECTION((0.,0.,-1.));
#8733=IFCEXTRUDEDAREASOLID(#8727,#8731,#8732,1.2);
#8734=IFCSHAPEREPRESENTATION(#11,'Body','SweptSolid',(#8733));
#8740=IFCCARTESIANPOINT((3.3599553708328895,0.099998831748962402,0.));
#8741=IFCDIRECTION((0.,0.,1.));
#8742=IFCDIRECTION((-0.99999999999992428,3.8941436741876494E-07,0.));
#8743=IFCAXIS2PLACEMENT3D(#8740,#8741,#8742);
#8744=IFCLOCALPLACEMENT(#4224,#8743);
#8745=IFCCARTESIANPOINT((0.,0.,0.));
#8746=IFCDIRECTION((0.,0.,1.));
#8747=IFCDIRECTION((1.,0.,0.));
#8748=IFCAXIS2PLACEMENT3D(#8745,#8746,#8747);
#8749=IFCLOCALPLACEMENT(#8744,#8748);
#8934=IFCSLABTYPE('2GYIcPs3TErxyUtIJEf5qY',$,'roof slab',$,$,(#8938),$,$,$,.FLOOR.);
#8935=IFCMATERIALLAYERSET((#8937),$,$);
#8936=IFCRELASSOCIATESMATERIAL('2fcVU_JvH1bfASJWG2qgbe',$,$,$,(#8934),#8935);
#8937=IFCMATERIALLAYER(#98,0.10000000000000001,$,$,$,$,$);
#8938=IFCPROPERTYSET('0R0PWPEHT9wuCOuibORslO',$,'EPset_Parametric',$,(#8939));
#8939=IFCPROPERTYSINGLEVALUE('LayerSetDirection',$,IFCLABEL('AXIS3'),$);
#8940=IFCSLAB('3ARtkZOv16hPtYD1xfClPf',$,'Slab',$,$,#8949,#8956,$,$);
#8941=IFCRELCONTAINEDINSPATIALSTRUCTURE('2UBjjr4IvDtfCoPKse4yyd',$,$,$,(#9023,#8940),#80);
#8942=IFCRELDEFINESBYTYPE('19J9nYA$H9AuTF3tChsM8z',$,$,$,(#8940),#8934);
#8943=IFCMATERIALLAYERSETUSAGE(#8935,.AXIS3.,.POSITIVE.,-0.10000000149011612,$);
#8944=IFCRELASSOCIATESMATERIAL('3pX7JPV_n5A8fbDYXKJXpH',$,$,$,(#8940),#8943);
#8945=IFCCARTESIANPOINT((4.2000017166137695,6.5225462913513184,0.));
#8946=IFCDIRECTION((0.,0.,1.));
#8947=IFCDIRECTION((1.,0.,0.));
#8948=IFCAXIS2PLACEMENT3D(#8945,#8946,#8947);
#8949=IFCLOCALPLACEMENT(#3720,#8948);
#8950=IFCCARTESIANPOINTLIST2D(((0.,0.),(-3.900001049041748,4.76837158203125E-07),(-3.9000012874603271,-1.),(-7.4500021934509277,-0.99999856948852539),(-7.4500007629394531,-8.0999994277954102),(-3.9000017642974854,-8.0999994277954102),(-3.9000017642974854,-8.6999988555908203),(-2.3500018119812012,-8.6999988555908203),(-2.3500018119812012,-9.5999994277954102),(-1.9073486328125E-06,-9.5999994277954102),(0.,0.)));
#8951=IFCINDEXEDPOLYCURVE(#8950,$,$);
#8952=IFCDIRECTION((0.,0.,1.));
#8953=IFCARBITRARYCLOSEDPROFILEDEF(.AREA.,$,#8951);
#8954=IFCEXTRUDEDAREASOLID(#8953,#8963,#8952,0.10000000000000001);
#8955=IFCSHAPEREPRESENTATION(#11,'Body','SweptSolid',(#8954));
#8956=IFCPRODUCTDEFINITIONSHAPE($,$,(#8955));
#8957=IFCPROPERTYSET('3MkLlUbx5FqBHWpfG5KaNh',$,'EPset_Parametric',$,(#8959));
#8958=IFCRELDEFINESBYPROPERTIES('3XyM9jeUfAbg_wiRLhOyCG',$,$,$,(#8940),#8957);
#8959=IFCPROPERTYSINGLEVALUE('Engine',$,IFCLABEL('Bonsai.DumbLayer3'),$);
#8960=IFCCARTESIANPOINT((-0.,-0.,-0.10000000149011612));
#8961=IFCDIRECTION((0.,0.,1.));
#8962=IFCDIRECTION((1.,0.,0.));
#8963=IFCAXIS2PLACEMENT3D(#8960,#8961,#8962);
#8964=IFCROOFTYPE('14xrspFz5ARvOkRv8zbjb1',$,'roof ',$,$,(#8965),(#8994,#9022),$,$,.HIP_ROOF.);
#8965=IFCPROPERTYSET('3H6y9nxNTERRSjqgJf0$$I',$,'BBIM_Roof',$,(#8966));
#8966=IFCPROPERTYSINGLEVALUE('Data',$,IFCTEXT('{"roof_type": "HIP/GABLE ROOF", "generation_method": "ANGLE", "roof_thickness": 0.10000000149011612, "rafter_edge_angle": 1.5707963705062866, "angle": 0.1745329201221466, "percentage": 17.63269805908203, "path_data": {"edges": [[0, 1], [1, 2], [2, 3], [3, 0]], "verts": [[-5.0, -5.0, 0.0], [-5.0, 5.0, 0.0], [5.0, 5.0, 0.0], [5.0, -5.0, 0.0]]}}'),$);
#8990=IFCCARTESIANPOINT((0.,0.,0.));
#8991=IFCDIRECTION((1.,0.,0.));
#8992=IFCDIRECTION((0.,0.,1.));
#8993=IFCAXIS2PLACEMENT3D(#8990,#8992,#8991);
#8994=IFCREPRESENTATIONMAP(#8993,#9013);
#8995=IFCINDEXEDPOLYGONALFACE((3,1,2));
#8996=IFCINDEXEDPOLYGONALFACE((2,4,3));
#8997=IFCINDEXEDPOLYGONALFACE((1,3,5));
#8998=IFCINDEXEDPOLYGONALFACE((4,5,3));
#8999=IFCINDEXEDPOLYGONALFACE((6,7,8));
#9000=IFCINDEXEDPOLYGONALFACE((8,2,1));
#9001=IFCINDEXEDPOLYGONALFACE((8,1,6));
#9002=IFCINDEXEDPOLYGONALFACE((8,7,9));
#9003=IFCINDEXEDPOLYGONALFACE((2,8,9));
#9004=IFCINDEXEDPOLYGONALFACE((2,9,4));
#9005=IFCINDEXEDPOLYGONALFACE((10,7,6));
#9006=IFCINDEXEDPOLYGONALFACE((6,1,5));
#9007=IFCINDEXEDPOLYGONALFACE((6,5,10));
#9008=IFCINDEXEDPOLYGONALFACE((9,7,10));
#9009=IFCINDEXEDPOLYGONALFACE((4,9,10));
#9010=IFCINDEXEDPOLYGONALFACE((4,10,5));
#9011=IFCCARTESIANPOINTLIST3D(((-5.,-5.,0.),(5.,-5.,0.),(0.,0.,0.88163489103317261),(5.,5.,0.),(-5.,5.,0.),(-5.,-5.,-0.10154265910387039),(0.,0.,0.78009223937988281),(5.,-5.,-0.10154265910387039),(5.,5.,-0.10154265910387039),(-5.,5.,-0.10154265910387039)));
#9012=IFCPOLYGONALFACESET(#9011,.T.,(#8995,#8996,#8997,#8998,#8999,#9000,#9001,#9002,#9003,#9004,#9005,#9006,#9007,#9008,#9009,#9010),$);
#9013=IFCSHAPEREPRESENTATION(#11,'Body','Tessellation',(#9012));
#9015=IFCCARTESIANPOINT((-5.,-5.,-0.10154265910387039));
#9016=IFCBOUNDINGBOX(#9015,10.,10.,0.9831775426864624);
#9017=IFCSHAPEREPRESENTATION(#13,'Box','BoundingBox',(#9016));
#9018=IFCCARTESIANPOINT((0.,0.,0.));
#9019=IFCDIRECTION((1.,0.,0.));
#9020=IFCDIRECTION((0.,0.,1.));
#9021=IFCAXIS2PLACEMENT3D(#9018,#9020,#9019);
#9022=IFCREPRESENTATIONMAP(#9021,#9017);
#9023=IFCROOF('03$bZAQuT0sAvtrZYVyVmE',$,'Roof',$,$,#9054,#9032,$,$);
#9024=IFCRELDEFINESBYTYPE('2uS0SZU8X9k8m5cZSUckel',$,$,$,(#9023),#8964);
#9025=IFCCARTESIANPOINT((0.,0.,0.));
#9026=IFCDIRECTION((1.,0.,0.));
#9027=IFCDIRECTION((0.,1.,0.));
#9028=IFCDIRECTION((0.,0.,1.));
#9029=IFCCARTESIANTRANSFORMATIONOPERATOR3D(#9026,#9027,#9025,1.,#9028);
#9030=IFCMAPPEDITEM(#8994,#9029);
#9031=IFCSHAPEREPRESENTATION(#11,'Body','MappedRepresentation',(#9030));
#9032=IFCPRODUCTDEFINITIONSHAPE($,$,(#9031,#9039));
#9033=IFCCARTESIANPOINT((0.,0.,0.));
#9034=IFCDIRECTION((1.,0.,0.));
#9035=IFCDIRECTION((0.,1.,0.));
#9036=IFCDIRECTION((0.,0.,1.));
#9037=IFCCARTESIANTRANSFORMATIONOPERATOR3D(#9034,#9035,#9033,1.,#9036);
#9038=IFCMAPPEDITEM(#9022,#9037);
#9039=IFCSHAPEREPRESENTATION(#13,'Box','MappedRepresentation',(#9038));
#9045=IFCCARTESIANPOINT((0.89685827374488092,0.084999904769638146,0.));
#9046=IFCDIRECTION((0.,0.,1.));
#9047=IFCDIRECTION((-0.99999999999998868,1.5099578831713642E-07,0.));
#9048=IFCAXIS2PLACEMENT3D(#9045,#9046,#9047);
#9049=IFCLOCALPLACEMENT(#5664,#9048);
#9050=IFCCARTESIANPOINT((0.5508124828338623,1.730384349822998,0.10154247283935547));
#9051=IFCDIRECTION((0.,0.,1.));
#9052=IFCDIRECTION((1.,0.,0.));
#9053=IFCAXIS2PLACEMENT3D(#9050,#9051,#9052);
#9054=IFCLOCALPLACEMENT(#3720,#9053);
#9055=IFCCOVERINGTYPE('15p4Fb2jnABgJNL2FfMabC',$,'fl-1-gf',$,$,(#9059),$,$,$,.FLOORING.);
#9056=IFCMATERIALLAYERSET((#9999,#10016),$,$);
#9057=IFCRELASSOCIATESMATERIAL('3PHhthUY5579E7EKbkqyO2',$,$,$,(#9055),#9056);
#9059=IFCPROPERTYSET('1Wpq6n7av0WuOz$BmtF58n',$,'EPset_Parametric',$,(#9060));
#9060=IFCPROPERTYSINGLEVALUE('LayerSetDirection',$,IFCLABEL('AXIS3'),$);
#9062=IFCRELDEFINESBYTYPE('0yHMPclx585hrrrHtwCy99',$,$,$,(#9134),#9055);
#9134=IFCCOVERING('01v4WaJODCXO3a22GvX6SJ',$,'Covering',$,$,#10646,#9147,$,$);
#9135=IFCMATERIALLAYERSETUSAGE(#9056,.AXIS3.,.POSITIVE.,0.,$);
#9136=IFCRELASSOCIATESMATERIAL('0mVVJC8Qf03g79DgKAs90e',$,$,$,(#9134),#9135);
#9137=IFCCARTESIANPOINTLIST2D(((2.3709425926208496,5.2649412155151367),(2.3709425926208496,-3.6350588798522949),(-1.4390572309494019,-3.6350588798522949),(-1.4390572309494019,-1.1850588321685791),(-1.4390572309494019,-1.1350588798522949),(-1.4390572309494019,-1.1350588798522949),(-1.4390572309494019,-1.0850589275360107),(-1.4390572309494019,1.5149412155151367),(-2.8870573043823242,1.5149412155151367),(-2.9370572566986084,1.5149412155151367),(-2.9370572566986084,2.2689411640167236),(-2.9370572566986084,2.3189411163330078),(-0.87905728816986084,2.3189411163330078),(-0.87905728816986084,3.7349412441253662),(-0.87905728816986084,3.7849409580230713),(-0.87905728816986084,3.8849413394927979),(-0.87905728816986084,3.9349410533905029),(-0.87905728816986084,5.2649412155151367)));
#9138=IFCINDEXEDPOLYCURVE(#9137,(IFCLINEINDEX((1,2,3,4,5,6,7,8,9,10,11,12,13,14,15,16,17,18,1))),$);
#9139=IFCARBITRARYCLOSEDPROFILEDEF(.AREA.,$,#9138);
#9140=IFCCARTESIANPOINT((0.,0.,0.));
#9141=IFCDIRECTION((0.,0.,1.));
#9142=IFCDIRECTION((1.,0.,0.));
#9143=IFCAXIS2PLACEMENT3D(#9140,#9141,#9142);
#9144=IFCDIRECTION((0.,0.,1.));
#9145=IFCEXTRUDEDAREASOLID(#9139,#9143,#9144,0.09999999962747097);
#9146=IFCSHAPEREPRESENTATION(#11,'Body','SweptSolid',(#9145));
#9147=IFCPRODUCTDEFINITIONSHAPE($,$,(#9146));
#9997=IFCMATERIAL('parquet',$,'wood');
#9998=IFCMATERIAL('screed',$,'cement');
#9999=IFCMATERIALLAYER(#9997,0.029999999329447746,$,$,$,$,$);
#10016=IFCMATERIALLAYER(#9998,0.070000000298023224,$,$,$,$,$);
#10017=IFCSTAIRFLIGHTTYPE('2AmRQcXYjAChclAltqFe5e',$,'stair-1',$,$,(#10018,#10020),(#10062,#10241),$,$,.STRAIGHT.);
#10018=IFCPROPERTYSET('3FJ$14fg9EbPSrlUCsq9p6',$,'BBIM_Stair',$,(#10019));
#10019=IFCPROPERTYSINGLEVALUE('Data',$,IFCTEXT('{"stair_type": "GENERIC", "width": 0.8869814872741699, "height": 1.7999999523162842, "number_of_treads": 7, "tread_run": 0.1853036731481552, "nosing_length": 0.0, "nosing_depth": 0.0, "custom_first_last_tread_run": [null, null], "custom_tread_lock": true}'),$);
#10020=IFCPROPERTYSET('34w19pZI50ih$HGa56n0xN',$,'Pset_StairFlightCommon',$,(#10021,#10022,#10023,#10024,#10025));
#10021=IFCPROPERTYSINGLEVALUE('NumberOfRiser',$,IFCCOUNTMEASURE(8.),$);
#10022=IFCPROPERTYSINGLEVALUE('NumberOfTreads',$,IFCCOUNTMEASURE(7.),$);
#10023=IFCPROPERTYSINGLEVALUE('RiserHeight',$,IFCPOSITIVELENGTHMEASURE(0.22499999403953552),$);
#10024=IFCPROPERTYSINGLEVALUE('TreadLength',$,IFCPOSITIVELENGTHMEASURE(0.25),$);
#10025=IFCPROPERTYSINGLEVALUE('NosingLength',$,IFCLENGTHMEASURE(0.),$);
#10058=IFCCARTESIANPOINT((0.,0.,0.));
#10059=IFCDIRECTION((1.,0.,0.));
#10060=IFCDIRECTION((0.,0.,1.));
#10061=IFCAXIS2PLACEMENT3D(#10058,#10060,#10059);
#10062=IFCREPRESENTATIONMAP(#10061,#10232);
#10063=IFCSTAIRFLIGHT('2eSXwKNHHD2PcDj3UM1$Ja',$,'StairFlight',$,$,#10309,#10072,$,8,7,0.22499999403953552,0.25,.STRAIGHT.);
#10064=IFCRELDEFINESBYTYPE('0gDfNMqA51mxL1ZXyy$$ud',$,$,$,(#10063,#10310,#10752),#10017);
#10072=IFCPRODUCTDEFINITIONSHAPE($,$,(#10079,#10248));
#10073=IFCCARTESIANPOINT((0.,0.,0.));
#10074=IFCDIRECTION((1.,0.,0.));
#10075=IFCDIRECTION((0.,1.,0.));
#10076=IFCDIRECTION((0.,0.,1.));
#10077=IFCCARTESIANTRANSFORMATIONOPERATOR3D(#10074,#10075,#10073,1.,#10076);
#10078=IFCMAPPEDITEM(#10062,#10077);
#10079=IFCSHAPEREPRESENTATION(#11,'Body','MappedRepresentation',(#10078));
#10204=IFCSLABTYPE('0eO77EVan0Ov7gzs2Q$WdR',$,'slab landing',$,$,(#10208),$,$,$,.LANDING.);
#10205=IFCMATERIALLAYERSET((#10207),$,$);
#10206=IFCRELASSOCIATESMATERIAL('1qrEfLyNHE5Ql5oL8G8rCp',$,$,$,(#10204),#10205);
#10207=IFCMATERIALLAYER(#98,1.7999999523162842,$,$,$,$,$);
#10208=IFCPROPERTYSET('0Mwf2oFTX3d8wNplPE_J03',$,'EPset_Parametric',$,(#10209));
#10209=IFCPROPERTYSINGLEVALUE('LayerSetDirection',$,IFCLABEL('AXIS3'),$);
#10210=IFCINDEXEDPOLYGONALFACE((2,1,18,17,16,15,14,13,12,11,10,9,8,7,6,5,4,3));
#10211=IFCINDEXEDPOLYGONALFACE((19,20,21,22,23,24,25,26,27,28,29,30,31,32,33,34,35,36));
#10212=IFCINDEXEDPOLYGONALFACE((10,11,28,27));
#10213=IFCINDEXEDPOLYGONALFACE((3,4,21,20));
#10214=IFCINDEXEDPOLYGONALFACE((18,1,36,35));
#10215=IFCINDEXEDPOLYGONALFACE((11,12,29,28));
#10216=IFCINDEXEDPOLYGONALFACE((4,5,22,21));
#10217=IFCINDEXEDPOLYGONALFACE((12,13,30,29));
#10218=IFCINDEXEDPOLYGONALFACE((5,6,23,22));
#10219=IFCINDEXEDPOLYGONALFACE((13,14,31,30));
#10220=IFCINDEXEDPOLYGONALFACE((6,7,24,23));
#10221=IFCINDEXEDPOLYGONALFACE((14,15,32,31));
#10222=IFCINDEXEDPOLYGONALFACE((7,8,25,24));
#10223=IFCINDEXEDPOLYGONALFACE((15,16,33,32));
#10224=IFCINDEXEDPOLYGONALFACE((8,9,26,25));
#10225=IFCINDEXEDPOLYGONALFACE((1,2,19,36));
#10226=IFCINDEXEDPOLYGONALFACE((16,17,34,33));
#10227=IFCINDEXEDPOLYGONALFACE((9,10,27,26));
#10228=IFCINDEXEDPOLYGONALFACE((2,3,20,19));
#10229=IFCINDEXEDPOLYGONALFACE((17,18,35,34));
#10230=IFCCARTESIANPOINTLIST3D(((0.,0.,0.),(0.,0.,0.22499999403953552),(0.18530367314815521,0.,0.22499999403953552),(0.18530367314815521,0.,0.44999998807907104),(0.37060734629631042,0.,0.44999998807907104),(0.37060734629631042,0.,0.67499995231628418),(0.55591100454330444,0.,0.67499995231628418),(0.55591100454330444,0.,0.89999997615814209),(0.74121469259262085,0.,0.89999997615814209),(0.74121469259262085,0.,1.125),(0.92651838064193726,0.,1.125),(0.92651838064193726,0.,1.3500000238418579),(1.1118220090866089,0.,1.3500000238418579),(1.1118220090866089,0.,1.5750000476837158),(1.2971256971359253,0.,1.5750000476837158),(1.2971256971359253,0.,1.8000000715255737),(1.4824293851852417,0.,1.8000000715255737),(1.4824293851852417,0.,0.),(0.,0.88698148727416992,0.22499999403953552),(0.18530367314815521,0.88698148727416992,0.22499999403953552),(0.18530367314815521,0.88698148727416992,0.44999998807907104),(0.37060734629631042,0.88698148727416992,0.44999998807907104),(0.37060734629631042,0.88698148727416992,0.67499995231628418),(0.55591100454330444,0.88698148727416992,0.67499995231628418),(0.55591100454330444,0.88698148727416992,0.89999997615814209),(0.74121469259262085,0.88698148727416992,0.89999997615814209),(0.74121469259262085,0.88698148727416992,1.125),(0.92651838064193726,0.88698148727416992,1.125),(0.92651838064193726,0.88698148727416992,1.3500000238418579),(1.1118220090866089,0.88698148727416992,1.3500000238418579),(1.1118220090866089,0.88698148727416992,1.5750000476837158),(1.2971256971359253,0.88698148727416992,1.5750000476837158),(1.2971256971359253,0.88698148727416992,1.8000000715255737),(1.4824293851852417,0.88698148727416992,1.8000000715255737),(1.4824293851852417,0.88698148727416992,0.),(0.,0.88698148727416992,0.)));
#10231=IFCPOLYGONALFACESET(#10230,.T.,(#10210,#10211,#10212,#10213,#10214,#10215,#10216,#10217,#10218,#10219,#10220,#10221,#10222,#10223,#10224,#10225,#10226,#10227,#10228,#10229),$);
#10232=IFCSHAPEREPRESENTATION(#11,'Body','Tessellation',(#10231));
#10234=IFCCARTESIANPOINT((0.,0.,0.));
#10235=IFCBOUNDINGBOX(#10234,1.4824293851852417,0.88698148727416992,1.8000000715255737);
#10236=IFCSHAPEREPRESENTATION(#13,'Box','BoundingBox',(#10235));
#10237=IFCCARTESIANPOINT((0.,0.,0.));
#10238=IFCDIRECTION((1.,0.,0.));
#10239=IFCDIRECTION((0.,0.,1.));
#10240=IFCAXIS2PLACEMENT3D(#10237,#10239,#10238);
#10241=IFCREPRESENTATIONMAP(#10240,#10236);
#10242=IFCCARTESIANPOINT((0.,0.,0.));
#10243=IFCDIRECTION((1.,0.,0.));
#10244=IFCDIRECTION((0.,1.,0.));
#10245=IFCDIRECTION((0.,0.,1.));
#10246=IFCCARTESIANTRANSFORMATIONOPERATOR3D(#10243,#10244,#10242,1.,#10245);
#10247=IFCMAPPEDITEM(#10241,#10246);
#10248=IFCSHAPEREPRESENTATION(#13,'Box','MappedRepresentation',(#10247));
#10249=IFCSLAB('1N9sEGqDD8Y9oRxp14yiMT',$,'Slab',$,$,#10279,#10264,$,$);
#10250=IFCRELDEFINESBYTYPE('1YyJKexrP7QRKpCFidJuN5',$,$,$,(#10249,#10280),#10204);
#10251=IFCMATERIALLAYERSETUSAGE(#10205,.AXIS3.,.POSITIVE.,-0.10000000149011612,$);
#10252=IFCRELASSOCIATESMATERIAL('1pLm1C4QLDk8Ja0EQjTjz1',$,$,$,(#10249),#10251);
#10260=IFCDIRECTION((0.,0.,1.));
#10262=IFCEXTRUDEDAREASOLID(#10274,#10271,#10260,1.7999999523162842);
#10263=IFCSHAPEREPRESENTATION(#11,'Body','SweptSolid',(#10262));
#10264=IFCPRODUCTDEFINITIONSHAPE($,$,(#10263));
#10265=IFCPROPERTYSET('27zkoD8vr6xPIMi4RnHQ5y',$,'EPset_Parametric',$,(#10267));
#10266=IFCRELDEFINESBYPROPERTIES('0mzZx2eJHA08dftQ6u35IJ',$,$,$,(#10249),#10265);
#10267=IFCPROPERTYSINGLEVALUE('Engine',$,IFCLABEL('Bonsai.DumbLayer3'),$);
#10268=IFCCARTESIANPOINT((-0.,-0.,-0.10000000149011612));
#10269=IFCDIRECTION((0.,0.,1.));
#10270=IFCDIRECTION((1.,0.,0.));
#10271=IFCAXIS2PLACEMENT3D(#10268,#10269,#10270);
#10272=IFCCARTESIANPOINTLIST2D(((0.81372308731079102,0.0090990066528320312),(0.81372356414794922,1.7840356826782227),(-0.0037031173706054688,1.7840361595153809),(0.,0.),(0.81372308731079102,0.0090990066528320312)));
#10273=IFCINDEXEDPOLYCURVE(#10272,$,$);
#10274=IFCARBITRARYCLOSEDPROFILEDEF(.AREA.,$,#10273);
#10275=IFCCARTESIANPOINT((3.3128824234008789,0.48512077331542969,0.19999998807907104));
#10276=IFCDIRECTION((0.,0.,1.));
#10277=IFCDIRECTION((1.,0.,0.));
#10278=IFCAXIS2PLACEMENT3D(#10275,#10276,#10277);
#10279=IFCLOCALPLACEMENT(#79,#10278);
#10280=IFCSLAB('2Efa5GJOj65AMLObFoI6aX',$,'Slab',$,$,#10651,#10291,$,$);
#10286=IFCRELASSOCIATESMATERIAL('0S2QzAwg5C9A68qc9$w9ev',$,$,$,(#10280),#10287);
#10287=IFCMATERIALLAYERSETUSAGE(#10205,.AXIS3.,.POSITIVE.,-0.10000000149011612,$);
#10288=IFCRELDEFINESBYPROPERTIES('2asT5y2oLDWRKvt6MsLOY2',$,$,$,(#10280),#10289);
#10289=IFCPROPERTYSET('0W4aPc3JnACvH6lG8h1w46',$,'EPset_Parametric',$,(#10290));
#10290=IFCPROPERTYSINGLEVALUE('Engine',$,IFCLABEL('Bonsai.DumbLayer3'),$);
#10291=IFCPRODUCTDEFINITIONSHAPE($,$,(#10292));
#10292=IFCSHAPEREPRESENTATION(#11,'Body','SweptSolid',(#10293));
#10293=IFCEXTRUDEDAREASOLID(#10304,#10297,#10301,1.7999999523162842);
#10297=IFCAXIS2PLACEMENT3D(#10298,#10299,#10300);
#10298=IFCCARTESIANPOINT((-0.,-0.,-0.10000000149011612));
#10299=IFCDIRECTION((0.,0.,1.));
#10300=IFCDIRECTION((1.,0.,0.));
#10301=IFCDIRECTION((0.,0.,1.));
#10302=IFCCARTESIANPOINTLIST2D(((0.,0.),(-0.003703130641952157,1.4805777072906494),(0.89705467224121094,1.4805777072906494),(0.89705467224121094,0.0090990029275417328),(0.,0.)));
#10303=IFCINDEXEDPOLYCURVE(#10302,$,$);
#10304=IFCARBITRARYCLOSEDPROFILEDEF(.AREA.,$,#10303);
#10305=IFCCARTESIANPOINT((1.8304531574249268,0.48512077331542969,0.099999949336051941));
#10306=IFCDIRECTION((0.,0.,1.));
#10307=IFCDIRECTION((1.,0.,0.));
#10308=IFCAXIS2PLACEMENT3D(#10305,#10306,#10307);
#10309=IFCLOCALPLACEMENT(#79,#10308);
#10310=IFCSTAIRFLIGHT('1CtMT_xqH8CARFJYmSJ8fY',$,'StairFlight',$,$,#10656,#10323,$,8,7,0.22499999403953552,0.25,.STRAIGHT.);
#10316=IFCCARTESIANPOINT((0.,0.,0.));
#10317=IFCDIRECTION((1.,0.,0.));
#10318=IFCDIRECTION((0.,1.,0.));
#10319=IFCDIRECTION((0.,0.,1.));
#10320=IFCCARTESIANTRANSFORMATIONOPERATOR3D(#10317,#10318,#10316,1.,#10319);
#10321=IFCMAPPEDITEM(#10062,#10320);
#10322=IFCSHAPEREPRESENTATION(#11,'Body','MappedRepresentation',(#10321));
#10323=IFCPRODUCTDEFINITIONSHAPE($,$,(#10322,#10330));
#10324=IFCCARTESIANPOINT((0.,0.,0.));
#10325=IFCDIRECTION((1.,0.,0.));
#10326=IFCDIRECTION((0.,1.,0.));
#10327=IFCDIRECTION((0.,0.,1.));
#10328=IFCCARTESIANTRANSFORMATIONOPERATOR3D(#10325,#10326,#10324,1.,#10327);
#10329=IFCMAPPEDITEM(#10241,#10328);
#10330=IFCSHAPEREPRESENTATION(#13,'Box','MappedRepresentation',(#10329));
#10331=IFCRAILINGTYPE('31tNbr98n9PRjx2wBJzzvj',$,'staircase-1',$,$,(#10332,#10334),(#10363,#10484),$,$,.USERDEFINED.);
#10332=IFCPROPERTYSET('1PXWGyVEX6cOa035KBrGIO',$,'BBIM_Railing',$,(#10333));
#10333=IFCPROPERTYSINGLEVALUE('Data',$,IFCTEXT('{"railing_type": "FRAMELESS_PANEL", "height": 1.0, "thickness": 0.05000000074505806, "spacing": 0.05000000074505806, "path_data": {"edges": [[0, 1], [1, 2]], "verts": [[-1.190824270248413, -0.8869814872741699, 0.09999994933605194], [-0.44960951805114746, -0.8869814872741699, 0.9999999403953552], [0.29160499572753906, -0.8869814872741699, 1.899999976158142]]}}'),$);
#10334=IFCPROPERTYSET('1oZrUqKmXB$9ENql2vec2C',$,'Pset_RailingCommon',$,(#10335));
#10335=IFCPROPERTYSINGLEVALUE('Height',$,IFCPOSITIVELENGTHMEASURE(1.),$);
#10359=IFCCARTESIANPOINT((0.,0.,0.));
#10360=IFCDIRECTION((1.,0.,0.));
#10361=IFCDIRECTION((0.,0.,1.));
#10362=IFCAXIS2PLACEMENT3D(#10359,#10361,#10360);
#10363=IFCREPRESENTATIONMAP(#10362,#10475);
#10408=IFCRAILING('0vv5x2OTfBJwsfftsI37sz',$,'Railing',$,'FRAMELESS_PANEL',#10496,#10417,$,.USERDEFINED.);
#10409=IFCRELDEFINESBYTYPE('1nzBVdg65E6Qz6UNQ_6xDe',$,$,$,(#10408,#10497,#10773,#10819),#10331);
#10410=IFCCARTESIANPOINT((0.,0.,0.));
#10411=IFCDIRECTION((1.,0.,0.));
#10412=IFCDIRECTION((0.,1.,0.));
#10413=IFCDIRECTION((0.,0.,1.));
#10414=IFCCARTESIANTRANSFORMATIONOPERATOR3D(#10411,#10412,#10410,1.,#10413);
#10415=IFCMAPPEDITEM(#10363,#10414);
#10416=IFCSHAPEREPRESENTATION(#11,'Body','MappedRepresentation',(#10415));
#10417=IFCPRODUCTDEFINITIONSHAPE($,$,(#10416,#10491));
#10461=IFCINDEXEDPOLYGONALFACE((16,19,18,17));
#10462=IFCINDEXEDPOLYGONALFACE((20,23,22,21));
#10463=IFCINDEXEDPOLYGONALFACE((5,11,10,4,8,9));
#10464=IFCINDEXEDPOLYGONALFACE((7,15,14,6,12,13));
#10465=IFCINDEXEDPOLYGONALFACE((6,14,21,22,12));
#10466=IFCINDEXEDPOLYGONALFACE((9,19,16,11,5));
#10467=IFCINDEXEDPOLYGONALFACE((7,13,23,20,15));
#10468=IFCINDEXEDPOLYGONALFACE((11,16,17,10));
#10469=IFCINDEXEDPOLYGONALFACE((8,18,19,9));
#10470=IFCINDEXEDPOLYGONALFACE((12,22,23,13));
#10471=IFCINDEXEDPOLYGONALFACE((15,20,21,14));
#10472=IFCINDEXEDPOLYGONALFACE((10,17,18,8,4));
#10473=IFCCARTESIANPOINTLIST3D(((-1.1908242702484131,-0.88698148727416992,0.099999949336051941),(-0.44960951805114746,-0.88698148727416992,0.99999994039535522),(0.29160499572753906,-0.88698148727416992,1.8999999761581421),(-1.165824294090271,-0.88698148727416992,0.13035552203655243),(-0.47460952401161194,-0.88698148727416992,0.96964436769485474),(-0.42460951209068298,-0.88698148727416992,1.0303555727005005),(0.26660498976707458,-0.88698148727416992,1.8696444034576416),(-1.165824294090271,-0.86198151111602783,0.13035552203655243),(-0.47460952401161194,-0.86198151111602783,0.96964436769485474),(-1.165824294090271,-0.91198146343231201,0.13035552203655243),(-0.47460952401161194,-0.91198146343231201,0.96964436769485474),(-0.42460951209068298,-0.86198151111602783,1.0303555727005005),(0.26660498976707458,-0.86198151111602783,1.8696444034576416),(-0.42460951209068298,-0.91198146343231201,1.0303555727005005),(0.26660498976707458,-0.91198146343231201,1.8696444034576416),(-0.47460952401161194,-0.91198146343231201,1.96964430809021),(-1.165824294090271,-0.91198146343231201,1.1303554773330688),(-1.165824294090271,-0.86198151111602783,1.1303554773330688),(-0.47460952401161194,-0.86198151111602783,1.96964430809021),(0.26660498976707458,-0.91198146343231201,2.8696444034576416),(-0.42460951209068298,-0.91198146343231201,2.0303554534912109),(-0.42460951209068298,-0.86198151111602783,2.0303554534912109),(0.26660498976707458,-0.86198151111602783,2.8696444034576416)));
#10474=IFCPOLYGONALFACESET(#10473,.F.,(#10461,#10462,#10463,#10464,#10465,#10466,#10467,#10468,#10469,#10470,#10471,#10472),$);
#10475=IFCSHAPEREPRESENTATION(#11,'Body','Tessellation',(#10474));
#10477=IFCCARTESIANPOINT((-1.1908242702484131,-0.91198146343231201,0.099999949336051941));
#10478=IFCBOUNDINGBOX(#10477,1.4824292659759521,0.04999995231628418,2.7696444988250732);
#10479=IFCSHAPEREPRESENTATION(#13,'Box','BoundingBox',(#10478));
#10480=IFCCARTESIANPOINT((0.,0.,0.));
#10481=IFCDIRECTION((1.,0.,0.));
#10482=IFCDIRECTION((0.,0.,1.));
#10483=IFCAXIS2PLACEMENT3D(#10480,#10482,#10481);
#10484=IFCREPRESENTATIONMAP(#10483,#10479);
#10485=IFCCARTESIANPOINT((0.,0.,0.));
#10486=IFCDIRECTION((1.,0.,0.));
#10487=IFCDIRECTION((0.,1.,0.));
#10488=IFCDIRECTION((0.,0.,1.));
#10489=IFCCARTESIANTRANSFORMATIONOPERATOR3D(#10486,#10487,#10485,1.,#10488);
#10490=IFCMAPPEDITEM(#10484,#10489);
#10491=IFCSHAPEREPRESENTATION(#13,'Box','MappedRepresentation',(#10490));
#10492=IFCCARTESIANPOINT((3.0212774276733398,1.3971022367477417,0.));
#10493=IFCDIRECTION((0.,0.,1.));
#10494=IFCDIRECTION((1.,0.,0.));
#10495=IFCAXIS2PLACEMENT3D(#10492,#10493,#10494);
#10496=IFCLOCALPLACEMENT(#79,#10495);
#10497=IFCRAILING('2xnBm8NwL3mBpzraTBJEU0',$,'Railing',$,'FRAMELESS_PANEL',#10661,#10510,$,.USERDEFINED.);
#10503=IFCCARTESIANPOINT((0.,0.,0.));
#10504=IFCDIRECTION((1.,0.,0.));
#10505=IFCDIRECTION((0.,1.,0.));
#10506=IFCDIRECTION((0.,0.,1.));
#10507=IFCCARTESIANTRANSFORMATIONOPERATOR3D(#10504,#10505,#10503,1.,#10506);
#10508=IFCMAPPEDITEM(#10363,#10507);
#10509=IFCSHAPEREPRESENTATION(#11,'Body','MappedRepresentation',(#10508));
#10510=IFCPRODUCTDEFINITIONSHAPE($,$,(#10509,#10517));
#10511=IFCCARTESIANPOINT((0.,0.,0.));
#10512=IFCDIRECTION((1.,0.,0.));
#10513=IFCDIRECTION((0.,1.,0.));
#10514=IFCDIRECTION((0.,0.,1.));
#10515=IFCCARTESIANTRANSFORMATIONOPERATOR3D(#10512,#10513,#10511,1.,#10514);
#10516=IFCMAPPEDITEM(#10484,#10515);
#10517=IFCSHAPEREPRESENTATION(#13,'Box','MappedRepresentation',(#10516));
#10518=IFCRAILINGTYPE('26_VhCXHH0thSkuhju5yMD',$,'staircase-2',$,$,(#10519,#10521),(#10550,#10737),$,$,.USERDEFINED.);
#10519=IFCPROPERTYSET('07BthW7Pn2FRJuAOf168jE',$,'BBIM_Railing',$,(#10520));
#10520=IFCPROPERTYSINGLEVALUE('Data',$,IFCTEXT('{"railing_type": "FRAMELESS_PANEL", "height": 1.0, "thickness": 0.05000000074505806, "spacing": 0.05000000074505806, "path_data": {"edges": [[0, 1]], "verts": [[-1.0, 0.0, 0.0], [-0.16127634048461914, 0.0, 0.0]]}}'),$);
#10521=IFCPROPERTYSET('0A2WwPYYbAoObOa3Of_iu6',$,'Pset_RailingCommon',$,(#10522));
#10522=IFCPROPERTYSINGLEVALUE('Height',$,IFCPOSITIVELENGTHMEASURE(1.),$);
#10546=IFCCARTESIANPOINT((0.,0.,0.));
#10547=IFCDIRECTION((1.,0.,0.));
#10548=IFCDIRECTION((0.,0.,1.));
#10549=IFCAXIS2PLACEMENT3D(#10546,#10548,#10547);
#10550=IFCREPRESENTATIONMAP(#10549,#10728);
#10595=IFCRAILING('1LQxupB2r6UxvE5hT6rRhu',$,'Railing',$,'FRAMELESS_PANEL',#10798,#10604,$,.USERDEFINED.);
#10596=IFCRELDEFINESBYTYPE('1d0AuXHU13ROsNW33KO7cr',$,$,$,(#10595,#10667),#10518);
#10597=IFCCARTESIANPOINT((0.,0.,0.));
#10598=IFCDIRECTION((1.,0.,0.));
#10599=IFCDIRECTION((0.,1.,0.));
#10600=IFCDIRECTION((0.,0.,1.));
#10601=IFCCARTESIANTRANSFORMATIONOPERATOR3D(#10598,#10599,#10597,1.,#10600);
#10602=IFCMAPPEDITEM(#10550,#10601);
#10603=IFCSHAPEREPRESENTATION(#11,'Body','MappedRepresentation',(#10602));
#10604=IFCPRODUCTDEFINITIONSHAPE($,$,(#10603,#10744));
#10642=IFCCARTESIANPOINT((1.7560572624206543,1.1450588703155518,0.));
#10643=IFCDIRECTION((0.,0.,1.));
#10644=IFCDIRECTION((1.,0.,0.));
#10645=IFCAXIS2PLACEMENT3D(#10642,#10643,#10644);
#10646=IFCLOCALPLACEMENT(#79,#10645);
#10647=IFCCARTESIANPOINT((3.3110308647155762,1.3721022605895996,0.20000004768371582));
#10648=IFCDIRECTION((0.,0.,1.));
#10649=IFCDIRECTION((-4.3711388286737889E-08,0.99999999999999911,0.));
#10650=IFCAXIS2PLACEMENT3D(#10647,#10648,#10649);
#10651=IFCLOCALPLACEMENT(#79,#10650);
#10652=IFCCARTESIANPOINT((3.312882661819458,2.2691569328308105,1.8999998569488525));
#10653=IFCDIRECTION((0.,0.,1.));
#10654=IFCDIRECTION((-0.99999999999994693,3.2584136988587576E-07,0.));
#10655=IFCAXIS2PLACEMENT3D(#10652,#10653,#10654);
#10656=IFCLOCALPLACEMENT(#79,#10655);
#10657=IFCCARTESIANPOINT((3.0212774276733398,2.2303805351257324,0.));
#10658=IFCDIRECTION((0.,0.,1.));
#10659=IFCDIRECTION((1.,0.,0.));
#10660=IFCAXIS2PLACEMENT3D(#10657,#10658,#10659);
#10661=IFCLOCALPLACEMENT(#79,#10660);
#10667=IFCRAILING('2MTXLBMJHB5vlvqb8lE1Sb',$,'Railing',$,'FRAMELESS_PANEL',#10803,#10680,$,.USERDEFINED.);
#10673=IFCCARTESIANPOINT((0.,0.,0.));
#10674=IFCDIRECTION((1.,0.,0.));
#10675=IFCDIRECTION((0.,1.,0.));
#10676=IFCDIRECTION((0.,0.,1.));
#10677=IFCCARTESIANTRANSFORMATIONOPERATOR3D(#10674,#10675,#10673,1.,#10676);
#10678=IFCMAPPEDITEM(#10550,#10677);
#10679=IFCSHAPEREPRESENTATION(#11,'Body','MappedRepresentation',(#10678));
#10680=IFCPRODUCTDEFINITIONSHAPE($,$,(#10679,#10751));
#10720=IFCINDEXEDPOLYGONALFACE((9,12,11,10));
#10721=IFCINDEXEDPOLYGONALFACE((4,8,7,3,5,6));
#10722=IFCINDEXEDPOLYGONALFACE((8,9,10,7));
#10723=IFCINDEXEDPOLYGONALFACE((6,12,9,8,4));
#10724=IFCINDEXEDPOLYGONALFACE((5,11,12,6));
#10725=IFCINDEXEDPOLYGONALFACE((3,7,10,11,5));
#10726=IFCCARTESIANPOINTLIST3D(((-1.,0.,0.),(-0.16127634048461914,0.,0.),(-0.97500002384185791,0.,0.),(-0.18627634644508362,0.,0.),(-0.97500002384185791,0.02500000037252903,0.),(-0.18627634644508362,0.02500000037252903,0.),(-0.97500002384185791,-0.02500000037252903,0.),(-0.18627634644508362,-0.02500000037252903,0.),(-0.18627634644508362,-0.02500000037252903,1.),(-0.97500002384185791,-0.02500000037252903,1.),(-0.97500002384185791,0.02500000037252903,1.),(-0.18627634644508362,0.02500000037252903,1.)));
#10727=IFCPOLYGONALFACESET(#10726,.F.,(#10720,#10721,#10722,#10723,#10724,#10725),$);
#10728=IFCSHAPEREPRESENTATION(#11,'Body','Tessellation',(#10727));
#10730=IFCCARTESIANPOINT((-1.,-0.02500000037252903,0.));
#10731=IFCBOUNDINGBOX(#10730,0.83872365951538086,0.05000000074505806,1.);
#10732=IFCSHAPEREPRESENTATION(#13,'Box','BoundingBox',(#10731));
#10733=IFCCARTESIANPOINT((0.,0.,0.));
#10734=IFCDIRECTION((1.,0.,0.));
#10735=IFCDIRECTION((0.,0.,1.));
#10736=IFCAXIS2PLACEMENT3D(#10733,#10735,#10734);
#10737=IFCREPRESENTATIONMAP(#10736,#10732);
#10738=IFCCARTESIANPOINT((0.,0.,0.));
#10739=IFCDIRECTION((1.,0.,0.));
#10740=IFCDIRECTION((0.,1.,0.));
#10741=IFCDIRECTION((0.,0.,1.));
#10742=IFCCARTESIANTRANSFORMATIONOPERATOR3D(#10739,#10740,#10738,1.,#10741);
#10743=IFCMAPPEDITEM(#10737,#10742);
#10744=IFCSHAPEREPRESENTATION(#13,'Box','MappedRepresentation',(#10743));
#10745=IFCCARTESIANPOINT((0.,0.,0.));
#10746=IFCDIRECTION((1.,0.,0.));
#10747=IFCDIRECTION((0.,1.,0.));
#10748=IFCDIRECTION((0.,0.,1.));
#10749=IFCCARTESIANTRANSFORMATIONOPERATOR3D(#10746,#10747,#10745,1.,#10748);
#10750=IFCMAPPEDITEM(#10737,#10749);
#10751=IFCSHAPEREPRESENTATION(#13,'Box','MappedRepresentation',(#10750));
#10752=IFCSTAIRFLIGHT('2cnDFsfIT5VPoF4s$oPorP',$,'StairFlight',$,$,#10753,#10765,$,8,7,0.22499999403953552,0.25,.STRAIGHT.);
#10753=IFCLOCALPLACEMENT(#79,#10754);
#10754=IFCAXIS2PLACEMENT3D(#10755,#10756,#10757);
#10755=IFCCARTESIANPOINT((3.312882661819458,2.2691569328308105,1.8999998569488525));
#10756=IFCDIRECTION((0.,0.,1.));
#10757=IFCDIRECTION((-0.99999999999994693,3.2584136988587576E-07,0.));
#10758=IFCCARTESIANPOINT((0.,0.,0.));
#10759=IFCDIRECTION((1.,0.,0.));
#10760=IFCDIRECTION((0.,1.,0.));
#10761=IFCDIRECTION((0.,0.,1.));
#10762=IFCCARTESIANTRANSFORMATIONOPERATOR3D(#10759,#10760,#10758,1.,#10761);
#10763=IFCMAPPEDITEM(#10062,#10762);
#10764=IFCSHAPEREPRESENTATION(#11,'Body','MappedRepresentation',(#10763));
#10765=IFCPRODUCTDEFINITIONSHAPE($,$,(#10764,#10772));
#10766=IFCCARTESIANPOINT((0.,0.,0.));
#10767=IFCDIRECTION((1.,0.,0.));
#10768=IFCDIRECTION((0.,1.,0.));
#10769=IFCDIRECTION((0.,0.,1.));
#10770=IFCCARTESIANTRANSFORMATIONOPERATOR3D(#10767,#10768,#10766,1.,#10769);
#10771=IFCMAPPEDITEM(#10241,#10770);
#10772=IFCSHAPEREPRESENTATION(#13,'Box','MappedRepresentation',(#10771));
#10773=IFCRAILING('3yUbMKVqz7ReSOeZI6g8rb',$,'Railing',$,'FRAMELESS_PANEL',#10818,#10786,$,.USERDEFINED.);
#10779=IFCCARTESIANPOINT((0.,0.,0.));
#10780=IFCDIRECTION((1.,0.,0.));
#10781=IFCDIRECTION((0.,1.,0.));
#10782=IFCDIRECTION((0.,0.,1.));
#10783=IFCCARTESIANTRANSFORMATIONOPERATOR3D(#10780,#10781,#10779,1.,#10782);
#10784=IFCMAPPEDITEM(#10363,#10783);
#10785=IFCSHAPEREPRESENTATION(#11,'Body','MappedRepresentation',(#10784));
#10786=IFCPRODUCTDEFINITIONSHAPE($,$,(#10785,#10793));
#10787=IFCCARTESIANPOINT((0.,0.,0.));
#10788=IFCDIRECTION((1.,0.,0.));
#10789=IFCDIRECTION((0.,1.,0.));
#10790=IFCDIRECTION((0.,0.,1.));
#10791=IFCCARTESIANTRANSFORMATIONOPERATOR3D(#10788,#10789,#10787,1.,#10790);
#10792=IFCMAPPEDITEM(#10484,#10791);
#10793=IFCSHAPEREPRESENTATION(#13,'Box','MappedRepresentation',(#10792));
#10794=IFCCARTESIANPOINT((4.3128819465637207,0.51012086868286133,1.8999998569488525));
#10795=IFCDIRECTION((0.,0.,1.));
#10796=IFCDIRECTION((1.,0.,0.));
#10797=IFCAXIS2PLACEMENT3D(#10794,#10795,#10796);
#10798=IFCLOCALPLACEMENT(#79,#10797);
#10799=IFCCARTESIANPOINT((4.3128824234008789,2.2441563606262207,1.8999998569488525));
#10800=IFCDIRECTION((0.,0.,1.));
#10801=IFCDIRECTION((1.,0.,0.));
#10802=IFCAXIS2PLACEMENT3D(#10799,#10800,#10801);
#10803=IFCLOCALPLACEMENT(#79,#10802);
#10814=IFCCARTESIANPOINT((2.0970582962036133,0.52019453048706055,1.8230197429656982));
#10815=IFCDIRECTION((0.,0.,1.));
#10816=IFCDIRECTION((-0.99999999999994693,-3.2584136988587576E-07,0.));
#10817=IFCAXIS2PLACEMENT3D(#10814,#10815,#10816);
#10818=IFCLOCALPLACEMENT(#79,#10817);
#10819=IFCRAILING('01U$iTBK1EWBU4YrSlsPst',$,'Railing',$,'FRAMELESS_PANEL',#10844,#10832,$,.USERDEFINED.);
#10825=IFCCARTESIANPOINT((0.,0.,0.));
#10826=IFCDIRECTION((1.,0.,0.));
#10827=IFCDIRECTION((0.,1.,0.));
#10828=IFCDIRECTION((0.,0.,1.));
#10829=IFCCARTESIANTRANSFORMATIONOPERATOR3D(#10826,#10827,#10825,1.,#10828);
#10830=IFCMAPPEDITEM(#10363,#10829);
#10831=IFCSHAPEREPRESENTATION(#11,'Body','MappedRepresentation',(#10830));
#10832=IFCPRODUCTDEFINITIONSHAPE($,$,(#10831,#10839));
#10833=IFCCARTESIANPOINT((0.,0.,0.));
#10834=IFCDIRECTION((1.,0.,0.));
#10835=IFCDIRECTION((0.,1.,0.));
#10836=IFCDIRECTION((0.,0.,1.));
#10837=IFCCARTESIANTRANSFORMATIONOPERATOR3D(#10834,#10835,#10833,1.,#10836);
#10838=IFCMAPPEDITEM(#10484,#10837);
#10839=IFCSHAPEREPRESENTATION(#13,'Box','MappedRepresentation',(#10838));
#10840=IFCCARTESIANPOINT((2.0970582962036133,1.3571751117706299,1.8230197429656982));
#10841=IFCDIRECTION((0.,0.,1.));
#10842=IFCDIRECTION((-0.99999999999994693,-3.2584136988587576E-07,0.));
#10843=IFCAXIS2PLACEMENT3D(#10840,#10841,#10842);
#10844=IFCLOCALPLACEMENT(#79,#10843);
#10845=IFCRAILINGTYPE('06sCzswbH4_PeZOlIIE3AH',$,'balcony-1',$,$,(#10846,#10848),(#10877,#10921),$,$,.USERDEFINED.);
#10846=IFCPROPERTYSET('1_fh2QOAX2tfEf6x8tr8KV',$,'BBIM_Railing',$,(#10847));
#10847=IFCPROPERTYSINGLEVALUE('Data',$,IFCTEXT('{"railing_type": "FRAMELESS_PANEL", "height": 1.0, "thickness": 0.05000000074505806, "spacing": 0.05000000074505806, "path_data": {"edges": [[0, 1], [1, 2]], "verts": [[-1.0, 0.0, 0.0], [0.0, 0.0, 0.0], [1.0, 0.0, 0.0]]}}'),$);
#10848=IFCPROPERTYSET('3VfguNQsT0Dw5UnDuJ77mp',$,'Pset_RailingCommon',$,(#10849));
#10849=IFCPROPERTYSINGLEVALUE('Height',$,IFCPOSITIVELENGTHMEASURE(1.),$);
#10873=IFCCARTESIANPOINT((0.,0.,0.));
#10874=IFCDIRECTION((1.,0.,0.));
#10875=IFCDIRECTION((0.,0.,1.));
#10876=IFCAXIS2PLACEMENT3D(#10873,#10875,#10874);
#10877=IFCREPRESENTATIONMAP(#10876,#10912);
#10878=IFCINDEXEDPOLYGONALFACE((2,3,4));
#10879=IFCINDEXEDPOLYGONALFACE((2,4,1));
#10880=IFCINDEXEDPOLYGONALFACE((6,7,8));
#10881=IFCINDEXEDPOLYGONALFACE((6,8,5));
#10882=IFCINDEXEDPOLYGONALFACE((12,9,10));
#10883=IFCINDEXEDPOLYGONALFACE((12,10,11));
#10884=IFCINDEXEDPOLYGONALFACE((13,14,9));
#10885=IFCINDEXEDPOLYGONALFACE((13,9,12));
#10886=IFCINDEXEDPOLYGONALFACE((18,15,16));
#10887=IFCINDEXEDPOLYGONALFACE((18,16,17));
#10888=IFCINDEXEDPOLYGONALFACE((19,20,15));
#10889=IFCINDEXEDPOLYGONALFACE((19,15,18));
#10890=IFCINDEXEDPOLYGONALFACE((10,1,4));
#10891=IFCINDEXEDPOLYGONALFACE((10,4,11));
#10892=IFCINDEXEDPOLYGONALFACE((2,13,3));
#10893=IFCINDEXEDPOLYGONALFACE((2,14,13));
#10894=IFCINDEXEDPOLYGONALFACE((6,15,20));
#10895=IFCINDEXEDPOLYGONALFACE((5,16,15));
#10896=IFCINDEXEDPOLYGONALFACE((5,15,6));
#10897=IFCINDEXEDPOLYGONALFACE((2,9,14));
#10898=IFCINDEXEDPOLYGONALFACE((1,10,9));
#10899=IFCINDEXEDPOLYGONALFACE((1,9,2));
#10900=IFCINDEXEDPOLYGONALFACE((6,19,7));
#10901=IFCINDEXEDPOLYGONALFACE((6,20,19));
#10902=IFCINDEXEDPOLYGONALFACE((18,8,7));
#10903=IFCINDEXEDPOLYGONALFACE((18,7,19));
#10904=IFCINDEXEDPOLYGONALFACE((17,8,18));
#10905=IFCINDEXEDPOLYGONALFACE((16,5,8));
#10906=IFCINDEXEDPOLYGONALFACE((16,8,17));
#10907=IFCINDEXEDPOLYGONALFACE((12,4,3));
#10908=IFCINDEXEDPOLYGONALFACE((12,3,13));
#10909=IFCINDEXEDPOLYGONALFACE((11,4,12));
#10910=IFCCARTESIANPOINTLIST3D(((-0.02500000037252903,-0.02500000037252903,1.),(-0.02500000037252903,0.02500000037252903,1.),(-0.97500002384185791,0.02500000037252903,1.),(-0.97500002384185791,-0.02500000037252903,1.),(0.97500002384185791,-0.02500000037252903,1.),(0.97500002384185791,0.02500000037252903,1.),(0.02500000037252903,0.02500000037252903,1.),(0.02500000037252903,-0.02500000037252903,1.),(-0.02500000037252903,0.,0.),(-0.02500000037252903,-0.02500000037252903,0.),(-0.97500002384185791,-0.02500000037252903,0.),(-0.97500002384185791,0.,0.),(-0.97500002384185791,0.02500000037252903,0.),(-0.02500000037252903,0.02500000037252903,0.),(0.97500002384185791,0.,0.),(0.97500002384185791,-0.02500000037252903,0.),(0.02500000037252903,-0.02500000037252903,0.),(0.02500000037252903,0.,0.),(0.02500000037252903,0.02500000037252903,0.),(0.97500002384185791,0.02500000037252903,0.)));
#10911=IFCPOLYGONALFACESET(#10910,.T.,(#10878,#10879,#10880,#10881,#10882,#10883,#10884,#10885,#10886,#10887,#10888,#10889,#10890,#10891,#10892,#10893,#10894,#10895,#10896,#10897,#10898,#10899,#10900,#10901,#10902,#10903,#10904,#10905,#10906,#10907,#10908,#10909),$);
#10912=IFCSHAPEREPRESENTATION(#11,'Body','Tessellation',(#10911));
#10914=IFCCARTESIANPOINT((-0.97500002384185791,-0.02500000037252903,0.));
#10915=IFCBOUNDINGBOX(#10914,1.9500000476837158,0.05000000074505806,1.);
#10916=IFCSHAPEREPRESENTATION(#13,'Box','BoundingBox',(#10915));
#10917=IFCCARTESIANPOINT((0.,0.,0.));
#10918=IFCDIRECTION((1.,0.,0.));
#10919=IFCDIRECTION((0.,0.,1.));
#10920=IFCAXIS2PLACEMENT3D(#10917,#10919,#10918);
#10921=IFCREPRESENTATIONMAP(#10920,#10916);
#10922=IFCRAILING('2kOIXaLxfE1PdbmwiEZUw6',$,'Railing',$,$,#10948,#10931,$,$);
#10923=IFCRELDEFINESBYTYPE('1ekI8ePEzCHecw2EYFECy9',$,$,$,(#10922,#10949),#10845);
#10924=IFCCARTESIANPOINT((0.,0.,0.));
#10925=IFCDIRECTION((1.,0.,0.));
#10926=IFCDIRECTION((0.,1.,0.));
#10927=IFCDIRECTION((0.,0.,1.));
#10928=IFCCARTESIANTRANSFORMATIONOPERATOR3D(#10925,#10926,#10924,1.,#10927);
#10929=IFCMAPPEDITEM(#10877,#10928);
#10930=IFCSHAPEREPRESENTATION(#11,'Body','MappedRepresentation',(#10929));
#10931=IFCPRODUCTDEFINITIONSHAPE($,$,(#10930,#10938));
#10932=IFCCARTESIANPOINT((0.,0.,0.));
#10933=IFCDIRECTION((1.,0.,0.));
#10934=IFCDIRECTION((0.,1.,0.));
#10935=IFCDIRECTION((0.,0.,1.));
#10936=IFCCARTESIANTRANSFORMATIONOPERATOR3D(#10933,#10934,#10932,1.,#10935);
#10937=IFCMAPPEDITEM(#10921,#10936);
#10938=IFCSHAPEREPRESENTATION(#13,'Box','MappedRepresentation',(#10937));
#10944=IFCCARTESIANPOINT((0.87499988079071045,-3.0524530410766602,0.));
#10945=IFCDIRECTION((0.,0.,1.));
#10946=IFCDIRECTION((1.,0.,0.));
#10947=IFCAXIS2PLACEMENT3D(#10944,#10945,#10946);
#10948=IFCLOCALPLACEMENT(#3715,#10947);
#10949=IFCRAILING('2PVO8JRX52pecSBOumu0tR',$,'Railing',$,$,#11234,#10962,$,$);
#10955=IFCCARTESIANPOINT((0.,0.,0.));
#10956=IFCDIRECTION((1.,0.,0.));
#10957=IFCDIRECTION((0.,1.,0.));
#10958=IFCDIRECTION((0.,0.,1.));
#10959=IFCCARTESIANTRANSFORMATIONOPERATOR3D(#10956,#10957,#10955,1.,#10958);
#10960=IFCMAPPEDITEM(#10877,#10959);
#10961=IFCSHAPEREPRESENTATION(#11,'Body','MappedRepresentation',(#10960));
#10962=IFCPRODUCTDEFINITIONSHAPE($,$,(#10961,#10969));
#10963=IFCCARTESIANPOINT((0.,0.,0.));
#10964=IFCDIRECTION((1.,0.,0.));
#10965=IFCDIRECTION((0.,1.,0.));
#10966=IFCDIRECTION((0.,0.,1.));
#10967=IFCCARTESIANTRANSFORMATIONOPERATOR3D(#10964,#10965,#10963,1.,#10966);
#10968=IFCMAPPEDITEM(#10921,#10967);
#10969=IFCSHAPEREPRESENTATION(#13,'Box','MappedRepresentation',(#10968));
#10970=IFCRAILINGTYPE('0WQ4tpOkn1IAkpd4fBepOW',$,'balcony-2',$,$,(#10971,#10973),(#11002,#11092),$,$,.USERDEFINED.);
#10971=IFCPROPERTYSET('2wAJ9DOknD1gPC$EEPtcGU',$,'BBIM_Railing',$,(#10972));
#10972=IFCPROPERTYSINGLEVALUE('Data',$,IFCTEXT('{"railing_type": "FRAMELESS_PANEL", "height": 1.0, "thickness": 0.05000000074505806, "spacing": 0.05000000074505806, "path_data": {"edges": [[0, 1], [1, 2]], "verts": [[-0.13010549545288086, 0.0, 0.0], [0.0, 0.0, 0.0], [1.0, 0.0, 0.0]]}}'),$);
#10973=IFCPROPERTYSET('2fd1hvBCD2Lf_lNs2dxEtZ',$,'Pset_RailingCommon',$,(#10974));
#10974=IFCPROPERTYSINGLEVALUE('Height',$,IFCPOSITIVELENGTHMEASURE(1.),$);
#10998=IFCCARTESIANPOINT((0.,0.,0.));
#10999=IFCDIRECTION((1.,0.,0.));
#11000=IFCDIRECTION((0.,0.,1.));
#11001=IFCAXIS2PLACEMENT3D(#10998,#11000,#10999);
#11002=IFCREPRESENTATIONMAP(#11001,#11083);
#11047=IFCRAILING('0lkkGE4cn3vwpV5yJSn2ei',$,'Railing',$,'FRAMELESS_PANEL',#11239,#11056,$,.USERDEFINED.);
#11048=IFCRELDEFINESBYTYPE('1eXmyQoEDEYf5HPOGpmzEK',$,$,$,(#11047),#10970);
#11049=IFCCARTESIANPOINT((0.,0.,0.));
#11050=IFCDIRECTION((1.,0.,0.));
#11051=IFCDIRECTION((0.,1.,0.));
#11052=IFCDIRECTION((0.,0.,1.));
#11053=IFCCARTESIANTRANSFORMATIONOPERATOR3D(#11050,#11051,#11049,1.,#11052);
#11054=IFCMAPPEDITEM(#11002,#11053);
#11055=IFCSHAPEREPRESENTATION(#11,'Body','MappedRepresentation',(#11054));
#11056=IFCPRODUCTDEFINITIONSHAPE($,$,(#11055,#11099));
#11069=IFCINDEXEDPOLYGONALFACE((16,19,18,17));
#11070=IFCINDEXEDPOLYGONALFACE((20,23,22,21));
#11071=IFCINDEXEDPOLYGONALFACE((5,11,10,4,8,9));
#11072=IFCINDEXEDPOLYGONALFACE((7,15,14,6,12,13));
#11073=IFCINDEXEDPOLYGONALFACE((7,13,23,20,15));
#11074=IFCINDEXEDPOLYGONALFACE((5,9,19,16,11));
#11075=IFCINDEXEDPOLYGONALFACE((12,22,23,13));
#11076=IFCINDEXEDPOLYGONALFACE((14,21,22,12,6));
#11077=IFCINDEXEDPOLYGONALFACE((15,20,21,14));
#11078=IFCINDEXEDPOLYGONALFACE((11,16,17,10));
#11079=IFCINDEXEDPOLYGONALFACE((8,18,19,9));
#11080=IFCINDEXEDPOLYGONALFACE((4,10,17,18,8));
#11081=IFCCARTESIANPOINTLIST3D(((-0.13010549545288086,0.,0.),(0.,0.,0.),(1.,0.,0.),(-0.10510549694299698,0.,0.),(-0.025000002235174179,0.,0.),(0.02500000037252903,0.,0.),(0.97500002384185791,0.,0.),(-0.10510549694299698,0.02500000037252903,0.),(-0.025000002235174179,0.02500000037252903,0.),(-0.10510549694299698,-0.02500000037252903,0.),(-0.025000002235174179,-0.02500000037252903,0.),(0.02500000037252903,0.02500000037252903,0.),(0.97500002384185791,0.02500000037252903,0.),(0.02500000037252903,-0.02500000037252903,0.),(0.97500002384185791,-0.02500000037252903,0.),(-0.025000002235174179,-0.02500000037252903,1.),(-0.10510549694299698,-0.02500000037252903,1.),(-0.10510549694299698,0.02500000037252903,1.),(-0.025000002235174179,0.02500000037252903,1.),(0.97500002384185791,-0.02500000037252903,1.),(0.02500000037252903,-0.02500000037252903,1.),(0.02500000037252903,0.02500000037252903,1.),(0.97500002384185791,0.02500000037252903,1.)));
#11082=IFCPOLYGONALFACESET(#11081,.F.,(#11069,#11070,#11071,#11072,#11073,#11074,#11075,#11076,#11077,#11078,#11079,#11080),$);
#11083=IFCSHAPEREPRESENTATION(#11,'Body','Tessellation',(#11082));
#11085=IFCCARTESIANPOINT((-0.13010549545288086,-0.02500000037252903,0.));
#11086=IFCBOUNDINGBOX(#11085,1.1301054954528809,0.05000000074505806,1.);
#11087=IFCSHAPEREPRESENTATION(#13,'Box','BoundingBox',(#11086));
#11088=IFCCARTESIANPOINT((0.,0.,0.));
#11089=IFCDIRECTION((1.,0.,0.));
#11090=IFCDIRECTION((0.,0.,1.));
#11091=IFCAXIS2PLACEMENT3D(#11088,#11090,#11089);
#11092=IFCREPRESENTATIONMAP(#11091,#11087);
#11093=IFCCARTESIANPOINT((0.,0.,0.));
#11094=IFCDIRECTION((1.,0.,0.));
#11095=IFCDIRECTION((0.,1.,0.));
#11096=IFCDIRECTION((0.,0.,1.));
#11097=IFCCARTESIANTRANSFORMATIONOPERATOR3D(#11094,#11095,#11093,1.,#11096);
#11098=IFCMAPPEDITEM(#11092,#11097);
#11099=IFCSHAPEREPRESENTATION(#13,'Box','MappedRepresentation',(#11098));
#11100=IFCRAILINGTYPE('3UvV6DqpnAZeOD60_XOIin',$,'balcony-3',$,$,(#11101,#11103),(#11132,#11222),$,$,.USERDEFINED.);
#11101=IFCPROPERTYSET('21FxKM2yv9Dv6zY6nUvkDP',$,'BBIM_Railing',$,(#11102));
#11102=IFCPROPERTYSINGLEVALUE('Data',$,IFCTEXT('{"railing_type": "FRAMELESS_PANEL", "height": 1.0, "thickness": 0.05000000074505806, "spacing": 0.05000000074505806, "path_data": {"edges": [[0, 1], [1, 2]], "verts": [[-0.5250000953674316, -2.5918149049175554e-07, 0.0], [0.0, 0.0, 0.0], [1.0, 0.0, 0.0]]}}'),$);
#11103=IFCPROPERTYSET('2ASKpi_Yj8CAxpMwYBw79E',$,'Pset_RailingCommon',$,(#11104));
#11104=IFCPROPERTYSINGLEVALUE('Height',$,IFCPOSITIVELENGTHMEASURE(1.),$);
#11128=IFCCARTESIANPOINT((0.,0.,0.));
#11129=IFCDIRECTION((1.,0.,0.));
#11130=IFCDIRECTION((0.,0.,1.));
#11131=IFCAXIS2PLACEMENT3D(#11128,#11130,#11129);
#11132=IFCREPRESENTATIONMAP(#11131,#11213);
#11177=IFCRAILING('1sxxL7DYD4_w$VNWIQvgVO',$,'Railing',$,'FRAMELESS_PANEL',#11244,#11186,$,.USERDEFINED.);
#11178=IFCRELDEFINESBYTYPE('25GEmfzKr3pQgFK64nNZ9u',$,$,$,(#11177),#11100);
#11179=IFCCARTESIANPOINT((0.,0.,0.));
#11180=IFCDIRECTION((1.,0.,0.));
#11181=IFCDIRECTION((0.,1.,0.));
#11182=IFCDIRECTION((0.,0.,1.));
#11183=IFCCARTESIANTRANSFORMATIONOPERATOR3D(#11180,#11181,#11179,1.,#11182);
#11184=IFCMAPPEDITEM(#11132,#11183);
#11185=IFCSHAPEREPRESENTATION(#11,'Body','MappedRepresentation',(#11184));
#11186=IFCPRODUCTDEFINITIONSHAPE($,$,(#11185,#11229));
#11199=IFCINDEXEDPOLYGONALFACE((16,19,18,17));
#11200=IFCINDEXEDPOLYGONALFACE((20,23,22,21));
#11201=IFCINDEXEDPOLYGONALFACE((5,11,10,4,8,9));
#11202=IFCINDEXEDPOLYGONALFACE((7,15,14,6,12,13));
#11203=IFCINDEXEDPOLYGONALFACE((7,13,23,20,15));
#11204=IFCINDEXEDPOLYGONALFACE((5,9,19,16,11));
#11205=IFCINDEXEDPOLYGONALFACE((12,22,23,13));
#11206=IFCINDEXEDPOLYGONALFACE((14,21,22,12,6));
#11207=IFCINDEXEDPOLYGONALFACE((15,20,21,14));
#11208=IFCINDEXEDPOLYGONALFACE((11,16,17,10));
#11209=IFCINDEXEDPOLYGONALFACE((8,18,19,9));
#11210=IFCINDEXEDPOLYGONALFACE((4,10,17,18,8));
#11211=IFCCARTESIANPOINTLIST3D(((-0.52500009536743164,-2.5918149049175554E-07,0.),(0.,0.,0.),(1.,0.,0.),(-0.50000011920928955,-2.4683950528014975E-07,0.),(-0.02500000037252903,-1.2341972777107912E-08,0.),(0.02500000037252903,0.,0.),(0.97500002384185791,0.,0.),(-0.50000011920928955,0.024999752640724182,0.),(-0.025000013411045074,0.024999987334012985,0.),(-0.50000011920928955,-0.025000248104333878,0.),(-0.024999987334012985,-0.025000013411045074,0.),(0.02500000037252903,0.02500000037252903,0.),(0.97500002384185791,0.02500000037252903,0.),(0.02500000037252903,-0.02500000037252903,0.),(0.97500002384185791,-0.02500000037252903,0.),(-0.024999987334012985,-0.025000013411045074,1.),(-0.50000011920928955,-0.025000248104333878,1.),(-0.50000011920928955,0.024999752640724182,1.),(-0.025000013411045074,0.024999987334012985,1.),(0.97500002384185791,-0.02500000037252903,1.),(0.02500000037252903,-0.02500000037252903,1.),(0.02500000037252903,0.02500000037252903,1.),(0.97500002384185791,0.02500000037252903,1.)));
#11212=IFCPOLYGONALFACESET(#11211,.F.,(#11199,#11200,#11201,#11202,#11203,#11204,#11205,#11206,#11207,#11208,#11209,#11210),$);
#11213=IFCSHAPEREPRESENTATION(#11,'Body','Tessellation',(#11212));
#11215=IFCCARTESIANPOINT((-0.52500009536743164,-0.025000248104333878,0.));
#11216=IFCBOUNDINGBOX(#11215,1.5250000953674316,0.050000250339508057,1.);
#11217=IFCSHAPEREPRESENTATION(#13,'Box','BoundingBox',(#11216));
#11218=IFCCARTESIANPOINT((0.,0.,0.));
#11219=IFCDIRECTION((1.,0.,0.));
#11220=IFCDIRECTION((0.,0.,1.));
#11221=IFCAXIS2PLACEMENT3D(#11218,#11220,#11219);
#11222=IFCREPRESENTATIONMAP(#11221,#11217);
#11223=IFCCARTESIANPOINT((0.,0.,0.));
#11224=IFCDIRECTION((1.,0.,0.));
#11225=IFCDIRECTION((0.,1.,0.));
#11226=IFCDIRECTION((0.,0.,1.));
#11227=IFCCARTESIANTRANSFORMATIONOPERATOR3D(#11224,#11225,#11223,1.,#11226);
#11228=IFCMAPPEDITEM(#11222,#11227);
#11229=IFCSHAPEREPRESENTATION(#13,'Box','MappedRepresentation',(#11228));
#11230=IFCCARTESIANPOINT((-1.124285101890564,-3.0524530410766602,0.));
#11231=IFCDIRECTION((0.,0.,1.));
#11232=IFCDIRECTION((1.,0.,0.));
#11233=IFCAXIS2PLACEMENT3D(#11230,#11231,#11232);
#11234=IFCLOCALPLACEMENT(#3715,#11233);
#11235=IFCCARTESIANPOINT((-3.1198935508728027,-3.0524530410766602,0.));
#11236=IFCDIRECTION((0.,0.,1.));
#11237=IFCDIRECTION((1.,0.,0.));
#11238=IFCAXIS2PLACEMENT3D(#11235,#11236,#11237);
#11239=IFCLOCALPLACEMENT(#3715,#11238);
#11240=IFCCARTESIANPOINT((-3.2249991893768311,-2.5524530410766602,0.));
#11241=IFCDIRECTION((0.,0.,1.));
#11242=IFCDIRECTION((-4.3711388286737889E-08,0.99999999999999911,0.));
#11243=IFCAXIS2PLACEMENT3D(#11240,#11241,#11242);
#11244=IFCLOCALPLACEMENT(#3715,#11243);
#11245=IFCCOLUMNTYPE('3RB7BS41j2NfYGuickrgZ_',$,'Unnamed',$,$,$,$,$,$,.COLUMN.);
#11246=IFCMATERIALPROFILESET($,$,(#11248),$);
#11247=IFCRELASSOCIATESMATERIAL('0FjDWMfn52Ie8tq7i5Sb$F',$,$,$,(#11245),#11246);
#11248=IFCMATERIALPROFILE($,$,#98,#7649,$,$);
#11249=IFCCOLUMN('2wr93FWPX6Hh$b7Llk5Dcz',$,'Column',$,$,#11257,#11261,$,$);
#11250=IFCRELDEFINESBYTYPE('0fensIZXrFnvVU0GlrgnIg',$,$,$,(#11272,#11294,#11338,#11404,#11360,#11249,#11426,#11448,#11475,#11497,#11524,#11551),#11245);
#11251=IFCMATERIALPROFILESETUSAGE(#11246,5,$);
#11252=IFCRELASSOCIATESMATERIAL('1DAvv$7$z5qAV05MntOck5',$,$,$,(#11249),#11251);
#11253=IFCCARTESIANPOINT((0.21660508215427399,-2.5901062488555908,0.));
#11254=IFCDIRECTION((0.,0.,1.));
#11255=IFCDIRECTION((1.,0.,0.));
#11256=IFCAXIS2PLACEMENT3D(#11253,#11254,#11255);
#11257=IFCLOCALPLACEMENT(#79,#11256);
#11258=IFCCARTESIANPOINTLIST3D(((0.,0.,0.),(0.,0.,3.)));
#11259=IFCINDEXEDPOLYCURVE(#11258,$,.F.);
#11260=IFCSHAPEREPRESENTATION(#12,'Axis','Curve3D',(#11259));
#11261=IFCPRODUCTDEFINITIONSHAPE($,$,(#11260,#11268));
#11262=IFCCARTESIANPOINT((0.,0.,0.));
#11263=IFCDIRECTION((0.,0.,1.));
#11264=IFCDIRECTION((1.,0.,0.));
#11265=IFCAXIS2PLACEMENT3D(#11262,#11263,#11264);
#11266=IFCDIRECTION((0.,0.,1.));
#11267=IFCEXTRUDEDAREASOLID(#7649,#11265,#11266,3.);
#11268=IFCSHAPEREPRESENTATION(#11,'Body','SweptSolid',(#11267));
#11269=IFCPROPERTYSET('116pHVk3b9Hwziwwp1$VPy',$,'EPset_Parametric',$,(#11271));
#11270=IFCRELDEFINESBYPROPERTIES('3HEcoFzDHFpRhYJghEM4BO',$,$,$,(#11249),#11269);
#11271=IFCPROPERTYSINGLEVALUE('Engine',$,IFCLABEL('Bonsai.DumbProfile'),$);
#11272=IFCCOLUMN('2BkKFZ$2z2zetZ$kHAP_YJ',$,'Column',$,$,#11279,#11283,$,$);
#11273=IFCMATERIALPROFILESETUSAGE(#11246,5,$);
#11274=IFCRELASSOCIATESMATERIAL('1KkizWWL18xwTH9qu$$bJw',$,$,$,(#11272),#11273);
#11275=IFCCARTESIANPOINT((4.2266049385070801,-2.5901062488555908,0.));
#11276=IFCDIRECTION((0.,0.,1.));
#11277=IFCDIRECTION((1.,0.,0.));
#11278=IFCAXIS2PLACEMENT3D(#11275,#11276,#11277);
#11279=IFCLOCALPLACEMENT(#79,#11278);
#11280=IFCCARTESIANPOINTLIST3D(((0.,0.,0.),(0.,0.,3.)));
#11281=IFCINDEXEDPOLYCURVE(#11280,$,.F.);
#11282=IFCSHAPEREPRESENTATION(#12,'Axis','Curve3D',(#11281));
#11283=IFCPRODUCTDEFINITIONSHAPE($,$,(#11282,#11290));
#11284=IFCCARTESIANPOINT((0.,0.,0.));
#11285=IFCDIRECTION((0.,0.,1.));
#11286=IFCDIRECTION((1.,0.,0.));
#11287=IFCAXIS2PLACEMENT3D(#11284,#11285,#11286);
#11288=IFCDIRECTION((0.,0.,1.));
#11289=IFCEXTRUDEDAREASOLID(#7649,#11287,#11288,3.);
#11290=IFCSHAPEREPRESENTATION(#11,'Body','SweptSolid',(#11289));
#11291=IFCPROPERTYSET('1yQLSXoXHEVg5P89JgTGoB',$,'EPset_Parametric',$,(#11293));
#11292=IFCRELDEFINESBYPROPERTIES('0gqTRBBabExxom8BJ8nsm6',$,$,$,(#11272),#11291);
#11293=IFCPROPERTYSINGLEVALUE('Engine',$,IFCLABEL('Bonsai.DumbProfile'),$);
#11294=IFCCOLUMN('2eisB7jpb1F8juNzuc9Mzz',$,'Column',$,$,#11301,#11305,$,$);
#11295=IFCMATERIALPROFILESETUSAGE(#11246,5,$);
#11296=IFCRELASSOCIATESMATERIAL('0SuAARn1P4nfOrfsN$vl7E',$,$,$,(#11294),#11295);
#11297=IFCCARTESIANPOINT((4.2266068458557129,6.5098943710327148,0.));
#11298=IFCDIRECTION((0.,0.,1.));
#11299=IFCDIRECTION((1.,0.,0.));
#11300=IFCAXIS2PLACEMENT3D(#11297,#11298,#11299);
#11301=IFCLOCALPLACEMENT(#79,#11300);
#11302=IFCCARTESIANPOINTLIST3D(((0.,0.,0.),(0.,0.,3.)));
#11303=IFCINDEXEDPOLYCURVE(#11302,$,.F.);
#11304=IFCSHAPEREPRESENTATION(#12,'Axis','Curve3D',(#11303));
#11305=IFCPRODUCTDEFINITIONSHAPE($,$,(#11304,#11312));
#11306=IFCCARTESIANPOINT((0.,0.,0.));
#11307=IFCDIRECTION((0.,0.,1.));
#11308=IFCDIRECTION((1.,0.,0.));
#11309=IFCAXIS2PLACEMENT3D(#11306,#11307,#11308);
#11310=IFCDIRECTION((0.,0.,1.));
#11311=IFCEXTRUDEDAREASOLID(#7649,#11309,#11310,3.);
#11312=IFCSHAPEREPRESENTATION(#11,'Body','SweptSolid',(#11311));
#11313=IFCPROPERTYSET('2TNouhXWf0AwO2zf6QEDOt',$,'EPset_Parametric',$,(#11315));
#11314=IFCRELDEFINESBYPROPERTIES('2JPlhaP295QQgFYxxXBMcS',$,$,$,(#11294),#11313);
#11315=IFCPROPERTYSINGLEVALUE('Engine',$,IFCLABEL('Bonsai.DumbProfile'),$);
#11338=IFCCOLUMN('2IpFxu5RrDzuwD2PwZNQdH',$,'Column',$,$,#11345,#11349,$,$);
#11339=IFCMATERIALPROFILESETUSAGE(#11246,5,$);
#11340=IFCRELASSOCIATESMATERIAL('3DYOTY8qzBcgxr99W5U7$b',$,$,$,(#11338),#11339);
#11341=IFCCARTESIANPOINT((-2.7833952903747559,5.0298953056335449,0.));
#11342=IFCDIRECTION((0.,0.,1.));
#11343=IFCDIRECTION((1.,0.,0.));
#11344=IFCAXIS2PLACEMENT3D(#11341,#11342,#11343);
#11345=IFCLOCALPLACEMENT(#79,#11344);
#11346=IFCCARTESIANPOINTLIST3D(((0.,0.,0.),(0.,0.,3.)));
#11347=IFCINDEXEDPOLYCURVE(#11346,$,.F.);
#11348=IFCSHAPEREPRESENTATION(#12,'Axis','Curve3D',(#11347));
#11349=IFCPRODUCTDEFINITIONSHAPE($,$,(#11348,#11356));
#11350=IFCCARTESIANPOINT((0.,0.,0.));
#11351=IFCDIRECTION((0.,0.,1.));
#11352=IFCDIRECTION((1.,0.,0.));
#11353=IFCAXIS2PLACEMENT3D(#11350,#11351,#11352);
#11354=IFCDIRECTION((0.,0.,1.));
#11355=IFCEXTRUDEDAREASOLID(#7649,#11353,#11354,3.);
#11356=IFCSHAPEREPRESENTATION(#11,'Body','SweptSolid',(#11355));
#11357=IFCPROPERTYSET('1XryJ2Tgf6pujLaUGBSHiq',$,'EPset_Parametric',$,(#11359));
#11358=IFCRELDEFINESBYPROPERTIES('3u5e5zv411KuB4e2vdZDTE',$,$,$,(#11338),#11357);
#11359=IFCPROPERTYSINGLEVALUE('Engine',$,IFCLABEL('Bonsai.DumbProfile'),$);
#11360=IFCCOLUMN('3MKI_MrTr5agvTRTR8WUZy',$,'Column',$,$,#11367,#11371,$,$);
#11361=IFCMATERIALPROFILESETUSAGE(#11246,5,$);
#11362=IFCRELASSOCIATESMATERIAL('3suIYXIc13v8cDovPN1PTD',$,$,$,(#11360),#11361);
#11363=IFCCARTESIANPOINT((-2.7833943367004395,-0.090105056762695312,0.));
#11364=IFCDIRECTION((0.,0.,1.));
#11365=IFCDIRECTION((1.,0.,0.));
#11366=IFCAXIS2PLACEMENT3D(#11363,#11364,#11365);
#11367=IFCLOCALPLACEMENT(#79,#11366);
#11368=IFCCARTESIANPOINTLIST3D(((0.,0.,0.),(0.,0.,3.)));
#11369=IFCINDEXEDPOLYCURVE(#11368,$,.F.);
#11370=IFCSHAPEREPRESENTATION(#12,'Axis','Curve3D',(#11369));
#11371=IFCPRODUCTDEFINITIONSHAPE($,$,(#11370,#11378));
#11372=IFCCARTESIANPOINT((0.,0.,0.));
#11373=IFCDIRECTION((0.,0.,1.));
#11374=IFCDIRECTION((1.,0.,0.));
#11375=IFCAXIS2PLACEMENT3D(#11372,#11373,#11374);
#11376=IFCDIRECTION((0.,0.,1.));
#11377=IFCEXTRUDEDAREASOLID(#7649,#11375,#11376,3.);
#11378=IFCSHAPEREPRESENTATION(#11,'Body','SweptSolid',(#11377));
#11379=IFCPROPERTYSET('0mNqHA3K1FeO7_7Io7RIDV',$,'EPset_Parametric',$,(#11381));
#11380=IFCRELDEFINESBYPROPERTIES('0Vu3L5gV9Cn86TiGiFeSRp',$,$,$,(#11360),#11379);
#11381=IFCPROPERTYSINGLEVALUE('Engine',$,IFCLABEL('Bonsai.DumbProfile'),$);
#11404=IFCCOLUMN('2JQUVZEu9E1usmWU_ZfAlo',$,'Column',$,$,#11474,#11415,$,$);
#11405=IFCMATERIALPROFILESETUSAGE(#11246,5,$);
#11406=IFCRELASSOCIATESMATERIAL('1yVMD1PAnB38NL0MhVvZU0',$,$,$,(#11404),#11405);
#11412=IFCCARTESIANPOINTLIST3D(((0.,0.,0.),(0.,0.,3.)));
#11413=IFCINDEXEDPOLYCURVE(#11412,$,.F.);
#11414=IFCSHAPEREPRESENTATION(#12,'Axis','Curve3D',(#11413));
#11415=IFCPRODUCTDEFINITIONSHAPE($,$,(#11414,#11422));
#11416=IFCCARTESIANPOINT((0.,0.,0.));
#11417=IFCDIRECTION((0.,0.,1.));
#11418=IFCDIRECTION((1.,0.,0.));
#11419=IFCAXIS2PLACEMENT3D(#11416,#11417,#11418);
#11420=IFCDIRECTION((0.,0.,1.));
#11421=IFCEXTRUDEDAREASOLID(#7649,#11419,#11420,3.);
#11422=IFCSHAPEREPRESENTATION(#11,'Body','SweptSolid',(#11421));
#11423=IFCPROPERTYSET('1hcStElR5FRfKHxTmqnhod',$,'EPset_Parametric',$,(#11425));
#11424=IFCRELDEFINESBYPROPERTIES('1JJBlJphT8Xf_LQ95HVIjg',$,$,$,(#11404),#11423);
#11425=IFCPROPERTYSINGLEVALUE('Engine',$,IFCLABEL('Bonsai.DumbProfile'),$);
#11426=IFCCOLUMN('1PufTby5n0vwZ9dOM0Hn0c',$,'Column',$,$,#11577,#11437,$,$);
#11432=IFCRELASSOCIATESMATERIAL('2AdUXBmhP7ABzVbGmQO1UY',$,$,$,(#11426),#11433);
#11433=IFCMATERIALPROFILESETUSAGE(#11246,5,$);
#11434=IFCRELDEFINESBYPROPERTIES('0VQiOIv4fFyuL81xdDECjO',$,$,$,(#11426),#11435);
#11435=IFCPROPERTYSET('0FJA_tfuf56uy64obBaaFa',$,'EPset_Parametric',$,(#11436));
#11436=IFCPROPERTYSINGLEVALUE('Engine',$,IFCLABEL('Bonsai.DumbProfile'),$);
#11437=IFCPRODUCTDEFINITIONSHAPE($,$,(#11438,#11441));
#11438=IFCSHAPEREPRESENTATION(#12,'Axis','Curve3D',(#11439));
#11439=IFCINDEXEDPOLYCURVE(#11440,$,.F.);
#11440=IFCCARTESIANPOINTLIST3D(((0.,0.,0.),(0.,0.,3.)));
#11441=IFCSHAPEREPRESENTATION(#11,'Body','SweptSolid',(#11442));
#11442=IFCEXTRUDEDAREASOLID(#7649,#11443,#11447,3.);
#11443=IFCAXIS2PLACEMENT3D(#11444,#11445,#11446);
#11444=IFCCARTESIANPOINT((0.,0.,0.));
#11445=IFCDIRECTION((0.,0.,1.));
#11446=IFCDIRECTION((1.,0.,0.));
#11447=IFCDIRECTION((0.,0.,1.));
#11448=IFCCOLUMN('2i8isU0Lj2MxOaoXMxUnEl',$,'Column',$,$,#11582,#11459,$,$);
#11454=IFCRELDEFINESBYPROPERTIES('1y8MArhYr2i8RNUb7YKum7',$,$,$,(#11448),#11455);
#11455=IFCPROPERTYSET('13ze4X4sb4kOARoox9eKjV',$,'EPset_Parametric',$,(#11456));
#11456=IFCPROPERTYSINGLEVALUE('Engine',$,IFCLABEL('Bonsai.DumbProfile'),$);
#11457=IFCRELASSOCIATESMATERIAL('1e2p0Bb4fB4f8KM$7HVe13',$,$,$,(#11448),#11458);
#11458=IFCMATERIALPROFILESETUSAGE(#11246,5,$);
#11459=IFCPRODUCTDEFINITIONSHAPE($,$,(#11460,#11463));
#11460=IFCSHAPEREPRESENTATION(#12,'Axis','Curve3D',(#11461));
#11461=IFCINDEXEDPOLYCURVE(#11462,$,.F.);
#11462=IFCCARTESIANPOINTLIST3D(((0.,0.,0.),(0.,0.,3.)));
#11463=IFCSHAPEREPRESENTATION(#11,'Body','SweptSolid',(#11464));
#11464=IFCEXTRUDEDAREASOLID(#7649,#11465,#11469,3.);
#11465=IFCAXIS2PLACEMENT3D(#11466,#11467,#11468);
#11466=IFCCARTESIANPOINT((0.,0.,0.));
#11467=IFCDIRECTION((0.,0.,1.));
#11468=IFCDIRECTION((1.,0.,0.));
#11469=IFCDIRECTION((0.,0.,1.));
#11470=IFCCARTESIANPOINT((-2.7833952903747559,2.6598944664001465,0.));
#11471=IFCDIRECTION((0.,0.,1.));
#11472=IFCDIRECTION((1.,0.,0.));
#11473=IFCAXIS2PLACEMENT3D(#11470,#11471,#11472);
#11474=IFCLOCALPLACEMENT(#79,#11473);
#11475=IFCCOLUMN('1jdyFPOnf6v8kTl_GN33dM',$,'Column',$,$,#11587,#11486,$,$);
#11481=IFCRELDEFINESBYPROPERTIES('1aAwmRUkb64h1e_JxmuRq1',$,$,$,(#11475),#11482);
#11482=IFCPROPERTYSET('0WMZaEI2nAluRgcCiqGdFk',$,'EPset_Parametric',$,(#11483));
#11483=IFCPROPERTYSINGLEVALUE('Engine',$,IFCLABEL('Bonsai.DumbProfile'),$);
#11484=IFCRELASSOCIATESMATERIAL('1BmwwpdUL28eEDGcBMswg7',$,$,$,(#11475),#11485);
#11485=IFCMATERIALPROFILESETUSAGE(#11246,5,$);
#11486=IFCPRODUCTDEFINITIONSHAPE($,$,(#11487,#11490));
#11487=IFCSHAPEREPRESENTATION(#12,'Axis','Curve3D',(#11488));
#11488=IFCINDEXEDPOLYCURVE(#11489,$,.F.);
#11489=IFCCARTESIANPOINTLIST3D(((0.,0.,0.),(0.,0.,3.)));
#11490=IFCSHAPEREPRESENTATION(#11,'Body','SweptSolid',(#11491));
#11491=IFCEXTRUDEDAREASOLID(#7649,#11492,#11496,3.);
#11492=IFCAXIS2PLACEMENT3D(#11493,#11494,#11495);
#11493=IFCCARTESIANPOINT((0.,0.,0.));
#11494=IFCDIRECTION((0.,0.,1.));
#11495=IFCDIRECTION((1.,0.,0.));
#11496=IFCDIRECTION((0.,0.,1.));
#11497=IFCCOLUMN('0Gq9ke_cvDkuPtwYx5ur7T',$,'Column',$,$,#11523,#11508,$,$);
#11503=IFCRELDEFINESBYPROPERTIES('3XQt68hHzBIfh$HyP_CDO6',$,$,$,(#11497),#11504);
#11504=IFCPROPERTYSET('0$1HvwpfT0HgcCtBiDxuGE',$,'EPset_Parametric',$,(#11505));
#11505=IFCPROPERTYSINGLEVALUE('Engine',$,IFCLABEL('Bonsai.DumbProfile'),$);
#11506=IFCRELASSOCIATESMATERIAL('2_1BjGUNPBWOIVOl69x3SE',$,$,$,(#11497),#11507);
#11507=IFCMATERIALPROFILESETUSAGE(#11246,5,$);
#11508=IFCPRODUCTDEFINITIONSHAPE($,$,(#11509,#11512));
#11509=IFCSHAPEREPRESENTATION(#12,'Axis','Curve3D',(#11510));
#11510=IFCINDEXEDPOLYCURVE(#11511,$,.F.);
#11511=IFCCARTESIANPOINTLIST3D(((0.,0.,0.),(0.,0.,3.)));
#11512=IFCSHAPEREPRESENTATION(#11,'Body','SweptSolid',(#11513));
#11513=IFCEXTRUDEDAREASOLID(#7649,#11514,#11518,3.);
#11514=IFCAXIS2PLACEMENT3D(#11515,#11516,#11517);
#11515=IFCCARTESIANPOINT((0.,0.,0.));
#11516=IFCDIRECTION((0.,0.,1.));
#11517=IFCDIRECTION((1.,0.,0.));
#11518=IFCDIRECTION((0.,0.,1.));
#11519=IFCCARTESIANPOINT((0.21660508215427399,-0.090105056762695312,0.));
#11520=IFCDIRECTION((0.,0.,1.));
#11521=IFCDIRECTION((1.,0.,0.));
#11522=IFCAXIS2PLACEMENT3D(#11519,#11520,#11521);
#11523=IFCLOCALPLACEMENT(#79,#11522);
#11524=IFCCOLUMN('1DpQ9CuGLFdhlaX0VTySCr',$,'Column',$,$,#11550,#11535,$,$);
#11530=IFCRELASSOCIATESMATERIAL('344m32Yx98bRTSB8aAJGqe',$,$,$,(#11524),#11531);
#11531=IFCMATERIALPROFILESETUSAGE(#11246,5,$);
#11532=IFCRELDEFINESBYPROPERTIES('0GWwlzRl59KuO18wewTiWQ',$,$,$,(#11524),#11533);
#11533=IFCPROPERTYSET('2AYpe_h0HBjAi8ysunADew',$,'EPset_Parametric',$,(#11534));
#11534=IFCPROPERTYSINGLEVALUE('Engine',$,IFCLABEL('Bonsai.DumbProfile'),$);
#11535=IFCPRODUCTDEFINITIONSHAPE($,$,(#11536,#11539));
#11536=IFCSHAPEREPRESENTATION(#12,'Axis','Curve3D',(#11537));
#11537=IFCINDEXEDPOLYCURVE(#11538,$,.F.);
#11538=IFCCARTESIANPOINTLIST3D(((0.,0.,0.),(0.,0.,3.)));
#11539=IFCSHAPEREPRESENTATION(#11,'Body','SweptSolid',(#11540));
#11540=IFCEXTRUDEDAREASOLID(#7649,#11541,#11545,3.);
#11541=IFCAXIS2PLACEMENT3D(#11542,#11543,#11544);
#11542=IFCCARTESIANPOINT((0.,0.,0.));
#11543=IFCDIRECTION((0.,0.,1.));
#11544=IFCDIRECTION((1.,0.,0.));
#11545=IFCDIRECTION((0.,0.,1.));
#11546=IFCCARTESIANPOINT((0.21660508215427399,5.0298953056335449,0.));
#11547=IFCDIRECTION((0.,0.,1.));
#11548=IFCDIRECTION((1.,0.,0.));
#11549=IFCAXIS2PLACEMENT3D(#11546,#11547,#11548);
#11550=IFCLOCALPLACEMENT(#79,#11549);
#11551=IFCCOLUMN('2tNwBfiHj2QgKWEsR46N0X',$,'Column',$,$,#11592,#11562,$,$);
#11557=IFCRELASSOCIATESMATERIAL('3zZZefsxL5Cxu_FCefwdXE',$,$,$,(#11551),#11558);
#11558=IFCMATERIALPROFILESETUSAGE(#11246,5,$);
#11559=IFCRELDEFINESBYPROPERTIES('0Orkd1$6H5p8GnOYVULtPM',$,$,$,(#11551),#11560);
#11560=IFCPROPERTYSET('2N1m4GGeX2$gheCGNlgSnX',$,'EPset_Parametric',$,(#11561));
#11561=IFCPROPERTYSINGLEVALUE('Engine',$,IFCLABEL('Bonsai.DumbProfile'),$);
#11562=IFCPRODUCTDEFINITIONSHAPE($,$,(#11563,#11566));
#11563=IFCSHAPEREPRESENTATION(#12,'Axis','Curve3D',(#11564));
#11564=IFCINDEXEDPOLYCURVE(#11565,$,.F.);
#11565=IFCCARTESIANPOINTLIST3D(((0.,0.,0.),(0.,0.,3.)));
#11566=IFCSHAPEREPRESENTATION(#11,'Body','SweptSolid',(#11567));
#11567=IFCEXTRUDEDAREASOLID(#7649,#11568,#11572,3.);
#11568=IFCAXIS2PLACEMENT3D(#11569,#11570,#11571);
#11569=IFCCARTESIANPOINT((0.,0.,0.));
#11570=IFCDIRECTION((0.,0.,1.));
#11571=IFCDIRECTION((1.,0.,0.));
#11572=IFCDIRECTION((0.,0.,1.));
#11573=IFCCARTESIANPOINT((4.2266068458557129,5.0298953056335449,0.));
#11574=IFCDIRECTION((0.,0.,1.));
#11575=IFCDIRECTION((1.,0.,0.));
#11576=IFCAXIS2PLACEMENT3D(#11573,#11574,#11575);
#11577=IFCLOCALPLACEMENT(#79,#11576);
#11578=IFCCARTESIANPOINT((4.2266077995300293,-0.090105056762695312,0.));
#11579=IFCDIRECTION((0.,0.,1.));
#11580=IFCDIRECTION((1.,0.,0.));
#11581=IFCAXIS2PLACEMENT3D(#11578,#11579,#11580);
#11582=IFCLOCALPLACEMENT(#79,#11581);
#11583=IFCCARTESIANPOINT((4.2266068458557129,2.6598944664001465,0.));
#11584=IFCDIRECTION((0.,0.,1.));
#11585=IFCDIRECTION((1.,0.,0.));
#11586=IFCAXIS2PLACEMENT3D(#11583,#11584,#11585);
#11587=IFCLOCALPLACEMENT(#79,#11586);
#11588=IFCCARTESIANPOINT((0.21660508215427399,6.5098943710327148,0.));
#11589=IFCDIRECTION((0.,0.,1.));
#11590=IFCDIRECTION((1.,0.,0.));
#11591=IFCAXIS2PLACEMENT3D(#11588,#11589,#11590);
#11592=IFCLOCALPLACEMENT(#79,#11591);
#11593=IFCBEAMTYPE('1uKtDCg6b1jRClwE97Jf1J',$,'Unnamed',$,$,$,$,$,$,.BEAM.);
#11594=IFCMATERIALPROFILESET($,$,(#11596),$);
#11595=IFCRELASSOCIATESMATERIAL('3SPY9muDz0_9StbytYwCZ8',$,$,$,(#11593),#11594);
#11596=IFCMATERIALPROFILE($,$,#98,#7649,$,$);
#11597=IFCBEAM('0qj3LxplPBqhAbsmpgrmu8',$,'Beam',$,$,#11605,#11609,$,$);
#11598=IFCRELDEFINESBYTYPE('2jdy1BnUf3jhKOAPniK$aZ',$,$,$,(#11597,#11806,#11762,#11740,#11642,#11620,#11718,#11686),#11593);
#11599=IFCMATERIALPROFILESETUSAGE(#11594,7,$);
#11600=IFCRELASSOCIATESMATERIAL('3y$glSn6X6fgB_X9pDfX1f',$,$,$,(#11597),#11599);
#11601=IFCCARTESIANPOINT((4.4766068458557129,6.7598943710327148,3.));
#11602=IFCDIRECTION((-1.9868215635672537E-07,-0.99999999999997735,7.5497898658639684E-08));
#11603=IFCDIRECTION((0.99999999999998024,-1.9868215872520131E-07,0.));
#11604=IFCAXIS2PLACEMENT3D(#11601,#11602,#11603);
#11605=IFCLOCALPLACEMENT(#79,#11604);
#11606=IFCCARTESIANPOINTLIST3D(((0.,0.,0.),(0.,0.,9.6000001907350505)));
#11607=IFCINDEXEDPOLYCURVE(#11606,$,.F.);
#11608=IFCSHAPEREPRESENTATION(#12,'Axis','Curve3D',(#11607));
#11609=IFCPRODUCTDEFINITIONSHAPE($,$,(#11608,#11616));
#11610=IFCCARTESIANPOINT((-0.25,-0.25,0.));
#11611=IFCDIRECTION((0.,0.,1.));
#11612=IFCDIRECTION((1.,0.,0.));
#11613=IFCAXIS2PLACEMENT3D(#11610,#11611,#11612);
#11614=IFCDIRECTION((0.,0.,1.));
#11615=IFCEXTRUDEDAREASOLID(#7649,#11613,#11614,9.6000001907350505);
#11616=IFCSHAPEREPRESENTATION(#11,'Body','SweptSolid',(#11615));
#11617=IFCPROPERTYSET('0zEKVFIoXBaBgzZoA18L_f',$,'EPset_Parametric',$,(#11619));
#11618=IFCRELDEFINESBYPROPERTIES('0BLQAkZK9FFBoNjojv1AaV',$,$,$,(#11597),#11617);
#11619=IFCPROPERTYSINGLEVALUE('Engine',$,IFCLABEL('Bonsai.DumbProfile'),$);
#11620=IFCBEAM('2k8bA$CO98iwZGu8rBs72x',$,'Beam',$,$,#11627,#11631,$,$);
#11621=IFCMATERIALPROFILESETUSAGE(#11594,7,$);
#11622=IFCRELASSOCIATESMATERIAL('0uHrhqJvz10Rb0bk1Ychzu',$,$,$,(#11620),#11621);
#11623=IFCCARTESIANPOINT((0.46660506725311279,6.7598943710327148,3.));
#11624=IFCDIRECTION((0.,-0.99999999999999711,7.5497898658641179E-08));
#11625=IFCDIRECTION((1.,0.,0.));
#11626=IFCAXIS2PLACEMENT3D(#11623,#11624,#11625);
#11627=IFCLOCALPLACEMENT(#79,#11626);
#11628=IFCCARTESIANPOINTLIST3D(((0.,0.,0.),(0.,0.,9.6000001907348622)));
#11629=IFCINDEXEDPOLYCURVE(#11628,$,.F.);
#11630=IFCSHAPEREPRESENTATION(#12,'Axis','Curve3D',(#11629));
#11631=IFCPRODUCTDEFINITIONSHAPE($,$,(#11630,#11638));
#11632=IFCCARTESIANPOINT((-0.25,-0.25,0.));
#11633=IFCDIRECTION((0.,0.,1.));
#11634=IFCDIRECTION((1.,0.,0.));
#11635=IFCAXIS2PLACEMENT3D(#11632,#11633,#11634);
#11636=IFCDIRECTION((0.,0.,1.));
#11637=IFCEXTRUDEDAREASOLID(#7649,#11635,#11636,9.6000001907348622);
#11638=IFCSHAPEREPRESENTATION(#11,'Body','SweptSolid',(#11637));
#11639=IFCPROPERTYSET('37AO8yLXT6ovMYarHt_Tg_',$,'EPset_Parametric',$,(#11641));
#11640=IFCRELDEFINESBYPROPERTIES('2gkBTZh8jFmwvT5z5ah_ve',$,$,$,(#11620),#11639);
#11641=IFCPROPERTYSINGLEVALUE('Engine',$,IFCLABEL('Bonsai.DumbProfile'),$);
#11642=IFCBEAM('2e2L66m$D8lONfHutHVHph',$,'Beam',$,$,#11649,#11653,$,$);
#11643=IFCMATERIALPROFILESETUSAGE(#11594,7,$);
#11644=IFCRELASSOCIATESMATERIAL('3DOijtzXb6EuXaPaCmdCmf',$,$,$,(#11642),#11643);
#11645=IFCCARTESIANPOINT((-2.5333952903747559,5.2798953056335449,3.));
#11646=IFCDIRECTION((1.6969290629366795E-07,-0.99999999999998279,7.5497898658640094E-08));
#11647=IFCDIRECTION((0.99999999999998557,1.6969291039003774E-07,-1.0048591563601693E-14));
#11648=IFCAXIS2PLACEMENT3D(#11645,#11646,#11647);
#11649=IFCLOCALPLACEMENT(#79,#11648);
#11650=IFCCARTESIANPOINTLIST3D(((0.,0.,0.),(0.,0.,5.6200003551334525)));
#11651=IFCINDEXEDPOLYCURVE(#11650,$,.F.);
#11652=IFCSHAPEREPRESENTATION(#12,'Axis','Curve3D',(#11651));
#11653=IFCPRODUCTDEFINITIONSHAPE($,$,(#11652,#11660));
#11654=IFCCARTESIANPOINT((-0.25,-0.25,0.));
#11655=IFCDIRECTION((0.,0.,1.));
#11656=IFCDIRECTION((1.,0.,0.));
#11657=IFCAXIS2PLACEMENT3D(#11654,#11655,#11656);
#11658=IFCDIRECTION((0.,0.,1.));
#11659=IFCEXTRUDEDAREASOLID(#7649,#11657,#11658,5.6200003551334525);
#11660=IFCSHAPEREPRESENTATION(#11,'Body','SweptSolid',(#11659));
#11661=IFCPROPERTYSET('3bXJi50jvBcflM5vaMVoIb',$,'EPset_Parametric',$,(#11663));
#11662=IFCRELDEFINESBYPROPERTIES('1s$k_9jj58vuoV7hPWMIPr',$,$,$,(#11642),#11661);
#11663=IFCPROPERTYSINGLEVALUE('Engine',$,IFCLABEL('Bonsai.DumbProfile'),$);
#11686=IFCBEAM('255Txxnqf1WxaSqpOLC78r',$,'Beam',$,$,#11693,#11697,$,$);
#11687=IFCMATERIALPROFILESETUSAGE(#11594,7,$);
#11688=IFCRELASSOCIATESMATERIAL('3zsH9pNxT6oR5zOGsL9Ebc',$,$,$,(#11686),#11687);
#11689=IFCCARTESIANPOINT((4.4766068458557129,6.2598943710327148,3.));
#11690=IFCDIRECTION((-0.99999999999996214,-1.9470716428772842E-07,1.9470717849858483E-07));
#11691=IFCDIRECTION((1.9470717849858713E-07,-0.99999999999997391,1.1920928955077814E-07));
#11692=IFCAXIS2PLACEMENT3D(#11689,#11690,#11691);
#11693=IFCLOCALPLACEMENT(#79,#11692);
#11697=IFCPRODUCTDEFINITIONSHAPE($,$,(#11710,#11717));
#11705=IFCPROPERTYSET('0ndJ0tB_vARvk0aBdmasTc',$,'EPset_Parametric',$,(#11707));
#11706=IFCRELDEFINESBYPROPERTIES('3PkjWT_Qz8CeB0efUwNpYR',$,$,$,(#11686),#11705);
#11707=IFCPROPERTYSINGLEVALUE('Engine',$,IFCLABEL('Bonsai.DumbProfile'),$);
#11708=IFCCARTESIANPOINTLIST3D(((3.9951146391103975E-08,-4.1626435631769709E-09,2.3072203703122796E-07),(1.7629264448260074E-07,-1.0623973167867007E-07,4.5100016593933105)));
#11709=IFCINDEXEDPOLYCURVE(#11708,$,.F.);
#11710=IFCSHAPEREPRESENTATION(#12,'Axis','Curve3D',(#11709));
#11711=IFCCARTESIANPOINT((-0.25,-0.25,0.));
#11712=IFCDIRECTION((0.,0.,1.));
#11713=IFCDIRECTION((1.,0.,0.));
#11714=IFCAXIS2PLACEMENT3D(#11711,#11712,#11713);
#11715=IFCDIRECTION((0.,0.,1.));
#11716=IFCEXTRUDEDAREASOLID(#7649,#11714,#11715,4.5100016179050471);
#11717=IFCSHAPEREPRESENTATION(#11,'Body','SweptSolid',(#11716));
#11718=IFCBEAM('03S6WD16H4Fxg6pFTo8k7F',$,'Beam',$,$,#11832,#11729,$,$);
#11719=IFCMATERIALPROFILESETUSAGE(#11594,7,$);
#11720=IFCRELASSOCIATESMATERIAL('3WwUQf7ND9Oe8J5HZhIb_i',$,$,$,(#11718),#11719);
#11726=IFCCARTESIANPOINTLIST3D(((0.,0.,0.),(0.,0.,7.51000207893353)));
#11727=IFCINDEXEDPOLYCURVE(#11726,$,.F.);
#11728=IFCSHAPEREPRESENTATION(#12,'Axis','Curve3D',(#11727));
#11729=IFCPRODUCTDEFINITIONSHAPE($,$,(#11728,#11736));
#11730=IFCCARTESIANPOINT((-0.25,-0.25,0.));
#11731=IFCDIRECTION((0.,0.,1.));
#11732=IFCDIRECTION((1.,0.,0.));
#11733=IFCAXIS2PLACEMENT3D(#11730,#11731,#11732);
#11734=IFCDIRECTION((0.,0.,1.));
#11735=IFCEXTRUDEDAREASOLID(#7649,#11733,#11734,7.51000207893353);
#11736=IFCSHAPEREPRESENTATION(#11,'Body','SweptSolid',(#11735));
#11737=IFCPROPERTYSET('2dlhSeEXD0DeW2Ma99QLtD',$,'EPset_Parametric',$,(#11739));
#11738=IFCRELDEFINESBYPROPERTIES('0Ne4kQs5r4$hn9ZZVstzjP',$,$,$,(#11718),#11737);
#11739=IFCPROPERTYSINGLEVALUE('Engine',$,IFCLABEL('Bonsai.DumbProfile'),$);
#11740=IFCBEAM('0ClJiIvzf3JeGMNWswnI6Q',$,'Beam',$,$,#11747,#11751,$,$);
#11741=IFCMATERIALPROFILESETUSAGE(#11594,7,$);
#11742=IFCRELASSOCIATESMATERIAL('2RWIKBzDzEVA3IvByl4dTv',$,$,$,(#11740),#11741);
#11743=IFCCARTESIANPOINT((4.4766049385070801,-2.8401050567626953,3.0000007152557373));
#11744=IFCDIRECTION((-0.99999999999996214,-1.9470716428772842E-07,1.9470717849858483E-07));
#11745=IFCDIRECTION((1.9470717849858713E-07,-0.99999999999997391,1.1920928955077814E-07));
#11746=IFCAXIS2PLACEMENT3D(#11743,#11744,#11745);
#11747=IFCLOCALPLACEMENT(#79,#11746);
#11748=IFCCARTESIANPOINTLIST3D(((0.,0.,0.),(0.,0.,4.5099997147858186)));
#11749=IFCINDEXEDPOLYCURVE(#11748,$,.F.);
#11750=IFCSHAPEREPRESENTATION(#12,'Axis','Curve3D',(#11749));
#11751=IFCPRODUCTDEFINITIONSHAPE($,$,(#11750,#11758));
#11752=IFCCARTESIANPOINT((-0.25,-0.25,0.));
#11753=IFCDIRECTION((0.,0.,1.));
#11754=IFCDIRECTION((1.,0.,0.));
#11755=IFCAXIS2PLACEMENT3D(#11752,#11753,#11754);
#11756=IFCDIRECTION((0.,0.,1.));
#11757=IFCEXTRUDEDAREASOLID(#7649,#11755,#11756,4.5099997147858186);
#11758=IFCSHAPEREPRESENTATION(#11,'Body','SweptSolid',(#11757));
#11759=IFCPROPERTYSET('0FqHyNPBv6XfQGTQQxGQxz',$,'EPset_Parametric',$,(#11761));
#11760=IFCRELDEFINESBYPROPERTIES('3h0jxlPJH2SfgJ8vqiLOby',$,$,$,(#11740),#11759);
#11761=IFCPROPERTYSINGLEVALUE('Engine',$,IFCLABEL('Bonsai.DumbProfile'),$);
#11762=IFCBEAM('1ABs7sStPFQue7lrzP1r0v',$,'Beam',$,$,#11769,#11773,$,$);
#11763=IFCMATERIALPROFILESETUSAGE(#11594,7,$);
#11764=IFCRELASSOCIATESMATERIAL('0S4cP5uYL49QVeI1VkeJs3',$,$,$,(#11762),#11763);
#11765=IFCCARTESIANPOINT((-3.0333943367004395,0.15989494323730469,3.));
#11766=IFCDIRECTION((0.99999999999962197,-6.7154417777663053E-07,5.5233503743989558E-07));
#11767=IFCDIRECTION((6.7154434830699024E-07,0.9999999999997301,-2.9802319190244388E-07));
#11768=IFCAXIS2PLACEMENT3D(#11765,#11766,#11767);
#11769=IFCLOCALPLACEMENT(#79,#11768);
#11770=IFCCARTESIANPOINTLIST3D(((0.,0.,0.),(0.,0.,7.51000207893353)));
#11771=IFCINDEXEDPOLYCURVE(#11770,$,.F.);
#11772=IFCSHAPEREPRESENTATION(#12,'Axis','Curve3D',(#11771));
#11773=IFCPRODUCTDEFINITIONSHAPE($,$,(#11772,#11780));
#11774=IFCCARTESIANPOINT((-0.25,-0.25,0.));
#11775=IFCDIRECTION((0.,0.,1.));
#11776=IFCDIRECTION((1.,0.,0.));
#11777=IFCAXIS2PLACEMENT3D(#11774,#11775,#11776);
#11778=IFCDIRECTION((0.,0.,1.));
#11779=IFCEXTRUDEDAREASOLID(#7649,#11777,#11778,7.51000207893353);
#11780=IFCSHAPEREPRESENTATION(#11,'Body','SweptSolid',(#11779));
#11781=IFCPROPERTYSET('3c7O5Nw9fCBRbUsH2H7xim',$,'EPset_Parametric',$,(#11783));
#11782=IFCRELDEFINESBYPROPERTIES('11t3avq7n1G99mancVtBGr',$,$,$,(#11762),#11781);
#11783=IFCPROPERTYSINGLEVALUE('Engine',$,IFCLABEL('Bonsai.DumbProfile'),$);
#11806=IFCBEAM('3ty5np9OH6B8tCN5hfla53',$,'Beam',$,$,#11813,#11817,$,$);
#11807=IFCMATERIALPROFILESETUSAGE(#11594,7,$);
#11808=IFCRELASSOCIATESMATERIAL('0K2Hlhgm57O8JSqljfPe$l',$,$,$,(#11806),#11807);
#11809=IFCCARTESIANPOINT((4.4766058921813965,2.4106059074401855,3.0000002384185791));
#11810=IFCDIRECTION((-0.99999993143607679,0.00037030776398038194,-4.3711387895115402E-08));
#11811=IFCDIRECTION((-0.00037030776398038162,-0.99999993143607591,-5.9615678969963414E-08));
#11812=IFCAXIS2PLACEMENT3D(#11809,#11810,#11811);
#11813=IFCLOCALPLACEMENT(#79,#11812);
#11814=IFCCARTESIANPOINTLIST3D(((0.,0.,0.),(0.,0.,7.5100013238519434)));
#11815=IFCINDEXEDPOLYCURVE(#11814,$,.F.);
#11816=IFCSHAPEREPRESENTATION(#12,'Axis','Curve3D',(#11815));
#11817=IFCPRODUCTDEFINITIONSHAPE($,$,(#11816,#11824));
#11818=IFCCARTESIANPOINT((-0.25,-0.25,0.));
#11819=IFCDIRECTION((0.,0.,1.));
#11820=IFCDIRECTION((1.,0.,0.));
#11821=IFCAXIS2PLACEMENT3D(#11818,#11819,#11820);
#11822=IFCDIRECTION((0.,0.,1.));
#11823=IFCEXTRUDEDAREASOLID(#7649,#11821,#11822,7.5100013238519434);
#11824=IFCSHAPEREPRESENTATION(#11,'Body','SweptSolid',(#11823));
#11825=IFCPROPERTYSET('3YqqLS3NvFFQO_PW9qaN5u',$,'EPset_Parametric',$,(#11827));
#11826=IFCRELDEFINESBYPROPERTIES('0Wj4OCUYrAZx1Jy9goeI3p',$,$,$,(#11806),#11825);
#11827=IFCPROPERTYSINGLEVALUE('Engine',$,IFCLABEL('Bonsai.DumbProfile'),$);
#11828=IFCCARTESIANPOINT((-3.0333952903747559,5.2798953056335449,3.));
#11829=IFCDIRECTION((0.99999999999962208,-6.7154417138201184E-07,5.5233505236153228E-07));
#11830=IFCDIRECTION((6.7154434191234105E-07,0.99999999999973022,-2.9802319545516328E-07));
#11831=IFCAXIS2PLACEMENT3D(#11828,#11829,#11830);
#11832=IFCLOCALPLACEMENT(#79,#11831);
ENDSEC;
END-ISO-10303-21;
